{"protected": {"ver": "v1", "alg": "HS256", "iat": 1608146411.4958708}, "signature": "2512c256776cfbda057adc8cebafc7e1678fd2b6268d88e6bae2881e9d09f4a9", "payload": {"device_name": "2A:68:65:37:E0:6A:9D:38", "device_type": "MANUAL-CAPTURE", "interval_ms": 3.389830508474576, "sensors": [{"name": "u", "units": "N/A"}, {"name": "d", "units": "N/A"}, {"name": "l", "units": "N/A"}, {"name": "r", "units": "N/A"}], "values": [[20, 9, 9, 21], [25, 10, 11, 25], [33, 18, 24, 35], [50, 20, 40, 46], [71, 36, 67, 60], [101, 55, 103, 81], [134, 83, 137, 105], [166, 115, 170, 130], [184, 145, 194, 152], [215, 168, 233, 184], [255, 194, 255, 231], [255, 239, 255, 255], [255, 255, 254, 255], [181, 241, 141, 162], [58, 128, 37, 59], [8, 35, 4, 10], [4, 4, 4, 5], [4, 5, 4, 6], [5, 4, 4, 6], [7, 4, 3, 5], [5, 4, 3, 5], [4, 3, 4, 4], [4, 1, 4, 5], [6, 4, 4, 5], [5, 4, 4, 4], [4, 4, 3, 3], [4, 4, 4, 4], [8, 5, 3, 5], [4, 1, 4, 4], [7, 5, 4, 5], [3, 1, 4, 4], [4, 3, 2, 4], [4, 4, 3, 4], [5, 5, 3, 4], [6, 3, 4, 4], [4, 2, 4, 4], [4, 4, 4, 4], [6, 4, 5, 7], [4, 1, 4, 6], [4, 4, 2, 5], [5, 5, 3, 5], [5, 4, 4, 5], [5, 4, 4, 5], [5, 3, 4, 5], [6, 5, 5, 4], [4, 3, 2, 5], [5, 4, 3, 5], [6, 4, 4, 4]]}}