{"protected": {"ver": "v1", "alg": "HS256", "iat": 1608146411.5368736}, "signature": "ada50e5c6f24aa0a1b577b23069e9f1ff526c94ee98cc019f750b6f3d40fae07", "payload": {"device_name": "2A:68:65:37:E0:6A:9D:38", "device_type": "MANUAL-CAPTURE", "interval_ms": 3.389830508474576, "sensors": [{"name": "u", "units": "N/A"}, {"name": "d", "units": "N/A"}, {"name": "l", "units": "N/A"}, {"name": "r", "units": "N/A"}], "values": [[16, 7, 11, 19], [24, 11, 15, 18], [27, 18, 20, 28], [36, 17, 30, 35], [48, 26, 39, 45], [52, 36, 46, 48], [62, 43, 57, 57], [77, 51, 73, 65], [90, 66, 91, 80], [101, 79, 102, 88], [111, 88, 114, 99], [115, 105, 110, 103], [103, 113, 102, 97], [76, 102, 73, 75], [45, 77, 42, 50], [17, 46, 17, 27], [7, 21, 6, 12], [6, 10, 5, 6], [4, 5, 3, 5], [4, 3, 4, 6], [5, 4, 4, 6], [5, 5, 3, 5], [5, 5, 4, 5], [5, 4, 3, 5], [6, 4, 4, 7], [4, 4, 4, 5], [7, 4, 4, 5], [6, 5, 1, 3], [6, 4, 3, 5], [4, 3, 1, 4], [7, 4, 4, 5], [5, 3, 3, 5], [4, 2, 6, 6], [4, 3, 3, 5], [3, 3, 3, 3], [6, 3, 3, 4], [4, 4, 4, 5], [5, 4, 4, 4], [4, 1, 2, 5], [4, 4, 4, 4], [5, 6, 4, 7], [3, 3, 2, 2], [3, 3, 4, 4], [4, 4, 4, 7], [4, 3, 3, 5], [5, 2, 3, 5], [5, 4, 3, 3], [5, 4, 4, 6]]}}