{"protected": {"ver": "v1", "alg": "HS256", "iat": 1608146411.5198684}, "signature": "9bc323b8a61e21b548c5045b3f684cb833158a037f4c2d276f05df8fa48baf4c", "payload": {"device_name": "2A:68:65:37:E0:6A:9D:38", "device_type": "MANUAL-CAPTURE", "interval_ms": 3.389830508474576, "sensors": [{"name": "u", "units": "N/A"}, {"name": "d", "units": "N/A"}, {"name": "l", "units": "N/A"}, {"name": "r", "units": "N/A"}], "values": [[24, 11, 17, 19], [28, 15, 24, 26], [37, 21, 28, 31], [45, 27, 33, 37], [50, 31, 45, 45], [58, 41, 52, 53], [66, 47, 61, 60], [81, 55, 76, 69], [96, 68, 94, 82], [110, 86, 109, 95], [125, 96, 129, 109], [137, 112, 133, 115], [125, 125, 118, 108], [94, 118, 90, 86], [50, 88, 49, 55], [20, 53, 22, 29], [6, 22, 7, 11], [6, 7, 3, 6], [6, 3, 6, 5], [5, 3, 4, 5], [4, 3, 5, 4], [6, 4, 6, 6], [6, 3, 4, 5], [4, 3, 4, 7], [6, 4, 2, 2], [3, 2, 4, 4], [6, 3, 4, 4], [3, 3, 2, 4], [5, 6, 2, 4], [2, 2, 3, 4], [5, 3, 2, 4], [4, 2, 5, 7], [5, 4, 6, 8], [4, 2, 3, 5], [6, 3, 4, 4], [5, 5, 4, 5], [5, 4, 5, 5], [5, 4, 4, 7], [5, 5, 0, 2], [7, 6, 1, 5], [6, 5, 4, 5], [5, 2, 4, 5], [4, 5, 3, 4], [4, 4, 4, 4], [3, 3, 5, 5], [6, 4, 4, 5], [7, 5, 2, 3], [7, 4, 4, 4]]}}