{"protected": {"ver": "v1", "alg": "HS256", "iat": 1608146411.5348716}, "signature": "79cc8678d824d1b1f12329877571c61dbf2fca0ec324aa72ce2f5436dd67a00f", "payload": {"device_name": "2A:68:65:37:E0:6A:9D:38", "device_type": "MANUAL-CAPTURE", "interval_ms": 3.389830508474576, "sensors": [{"name": "u", "units": "N/A"}, {"name": "d", "units": "N/A"}, {"name": "l", "units": "N/A"}, {"name": "r", "units": "N/A"}], "values": [[32, 11, 20, 31], [48, 23, 35, 51], [63, 38, 50, 67], [83, 51, 67, 78], [93, 68, 84, 86], [114, 80, 106, 96], [133, 96, 133, 115], [143, 118, 144, 125], [161, 130, 165, 143], [178, 145, 171, 156], [158, 162, 142, 141], [109, 142, 93, 100], [48, 95, 40, 52], [11, 40, 10, 17], [5, 10, 5, 8], [5, 3, 4, 7], [8, 4, 3, 5], [4, 4, 4, 7], [5, 1, 4, 4], [5, 4, 3, 4], [5, 4, 4, 4], [6, 5, 2, 5], [6, 3, 3, 5], [6, 5, 4, 4], [5, 4, 4, 5], [4, 1, 4, 4], [9, 5, 4, 5], [7, 3, 3, 4], [8, 7, 4, 4], [4, 4, 4, 4], [4, 2, 2, 3], [6, 4, 4, 3], [7, 3, 2, 4], [5, 4, 4, 5], [4, 3, 4, 4], [4, 5, 3, 4], [4, 2, 4, 3], [3, 4, 4, 5], [3, 2, 2, 3], [7, 5, 4, 5], [4, 2, 3, 5], [5, 4, 2, 4], [5, 4, 4, 6], [5, 4, 3, 3], [6, 5, 5, 5], [6, 3, 4, 5], [4, 3, 3, 3], [4, 1, 3, 3]]}}