{"protected": {"ver": "v1", "alg": "HS256", "iat": 1608146411.4788702}, "signature": "5d8f62cfc6b6f818ee3ddb3e25ae98a7689cc38076979855dd1e09d30936100f", "payload": {"device_name": "2A:68:65:37:E0:6A:9D:38", "device_type": "MANUAL-CAPTURE", "interval_ms": 3.389830508474576, "sensors": [{"name": "u", "units": "N/A"}, {"name": "d", "units": "N/A"}, {"name": "l", "units": "N/A"}, {"name": "r", "units": "N/A"}], "values": [[24, 5, 13, 22], [40, 16, 24, 38], [51, 23, 36, 54], [59, 41, 41, 64], [68, 49, 57, 71], [83, 57, 73, 74], [107, 61, 108, 85], [143, 89, 150, 112], [178, 122, 192, 138], [208, 156, 230, 164], [237, 187, 255, 191], [255, 219, 255, 234], [255, 255, 255, 255], [255, 255, 255, 255], [255, 255, 255, 255], [214, 255, 156, 165], [43, 115, 25, 43], [6, 18, 4, 9], [5, 4, 2, 5], [7, 5, 5, 6], [7, 4, 2, 4], [4, 4, 4, 6], [5, 3, 5, 5], [7, 4, 4, 5], [4, 4, 4, 4], [6, 4, 4, 4], [6, 4, 3, 2], [5, 4, 4, 4], [3, 2, 3, 3], [5, 3, 3, 7], [3, 4, 4, 5], [5, 4, 3, 5], [5, 4, 4, 3], [6, 4, 1, 3], [6, 4, 4, 5], [3, 4, 1, 2], [5, 2, 5, 7], [4, 3, 1, 4], [5, 3, 5, 5], [4, 3, 3, 1], [4, 3, 4, 5], [4, 5, 4, 6], [5, 4, 4, 5], [5, 2, 3, 5], [5, 4, 4, 5], [8, 6, 3, 5], [4, 3, 4, 4], [4, 4, 2, 4]]}}