{"protected": {"ver": "v1", "alg": "HS256", "iat": 1608146411.4778702}, "signature": "7ea162621eaf03cc5c485b7aab32bff004dd3bf45299ecef1a9e92e9989a2dd7", "payload": {"device_name": "2A:68:65:37:E0:6A:9D:38", "device_type": "MANUAL-CAPTURE", "interval_ms": 3.389830508474576, "sensors": [{"name": "u", "units": "N/A"}, {"name": "d", "units": "N/A"}, {"name": "l", "units": "N/A"}, {"name": "r", "units": "N/A"}], "values": [[29, 9, 22, 26], [46, 14, 37, 45], [58, 37, 45, 60], [66, 51, 52, 70], [72, 53, 59, 71], [84, 55, 77, 76], [115, 68, 110, 95], [154, 99, 153, 128], [189, 133, 197, 157], [218, 167, 233, 183], [255, 200, 255, 220], [255, 238, 255, 255], [255, 255, 255, 255], [255, 255, 255, 255], [192, 255, 141, 152], [43, 110, 25, 39], [5, 18, 4, 7], [6, 6, 2, 4], [6, 3, 4, 4], [6, 4, 5, 5], [6, 5, 2, 4], [4, 4, 1, 4], [8, 5, 3, 4], [5, 3, 4, 6], [6, 5, 3, 4], [5, 4, 4, 5], [1, 0, 5, 4], [5, 3, 4, 4], [4, 5, 2, 4], [7, 7, 5, 5], [4, 3, 2, 4], [5, 5, 4, 5], [6, 3, 0, 3], [2, 4, 5, 5], [3, 0, 4, 4], [6, 4, 4, 6], [5, 3, 2, 4], [6, 4, 3, 4], [5, 3, 3, 4], [4, 4, 4, 4], [4, 4, 3, 4], [4, 4, 3, 5], [9, 4, 0, 3], [4, 4, 4, 4], [4, 3, 3, 5], [5, 4, 5, 4], [6, 2, 4, 6], [4, 3, 4, 5]]}}