{"protected": {"ver": "v1", "alg": "HS256", "iat": 1608146411.51487}, "signature": "f057a1c6e91ea6ebbe165f1b86f282e5f4642fe205e763bff7ac0d05a25e2ab1", "payload": {"device_name": "2A:68:65:37:E0:6A:9D:38", "device_type": "MANUAL-CAPTURE", "interval_ms": 3.389830508474576, "sensors": [{"name": "u", "units": "N/A"}, {"name": "d", "units": "N/A"}, {"name": "l", "units": "N/A"}, {"name": "r", "units": "N/A"}], "values": [[22, 6, 20, 21], [34, 14, 31, 30], [46, 27, 37, 37], [56, 33, 46, 45], [61, 44, 53, 52], [64, 49, 62, 57], [76, 56, 70, 65], [83, 64, 81, 74], [87, 74, 95, 82], [100, 84, 95, 86], [87, 90, 80, 80], [67, 83, 61, 67], [44, 66, 39, 49], [20, 44, 14, 25], [7, 21, 8, 13], [6, 8, 4, 7], [8, 5, 4, 7], [6, 4, 5, 6], [2, 3, 2, 6], [4, 3, 2, 4], [4, 4, 4, 4], [4, 4, 4, 5], [5, 4, 4, 5], [5, 3, 2, 5], [5, 3, 3, 4], [5, 4, 4, 5], [5, 3, 4, 4], [5, 6, 2, 5], [7, 4, 4, 4], [6, 4, 4, 4], [4, 3, 4, 7], [5, 5, 4, 5], [4, 3, 4, 4], [6, 4, 6, 8], [5, 3, 4, 4], [4, 2, 4, 4], [7, 4, 4, 6], [4, 2, 4, 5], [5, 3, 3, 4], [3, 0, 3, 6], [5, 2, 4, 5], [6, 4, 4, 4], [5, 3, 5, 6], [4, 1, 4, 4], [7, 6, 4, 5], [5, 3, 5, 5], [5, 4, 4, 4], [6, 4, 4, 6]]}}