{"protected": {"ver": "v1", "alg": "HS256", "iat": 1608146411.4828796}, "signature": "c2160db4f8fdb3147c0b2406732ff37d2480a93c45391b93d68dd11f0efce189", "payload": {"device_name": "2A:68:65:37:E0:6A:9D:38", "device_type": "MANUAL-CAPTURE", "interval_ms": 3.389830508474576, "sensors": [{"name": "u", "units": "N/A"}, {"name": "d", "units": "N/A"}, {"name": "l", "units": "N/A"}, {"name": "r", "units": "N/A"}], "values": [[23, 4, 20, 24], [42, 11, 37, 40], [61, 28, 49, 58], [73, 51, 62, 73], [84, 65, 73, 81], [88, 66, 80, 81], [100, 67, 96, 87], [128, 83, 125, 107], [160, 110, 162, 134], [180, 137, 186, 153], [199, 162, 210, 170], [241, 180, 255, 200], [255, 215, 255, 233], [255, 254, 252, 220], [177, 228, 150, 147], [63, 126, 48, 62], [6, 39, 9, 16], [5, 5, 4, 5], [6, 4, 3, 5], [5, 4, 2, 5], [5, 4, 1, 3], [5, 1, 4, 5], [4, 3, 3, 3], [7, 4, 4, 6], [6, 4, 3, 4], [8, 4, 4, 4], [4, 4, 4, 4], [6, 2, 3, 5], [5, 2, 3, 4], [4, 2, 3, 4], [4, 1, 5, 5], [4, 3, 4, 5], [5, 3, 3, 4], [6, 4, 4, 6], [6, 4, 4, 4], [4, 3, 3, 5], [5, 2, 3, 4], [4, 1, 4, 6], [4, 3, 2, 4], [4, 4, 2, 4], [7, 4, 4, 5], [7, 5, 4, 6], [6, 3, 3, 6], [5, 4, 4, 4], [6, 5, 4, 5], [5, 4, 2, 3], [5, 3, 5, 5], [3, 3, 4, 5]]}}