{"protected": {"ver": "v1", "alg": "HS256", "iat": 1608146411.5458708}, "signature": "9d3eb3d70be0895601c17f336bd94ecd497d16cbd22e71ad3d8edd3a9330c6f9", "payload": {"device_name": "2A:68:65:37:E0:6A:9D:38", "device_type": "MANUAL-CAPTURE", "interval_ms": 3.389830508474576, "sensors": [{"name": "u", "units": "N/A"}, {"name": "d", "units": "N/A"}, {"name": "l", "units": "N/A"}, {"name": "r", "units": "N/A"}], "values": [[20, 4, 13, 27], [41, 13, 20, 46], [56, 31, 27, 61], [67, 40, 44, 67], [86, 46, 82, 79], [133, 67, 134, 107], [178, 115, 190, 143], [223, 159, 238, 179], [254, 197, 255, 209], [255, 230, 255, 255], [255, 255, 255, 255], [255, 255, 255, 255], [240, 255, 153, 179], [41, 111, 20, 37], [7, 14, 2, 4], [7, 4, 3, 4], [4, 4, 4, 6], [7, 3, 4, 5], [7, 4, 3, 4], [5, 4, 2, 4], [5, 4, 2, 5], [4, 3, 4, 4], [6, 5, 4, 4], [4, 2, 2, 3], [6, 6, 4, 4], [4, 4, 3, 4], [5, 2, 4, 6], [5, 3, 4, 6], [4, 3, 4, 4], [5, 4, 3, 5], [4, 4, 3, 5], [6, 3, 4, 6], [4, 3, 2, 4], [4, 1, 4, 5], [5, 1, 6, 6], [6, 4, 2, 5], [7, 5, 4, 4], [3, 4, 4, 4], [4, 3, 3, 4], [3, 2, 4, 4], [5, 4, 4, 5], [4, 0, 4, 5], [6, 5, 2, 5], [7, 6, 4, 4], [6, 4, 1, 4], [2, 0, 5, 7], [5, 4, 0, 2], [5, 3, 1, 4]]}}