{"protected": {"ver": "v1", "alg": "HS256", "iat": 1608146411.4758737}, "signature": "d5f3534b5bc5df78b6118eb17eb87624c388b4cc93252564df86ecabc871de2b", "payload": {"device_name": "2A:68:65:37:E0:6A:9D:38", "device_type": "MANUAL-CAPTURE", "interval_ms": 3.389830508474576, "sensors": [{"name": "u", "units": "N/A"}, {"name": "d", "units": "N/A"}, {"name": "l", "units": "N/A"}, {"name": "r", "units": "N/A"}], "values": [[30, 8, 27, 21], [52, 13, 57, 41], [76, 41, 71, 55], [87, 66, 86, 68], [95, 73, 94, 81], [104, 79, 104, 95], [128, 87, 122, 114], [163, 111, 158, 141], [192, 143, 190, 166], [205, 170, 203, 179], [219, 182, 223, 191], [252, 195, 254, 215], [255, 217, 255, 248], [255, 251, 255, 249], [226, 252, 194, 194], [122, 186, 105, 114], [42, 102, 43, 55], [10, 39, 11, 18], [6, 13, 4, 5], [4, 4, 2, 3], [6, 4, 5, 5], [4, 2, 4, 7], [6, 4, 0, 3], [4, 3, 4, 7], [6, 3, 4, 4], [5, 3, 5, 5], [5, 4, 4, 4], [4, 3, 4, 5], [4, 4, 4, 4], [4, 5, 2, 2], [5, 4, 4, 5], [4, 4, 2, 3], [5, 3, 3, 6], [5, 4, 4, 6], [5, 4, 5, 6], [8, 4, 3, 4], [4, 3, 4, 5], [4, 2, 4, 5], [6, 5, 3, 4], [5, 3, 4, 5], [4, 3, 4, 6], [5, 2, 4, 4], [7, 4, 4, 7], [4, 4, 5, 7], [3, 2, 0, 2], [6, 4, 2, 4], [6, 2, 2, 4], [4, 4, 4, 5]]}}