{"protected": {"ver": "v1", "alg": "HS256", "iat": 1608146411.4918692}, "signature": "d438d8f36dc49317d07480c815a38c0d9e47ea3d313a4ff900cc16eb06c950de", "payload": {"device_name": "2A:68:65:37:E0:6A:9D:38", "device_type": "MANUAL-CAPTURE", "interval_ms": 3.389830508474576, "sensors": [{"name": "u", "units": "N/A"}, {"name": "d", "units": "N/A"}, {"name": "l", "units": "N/A"}, {"name": "r", "units": "N/A"}], "values": [[19, 9, 6, 18], [25, 12, 11, 26], [30, 14, 16, 32], [44, 18, 30, 42], [62, 28, 57, 57], [93, 45, 89, 75], [126, 77, 129, 105], [164, 111, 175, 136], [193, 149, 207, 161], [215, 177, 234, 185], [255, 203, 255, 221], [255, 233, 255, 255], [255, 255, 255, 255], [247, 255, 202, 221], [125, 197, 88, 115], [25, 78, 18, 31], [6, 13, 5, 9], [4, 4, 4, 5], [4, 3, 3, 4], [5, 4, 5, 5], [3, 4, 4, 4], [4, 4, 5, 6], [5, 4, 4, 4], [7, 5, 1, 4], [6, 4, 4, 5], [5, 3, 3, 5], [4, 4, 5, 5], [3, 3, 4, 5], [4, 2, 4, 4], [6, 4, 4, 5], [4, 4, 2, 4], [5, 4, 5, 4], [4, 3, 5, 5], [5, 3, 1, 3], [4, 2, 2, 4], [7, 6, 3, 6], [4, 5, 4, 5], [4, 3, 5, 4], [3, 2, 2, 4], [4, 3, 4, 6], [5, 4, 2, 4], [5, 2, 2, 3], [6, 3, 2, 2], [6, 4, 4, 5], [5, 5, 2, 3], [5, 3, 3, 5], [2, 0, 5, 7], [4, 4, 4, 4]]}}