{"protected": {"ver": "v1", "alg": "HS256", "iat": 1608146411.5478673}, "signature": "8d6f85b20063b19bf6bae2584b853b9d121969bb6194dcb90ca7a2b4b02640c2", "payload": {"device_name": "2A:68:65:37:E0:6A:9D:38", "device_type": "MANUAL-CAPTURE", "interval_ms": 3.389830508474576, "sensors": [{"name": "u", "units": "N/A"}, {"name": "d", "units": "N/A"}, {"name": "l", "units": "N/A"}, {"name": "r", "units": "N/A"}], "values": [[18, 9, 9, 18], [24, 11, 14, 21], [31, 15, 19, 29], [39, 20, 30, 36], [47, 30, 39, 41], [59, 36, 53, 50], [73, 46, 67, 60], [83, 58, 81, 74], [96, 74, 96, 86], [103, 84, 101, 95], [104, 97, 97, 94], [86, 98, 82, 86], [62, 86, 59, 66], [35, 64, 31, 43], [14, 38, 11, 19], [6, 16, 5, 9], [6, 7, 1, 4], [5, 4, 6, 5], [2, 1, 2, 4], [4, 4, 4, 5], [7, 4, 4, 6], [3, 4, 4, 5], [4, 4, 3, 4], [7, 4, 6, 8], [4, 4, 4, 4], [6, 4, 4, 5], [2, 1, 4, 5], [5, 3, 5, 6], [4, 1, 5, 5], [6, 3, 3, 4], [4, 4, 1, 3], [4, 4, 4, 4], [3, 1, 3, 3], [5, 3, 4, 5], [5, 4, 4, 5], [4, 3, 4, 4], [6, 4, 4, 4], [7, 4, 4, 4], [7, 4, 4, 5], [7, 5, 3, 2], [4, 5, 6, 9], [4, 3, 5, 4], [3, 3, 4, 3], [4, 3, 3, 5], [5, 4, 2, 2], [3, 2, 4, 7], [7, 5, 0, 2], [5, 5, 4, 4]]}}