{"protected": {"ver": "v1", "alg": "HS256", "iat": 1608146411.4858708}, "signature": "fd8bc8de281c6c49fc563cc661241a7a34b2d27af0dd421de1d91aa3718b7eaf", "payload": {"device_name": "2A:68:65:37:E0:6A:9D:38", "device_type": "MANUAL-CAPTURE", "interval_ms": 3.389830508474576, "sensors": [{"name": "u", "units": "N/A"}, {"name": "d", "units": "N/A"}, {"name": "l", "units": "N/A"}, {"name": "r", "units": "N/A"}], "values": [[18, 8, 15, 17], [21, 12, 16, 18], [25, 15, 21, 25], [32, 18, 27, 32], [43, 26, 34, 36], [44, 29, 38, 40], [53, 38, 47, 49], [62, 45, 56, 55], [72, 51, 72, 66], [85, 64, 84, 76], [100, 81, 107, 95], [125, 94, 127, 112], [139, 117, 136, 122], [132, 136, 131, 122], [103, 134, 103, 101], [56, 101, 57, 64], [18, 55, 18, 28], [4, 17, 4, 9], [4, 5, 2, 3], [4, 2, 4, 4], [5, 4, 4, 4], [5, 4, 1, 4], [4, 4, 5, 7], [5, 5, 3, 3], [4, 2, 3, 4], [5, 4, 4, 3], [6, 5, 1, 4], [4, 4, 4, 6], [4, 3, 4, 5], [6, 3, 4, 5], [5, 4, 4, 4], [5, 5, 4, 5], [4, 3, 3, 4], [7, 5, 4, 5], [6, 5, 4, 5], [4, 4, 5, 3], [3, 4, 4, 6], [5, 4, 3, 3], [4, 3, 4, 4], [7, 5, 4, 5], [6, 4, 4, 5], [5, 4, 5, 4], [4, 4, 5, 5], [5, 4, 6, 6], [4, 4, 4, 5], [5, 2, 4, 5], [4, 4, 4, 8], [6, 4, 5, 7]]}}