{"protected": {"ver": "v1", "alg": "HS256", "iat": 1608146411.5248706}, "signature": "58d6ab2b7bcf5c24f44503779a4569bc390ba931d2bc75ae8189ade690802cf1", "payload": {"device_name": "2A:68:65:37:E0:6A:9D:38", "device_type": "MANUAL-CAPTURE", "interval_ms": 3.389830508474576, "sensors": [{"name": "u", "units": "N/A"}, {"name": "d", "units": "N/A"}, {"name": "l", "units": "N/A"}, {"name": "r", "units": "N/A"}], "values": [[23, 11, 12, 22], [26, 13, 18, 27], [36, 19, 26, 33], [46, 26, 36, 39], [53, 32, 47, 47], [66, 44, 60, 54], [82, 53, 79, 65], [95, 67, 98, 79], [106, 83, 112, 93], [121, 98, 120, 101], [116, 108, 112, 106], [94, 108, 88, 88], [62, 92, 56, 64], [25, 58, 24, 36], [8, 28, 8, 13], [4, 8, 4, 7], [3, 2, 4, 4], [5, 3, 3, 4], [7, 6, 5, 7], [5, 4, 2, 5], [4, 6, 4, 4], [5, 4, 4, 6], [4, 3, 5, 4], [4, 0, 1, 4], [4, 2, 2, 3], [5, 1, 1, 3], [2, 4, 3, 4], [5, 3, 4, 6], [5, 4, 3, 5], [6, 4, 4, 4], [6, 3, 4, 4], [5, 3, 3, 5], [7, 7, 4, 5], [4, 1, 5, 4], [5, 3, 3, 4], [6, 5, 2, 2], [5, 4, 1, 4], [5, 4, 3, 3], [8, 5, 4, 5], [5, 4, 3, 3], [7, 4, 4, 5], [4, 4, 2, 5], [6, 4, 3, 3], [1, 2, 3, 5], [7, 5, 4, 5], [5, 4, 4, 4], [4, 3, 2, 2], [3, 3, 4, 5]]}}