{"protected": {"ver": "v1", "alg": "HS256", "iat": 1608146411.5428767}, "signature": "59ad1529b41f28869782a5f3a5789c3ed121243377a6167e7a4a9b6f973c5e10", "payload": {"device_name": "2A:68:65:37:E0:6A:9D:38", "device_type": "MANUAL-CAPTURE", "interval_ms": 3.389830508474576, "sensors": [{"name": "u", "units": "N/A"}, {"name": "d", "units": "N/A"}, {"name": "l", "units": "N/A"}, {"name": "r", "units": "N/A"}], "values": [[18, 10, 11, 17], [22, 9, 11, 18], [26, 14, 16, 20], [31, 18, 20, 26], [32, 18, 21, 27], [32, 21, 28, 32], [37, 25, 31, 35], [39, 30, 34, 39], [40, 33, 37, 39], [42, 38, 38, 43], [42, 40, 40, 43], [38, 39, 34, 38], [32, 39, 32, 35], [28, 37, 26, 30], [20, 31, 21, 26], [14, 25, 15, 22], [11, 22, 11, 17], [9, 18, 10, 14], [5, 10, 4, 10], [8, 8, 3, 10], [9, 7, 2, 10], [9, 6, 4, 7], [10, 5, 2, 6], [7, 5, 3, 8], [10, 9, 2, 10], [6, 8, 4, 5], [5, 5, 4, 6], [7, 7, 4, 10], [7, 6, 3, 4], [7, 4, 4, 5], [6, 5, 4, 5], [6, 5, 4, 4], [5, 5, 4, 6], [4, 2, 3, 4], [6, 4, 5, 5], [4, 3, 4, 6], [6, 5, 4, 6], [7, 4, 5, 5], [4, 5, 4, 4], [6, 4, 3, 6], [5, 3, 1, 3], [6, 4, 3, 3], [6, 4, 2, 4], [4, 2, 4, 4], [5, 4, 4, 6], [4, 3, 4, 4], [4, 4, 5, 4], [6, 8, 4, 4]]}}