{"protected": {"ver": "v1", "alg": "HS256", "iat": 1608146411.4888723}, "signature": "abdf10b2cb627565bdf80dfe90546968c2e50705b0a2260a7d4fd01261ffaeae", "payload": {"device_name": "2A:68:65:37:E0:6A:9D:38", "device_type": "MANUAL-CAPTURE", "interval_ms": 3.389830508474576, "sensors": [{"name": "u", "units": "N/A"}, {"name": "d", "units": "N/A"}, {"name": "l", "units": "N/A"}, {"name": "r", "units": "N/A"}], "values": [[21, 8, 14, 18], [29, 11, 22, 28], [35, 21, 27, 34], [46, 27, 36, 44], [57, 36, 48, 53], [66, 45, 62, 63], [83, 59, 78, 67], [108, 69, 103, 86], [129, 91, 129, 107], [142, 115, 146, 124], [163, 129, 176, 143], [198, 149, 201, 171], [204, 180, 195, 178], [171, 190, 156, 155], [102, 152, 87, 102], [32, 85, 26, 43], [7, 25, 5, 12], [6, 6, 2, 5], [5, 5, 5, 5], [5, 4, 4, 4], [3, 2, 3, 4], [7, 6, 5, 6], [6, 6, 3, 5], [6, 4, 4, 4], [5, 5, 1, 2], [5, 3, 2, 3], [5, 4, 4, 5], [4, 5, 4, 6], [5, 4, 4, 5], [4, 4, 2, 4], [8, 5, 1, 3], [4, 4, 4, 5], [5, 3, 3, 4], [2, 2, 4, 4], [4, 6, 4, 4], [5, 3, 4, 5], [4, 4, 4, 4], [4, 5, 3, 4], [5, 3, 4, 6], [5, 3, 4, 4], [5, 2, 3, 4], [6, 5, 3, 4], [4, 4, 3, 4], [4, 1, 3, 4], [4, 4, 1, 3], [7, 4, 3, 4], [6, 4, 3, 4], [5, 3, 5, 5]]}}