{"protected": {"ver": "v1", "alg": "HS256", "iat": 1608146411.5288732}, "signature": "2c372d5acd2cc8cd5ee49d6b77bc39df0ead92aaac3781253d6796af8895f627", "payload": {"device_name": "2A:68:65:37:E0:6A:9D:38", "device_type": "MANUAL-CAPTURE", "interval_ms": 3.389830508474576, "sensors": [{"name": "u", "units": "N/A"}, {"name": "d", "units": "N/A"}, {"name": "l", "units": "N/A"}, {"name": "r", "units": "N/A"}], "values": [[24, 8, 16, 21], [32, 14, 24, 32], [41, 23, 32, 38], [54, 32, 42, 48], [63, 41, 56, 60], [71, 49, 68, 67], [91, 62, 87, 77], [111, 76, 111, 95], [126, 100, 131, 114], [146, 116, 149, 129], [162, 132, 157, 141], [144, 147, 134, 129], [99, 131, 86, 94], [45, 88, 38, 51], [11, 37, 11, 18], [6, 9, 4, 5], [6, 4, 2, 4], [6, 6, 3, 4], [5, 4, 5, 6], [5, 1, 4, 6], [6, 4, 4, 4], [5, 4, 5, 4], [6, 3, 3, 4], [4, 2, 5, 5], [7, 6, 3, 3], [4, 4, 3, 5], [5, 4, 2, 4], [5, 4, 4, 6], [4, 1, 4, 6], [4, 4, 5, 4], [6, 5, 4, 5], [4, 2, 4, 6], [4, 2, 4, 6], [4, 3, 4, 4], [5, 4, 4, 6], [5, 4, 2, 4], [4, 2, 6, 7], [3, 0, 5, 6], [5, 5, 5, 7], [4, 4, 1, 2], [3, 3, 4, 7], [3, 2, 3, 4], [5, 4, 3, 5], [7, 5, 3, 4], [8, 4, 4, 6], [4, 2, 3, 6], [4, 2, 4, 5], [4, 3, 3, 3]]}}