{"protected": {"ver": "v1", "alg": "HS256", "iat": 1608146411.4738746}, "signature": "fa97a7e7e799eff67195b7addba7b3aede935cbf4003134160528a482967c05e", "payload": {"device_name": "2A:68:65:37:E0:6A:9D:38", "device_type": "MANUAL-CAPTURE", "interval_ms": 3.389830508474576, "sensors": [{"name": "u", "units": "N/A"}, {"name": "d", "units": "N/A"}, {"name": "l", "units": "N/A"}, {"name": "r", "units": "N/A"}], "values": [[25, 11, 19, 19], [32, 14, 28, 29], [48, 26, 40, 39], [59, 37, 53, 53], [70, 52, 64, 67], [83, 64, 76, 79], [102, 79, 95, 93], [110, 92, 115, 107], [132, 108, 133, 120], [135, 127, 129, 120], [106, 129, 94, 92], [47, 90, 42, 49], [8, 34, 9, 13], [11, 10, 4, 10], [8, 6, 4, 9], [8, 3, 3, 7], [6, 4, 4, 7], [6, 4, 4, 5], [4, 4, 5, 6], [4, 3, 3, 5], [4, 4, 4, 7], [4, 2, 6, 7], [4, 3, 4, 5], [3, 2, 3, 5], [3, 3, 4, 5], [5, 3, 3, 4], [5, 2, 2, 4], [4, 3, 5, 5], [6, 4, 5, 5], [7, 5, 4, 5], [6, 4, 1, 4], [5, 4, 2, 4], [7, 7, 3, 5], [5, 2, 4, 4], [4, 4, 5, 5], [9, 4, 6, 7], [5, 2, 7, 6], [3, 1, 4, 5], [4, 3, 4, 5], [6, 5, 4, 7], [5, 4, 4, 5], [6, 5, 4, 6], [6, 6, 2, 3], [5, 3, 4, 5], [4, 4, 3, 4], [4, 3, 5, 6], [4, 4, 0, 4], [4, 4, 4, 5]]}}