{"protected": {"ver": "v1", "alg": "HS256", "iat": 1608146411.4978673}, "signature": "72d2bb40798d1d77ba8b0bcff7568402605ab3f9425fd19bdc6e6efb05c498d7", "payload": {"device_name": "2A:68:65:37:E0:6A:9D:38", "device_type": "MANUAL-CAPTURE", "interval_ms": 3.389830508474576, "sensors": [{"name": "u", "units": "N/A"}, {"name": "d", "units": "N/A"}, {"name": "l", "units": "N/A"}, {"name": "r", "units": "N/A"}], "values": [[21, 4, 16, 17], [36, 9, 30, 25], [54, 22, 47, 43], [67, 39, 62, 55], [80, 55, 68, 63], [84, 64, 78, 72], [83, 67, 77, 72], [89, 69, 80, 78], [100, 71, 94, 88], [117, 82, 108, 94], [123, 100, 119, 106], [125, 107, 128, 115], [140, 115, 136, 121], [145, 125, 137, 125], [128, 134, 121, 116], [95, 120, 94, 94], [59, 96, 58, 63], [28, 61, 32, 39], [10, 34, 10, 17], [7, 15, 8, 11], [6, 8, 3, 6], [4, 3, 5, 5], [5, 2, 4, 6], [4, 2, 3, 3], [6, 2, 4, 5], [2, 2, 4, 5], [4, 3, 4, 6], [5, 4, 4, 4], [4, 3, 4, 6], [5, 3, 3, 4], [6, 4, 3, 4], [4, 2, 3, 5], [5, 3, 3, 4], [4, 0, 3, 4], [4, 3, 4, 4], [6, 5, 2, 3], [4, 4, 3, 5], [3, 3, 4, 5], [5, 4, 4, 2], [4, 4, 3, 4], [6, 4, 3, 4], [5, 3, 3, 5], [6, 4, 5, 7], [4, 4, 3, 4], [6, 4, 4, 5], [5, 3, 4, 6], [4, 3, 4, 6], [5, 4, 2, 3]]}}