{"protected": {"ver": "v1", "alg": "HS256", "iat": 1608146411.5158727}, "signature": "0b308819954a42cae6948f28c967d2bb993dd27b9e2838b70eb093aa00465b81", "payload": {"device_name": "2A:68:65:37:E0:6A:9D:38", "device_type": "MANUAL-CAPTURE", "interval_ms": 3.389830508474576, "sensors": [{"name": "u", "units": "N/A"}, {"name": "d", "units": "N/A"}, {"name": "l", "units": "N/A"}, {"name": "r", "units": "N/A"}], "values": [[20, 8, 17, 19], [28, 13, 19, 25], [35, 20, 30, 32], [50, 28, 45, 44], [61, 40, 57, 52], [72, 54, 71, 68], [77, 67, 71, 72], [69, 72, 60, 66], [53, 67, 46, 54], [28, 48, 24, 34], [12, 31, 10, 15], [5, 11, 4, 7], [5, 4, 4, 5], [4, 3, 4, 6], [6, 4, 2, 4], [5, 6, 4, 5], [5, 3, 3, 4], [3, 2, 2, 4], [6, 4, 4, 5], [4, 4, 4, 5], [4, 3, 3, 5], [8, 4, 3, 3], [4, 2, 4, 4], [5, 3, 4, 7], [7, 4, 5, 5], [5, 4, 5, 5], [4, 4, 2, 5], [4, 4, 2, 5], [5, 3, 2, 4], [3, 2, 6, 6], [4, 4, 3, 7], [6, 4, 1, 4], [4, 4, 3, 4], [7, 4, 3, 4], [4, 5, 4, 5], [4, 4, 5, 4], [7, 3, 4, 7], [3, 3, 2, 3], [4, 2, 2, 4], [4, 3, 4, 6], [5, 4, 4, 6], [5, 2, 4, 4], [4, 3, 3, 3], [7, 4, 4, 4], [6, 4, 3, 5], [4, 3, 4, 5], [7, 4, 6, 6], [4, 1, 4, 5]]}}