{"protected": {"ver": "v1", "alg": "HS256", "iat": 1608146411.5278683}, "signature": "cdd70dd0249c8ef62f52cc5de3a845d6aeedda058e38db344934384085657580", "payload": {"device_name": "2A:68:65:37:E0:6A:9D:38", "device_type": "MANUAL-CAPTURE", "interval_ms": 3.389830508474576, "sensors": [{"name": "u", "units": "N/A"}, {"name": "d", "units": "N/A"}, {"name": "l", "units": "N/A"}, {"name": "r", "units": "N/A"}], "values": [[17, 9, 12, 18], [23, 12, 18, 23], [31, 16, 23, 25], [36, 19, 31, 32], [39, 25, 36, 37], [46, 32, 42, 40], [55, 40, 48, 45], [64, 46, 59, 55], [67, 52, 63, 59], [68, 59, 63, 60], [58, 64, 53, 55], [48, 58, 46, 47], [32, 49, 32, 36], [19, 38, 23, 29], [9, 26, 11, 17], [6, 15, 7, 10], [4, 7, 3, 6], [5, 3, 4, 5], [6, 4, 4, 5], [4, 4, 4, 5], [8, 4, 5, 4], [4, 3, 7, 7], [7, 4, 5, 5], [7, 4, 4, 4], [6, 3, 5, 4], [5, 2, 3, 4], [6, 4, 5, 8], [8, 5, 4, 5], [6, 4, 4, 5], [5, 1, 4, 3], [6, 4, 3, 5], [8, 4, 3, 4], [5, 4, 2, 4], [4, 2, 3, 6], [8, 4, 4, 7], [4, 4, 4, 5], [7, 4, 2, 3], [4, 0, 4, 4], [5, 4, 4, 4], [7, 5, 3, 4], [4, 3, 4, 6], [4, 4, 5, 4], [4, 3, 3, 4], [5, 3, 4, 4], [5, 4, 3, 3], [6, 4, 4, 3], [6, 6, 4, 6], [7, 4, 4, 5]]}}