{"protected": {"ver": "v1", "alg": "HS256", "iat": 1608146411.4848666}, "signature": "9b96bce87c5be668eff8d18d8cbe9ecde3c5d1058528aacf1129e0b096104bc7", "payload": {"device_name": "2A:68:65:37:E0:6A:9D:38", "device_type": "MANUAL-CAPTURE", "interval_ms": 3.389830508474576, "sensors": [{"name": "u", "units": "N/A"}, {"name": "d", "units": "N/A"}, {"name": "l", "units": "N/A"}, {"name": "r", "units": "N/A"}], "values": [[20, 8, 14, 18], [25, 14, 20, 25], [29, 18, 25, 28], [41, 23, 32, 35], [47, 28, 44, 45], [53, 36, 50, 50], [64, 46, 59, 53], [79, 53, 80, 65], [94, 64, 94, 80], [107, 87, 113, 94], [127, 98, 137, 108], [158, 117, 163, 130], [164, 146, 164, 139], [131, 151, 124, 115], [71, 115, 64, 71], [25, 64, 20, 32], [9, 22, 5, 11], [4, 5, 4, 7], [7, 4, 3, 4], [4, 0, 5, 4], [5, 3, 5, 4], [6, 3, 3, 4], [4, 4, 4, 7], [7, 4, 2, 4], [4, 3, 4, 7], [4, 4, 4, 4], [5, 3, 4, 4], [4, 4, 6, 6], [7, 4, 2, 4], [4, 4, 4, 4], [4, 4, 3, 4], [4, 3, 4, 5], [5, 2, 4, 6], [5, 3, 2, 4], [4, 2, 5, 5], [6, 5, 4, 4], [4, 3, 4, 5], [7, 4, 4, 5], [6, 4, 4, 4], [6, 4, 4, 4], [4, 4, 5, 5], [4, 3, 4, 4], [4, 4, 3, 4], [4, 1, 5, 7], [6, 4, 3, 3], [7, 5, 3, 6], [5, 3, 3, 4], [7, 4, 4, 4]]}}