{"protected": {"ver": "v1", "alg": "HS256", "iat": 1608146411.5178716}, "signature": "dfbf171c7a876821d1082109c98af15f1b5a2e669b29f56132b7d7d93666fccd", "payload": {"device_name": "2A:68:65:37:E0:6A:9D:38", "device_type": "MANUAL-CAPTURE", "interval_ms": 3.389830508474576, "sensors": [{"name": "u", "units": "N/A"}, {"name": "d", "units": "N/A"}, {"name": "l", "units": "N/A"}, {"name": "r", "units": "N/A"}], "values": [[22, 6, 14, 19], [27, 10, 20, 26], [37, 20, 25, 32], [39, 24, 32, 37], [49, 29, 39, 43], [52, 34, 48, 49], [60, 40, 54, 52], [72, 46, 70, 60], [86, 55, 83, 71], [98, 71, 99, 80], [110, 85, 113, 93], [123, 94, 125, 105], [131, 115, 128, 110], [113, 118, 109, 101], [80, 106, 78, 76], [45, 79, 42, 50], [16, 45, 18, 27], [7, 19, 8, 12], [4, 5, 3, 5], [8, 5, 6, 9], [4, 4, 2, 5], [4, 5, 2, 3], [6, 4, 4, 6], [6, 4, 4, 4], [6, 5, 4, 6], [5, 4, 1, 3], [4, 3, 4, 6], [5, 3, 4, 6], [4, 2, 3, 5], [3, 1, 3, 4], [6, 4, 4, 5], [5, 4, 3, 4], [5, 3, 4, 5], [5, 3, 5, 4], [6, 5, 2, 4], [4, 3, 2, 5], [5, 3, 3, 4], [6, 4, 3, 4], [4, 3, 5, 7], [4, 3, 2, 4], [5, 3, 4, 5], [4, 4, 3, 4], [6, 4, 3, 4], [4, 4, 2, 3], [5, 4, 5, 6], [5, 6, 2, 4], [6, 4, 0, 2], [5, 4, 4, 5]]}}