{"protected": {"ver": "v1", "alg": "HS256", "iat": 1608146411.5208669}, "signature": "90a79c482172b7eaf6c3635aed19b85c12b7009309dacc0d451f28d4c197493a", "payload": {"device_name": "2A:68:65:37:E0:6A:9D:38", "device_type": "MANUAL-CAPTURE", "interval_ms": 3.389830508474576, "sensors": [{"name": "u", "units": "N/A"}, {"name": "d", "units": "N/A"}, {"name": "l", "units": "N/A"}, {"name": "r", "units": "N/A"}], "values": [[24, 10, 15, 21], [29, 16, 22, 30], [34, 21, 29, 34], [46, 26, 38, 42], [53, 32, 46, 47], [62, 41, 58, 52], [80, 48, 77, 59], [93, 64, 97, 78], [107, 83, 112, 92], [118, 95, 130, 105], [138, 108, 142, 116], [136, 127, 133, 117], [112, 127, 104, 102], [73, 103, 67, 74], [32, 69, 32, 44], [10, 32, 7, 18], [8, 13, 6, 11], [5, 4, 7, 8], [5, 4, 2, 2], [5, 4, 4, 4], [5, 3, 4, 4], [6, 4, 3, 4], [5, 5, 2, 3], [5, 4, 3, 5], [6, 5, 4, 3], [6, 5, 6, 3], [6, 5, 2, 4], [4, 5, 5, 6], [4, 4, 2, 5], [4, 3, 4, 4], [4, 4, 2, 3], [6, 6, 4, 6], [4, 2, 5, 6], [4, 4, 5, 5], [6, 5, 2, 3], [6, 4, 4, 4], [5, 2, 4, 6], [6, 4, 4, 5], [5, 5, 3, 3], [4, 0, 1, 4], [4, 4, 5, 5], [7, 6, 3, 4], [5, 4, 3, 7], [6, 4, 4, 4], [2, 1, 5, 5], [5, 3, 4, 5], [5, 5, 4, 3], [6, 3, 4, 4]]}}