{"protected": {"ver": "v1", "alg": "HS256", "iat": 1608146411.5378666}, "signature": "5430c4a481b686a78b73b6d83e6af7df1207d372a4e71dbba7c0d589c1c5e408", "payload": {"device_name": "2A:68:65:37:E0:6A:9D:38", "device_type": "MANUAL-CAPTURE", "interval_ms": 3.389830508474576, "sensors": [{"name": "u", "units": "N/A"}, {"name": "d", "units": "N/A"}, {"name": "l", "units": "N/A"}, {"name": "r", "units": "N/A"}], "values": [[16, 6, 14, 17], [25, 13, 18, 23], [29, 15, 22, 25], [38, 20, 32, 35], [45, 28, 36, 39], [48, 34, 42, 46], [53, 38, 52, 52], [63, 45, 61, 57], [74, 56, 72, 65], [82, 67, 82, 73], [82, 74, 84, 77], [81, 83, 79, 79], [68, 82, 66, 69], [53, 75, 51, 55], [31, 57, 32, 40], [15, 40, 16, 24], [8, 20, 7, 11], [6, 8, 4, 6], [4, 5, 4, 6], [5, 5, 4, 6], [4, 4, 2, 5], [4, 3, 5, 6], [3, 2, 3, 4], [6, 4, 4, 4], [4, 3, 4, 5], [4, 2, 4, 6], [4, 1, 3, 5], [5, 4, 4, 5], [4, 4, 4, 5], [7, 5, 3, 5], [6, 4, 0, 0], [5, 4, 4, 5], [3, 3, 4, 4], [5, 4, 4, 4], [4, 3, 4, 5], [7, 6, 3, 5], [4, 4, 5, 7], [4, 3, 4, 6], [4, 3, 4, 5], [7, 7, 4, 5], [7, 5, 4, 5], [4, 4, 4, 4], [6, 5, 2, 5], [2, 2, 1, 4], [6, 2, 3, 4], [4, 4, 3, 3], [5, 4, 6, 7], [5, 4, 2, 4]]}}