{"protected": {"ver": "v1", "alg": "HS256", "iat": 1608146411.5258715}, "signature": "62a6daa919d8a3b55a941e85cdb04b8c916eb32e2c45d56a5cab5394ff05f03c", "payload": {"device_name": "2A:68:65:37:E0:6A:9D:38", "device_type": "MANUAL-CAPTURE", "interval_ms": 3.389830508474576, "sensors": [{"name": "u", "units": "N/A"}, {"name": "d", "units": "N/A"}, {"name": "l", "units": "N/A"}, {"name": "r", "units": "N/A"}], "values": [[18, 8, 14, 18], [22, 11, 17, 24], [27, 13, 21, 28], [39, 18, 31, 35], [46, 28, 38, 38], [55, 35, 50, 47], [66, 43, 60, 52], [72, 50, 70, 61], [82, 65, 79, 69], [83, 72, 83, 74], [85, 81, 80, 75], [70, 79, 68, 70], [53, 72, 52, 56], [32, 55, 32, 40], [16, 40, 18, 25], [8, 18, 7, 14], [8, 10, 5, 7], [4, 5, 3, 5], [5, 4, 4, 3], [5, 3, 4, 6], [5, 5, 4, 4], [3, 2, 3, 4], [6, 4, 3, 4], [5, 4, 5, 4], [4, 1, 5, 6], [4, 4, 4, 8], [4, 4, 5, 5], [6, 2, 3, 4], [3, 1, 4, 5], [5, 5, 5, 7], [5, 3, 4, 4], [5, 4, 6, 6], [3, 4, 3, 4], [6, 4, 4, 6], [3, 3, 4, 6], [4, 3, 4, 4], [6, 4, 5, 5], [4, 2, 4, 4], [5, 5, 1, 4], [6, 3, 4, 5], [4, 4, 2, 6], [5, 4, 2, 5], [5, 3, 4, 5], [5, 2, 3, 4], [7, 5, 5, 5], [2, 1, 3, 5], [3, 1, 4, 4], [4, 3, 4, 4]]}}