{"protected": {"ver": "v1", "alg": "HS256", "iat": 1608146411.5498667}, "signature": "d1e877f7cc57fbb11dcfded14c4e24491a65b28a8ce29ef9a4d0404a3961ae32", "payload": {"device_name": "2A:68:65:37:E0:6A:9D:38", "device_type": "MANUAL-CAPTURE", "interval_ms": 3.389830508474576, "sensors": [{"name": "u", "units": "N/A"}, {"name": "d", "units": "N/A"}, {"name": "l", "units": "N/A"}, {"name": "r", "units": "N/A"}], "values": [[25, 8, 19, 22], [38, 11, 32, 32], [54, 29, 45, 46], [63, 42, 55, 54], [71, 53, 63, 65], [76, 59, 72, 70], [78, 61, 75, 74], [87, 66, 80, 77], [105, 70, 99, 91], [125, 84, 119, 106], [139, 105, 135, 122], [153, 125, 149, 136], [177, 136, 175, 155], [208, 153, 205, 181], [226, 180, 208, 193], [202, 201, 184, 180], [150, 184, 136, 140], [80, 135, 75, 83], [25, 73, 28, 39], [8, 30, 7, 14], [7, 11, 5, 5], [5, 3, 3, 5], [5, 3, 3, 4], [4, 4, 4, 6], [5, 3, 1, 6], [6, 5, 3, 6], [4, 3, 4, 4], [5, 2, 2, 3], [6, 5, 4, 4], [5, 4, 4, 5], [7, 4, 4, 4], [5, 3, 2, 4], [4, 2, 4, 4], [4, 3, 2, 4], [5, 4, 4, 4], [5, 5, 4, 5], [4, 4, 4, 4], [6, 5, 5, 5], [3, 3, 3, 4], [2, 2, 1, 4], [5, 4, 4, 4], [6, 5, 4, 4], [4, 1, 4, 4], [4, 1, 4, 6], [5, 5, 3, 4], [5, 4, 5, 5], [5, 4, 2, 5], [4, 3, 1, 4]]}}