{"protected": {"ver": "v1", "alg": "HS256", "iat": 1608146411.5078743}, "signature": "254ee563259a0b026a711bed0e17cd326eff704d15cd40ef26d9b8827f4f6e85", "payload": {"device_name": "2A:68:65:37:E0:6A:9D:38", "device_type": "MANUAL-CAPTURE", "interval_ms": 3.389830508474576, "sensors": [{"name": "u", "units": "N/A"}, {"name": "d", "units": "N/A"}, {"name": "l", "units": "N/A"}, {"name": "r", "units": "N/A"}], "values": [[18, 9, 13, 16], [22, 10, 14, 18], [27, 14, 22, 24], [35, 20, 29, 31], [39, 23, 33, 34], [45, 32, 42, 45], [53, 35, 44, 45], [57, 43, 52, 50], [63, 47, 60, 54], [69, 53, 68, 62], [77, 62, 79, 73], [80, 68, 77, 74], [80, 78, 75, 75], [68, 75, 64, 68], [54, 73, 55, 59], [40, 63, 39, 46], [25, 47, 24, 35], [12, 33, 15, 23], [8, 19, 8, 13], [5, 8, 4, 7], [5, 4, 4, 6], [7, 5, 0, 4], [7, 4, 4, 8], [8, 5, 0, 6], [6, 5, 4, 9], [5, 4, 4, 5], [5, 3, 5, 6], [5, 6, 4, 7], [4, 5, 3, 4], [6, 4, 4, 6], [5, 2, 4, 5], [6, 4, 3, 3], [4, 4, 6, 5], [4, 4, 4, 4], [4, 4, 4, 7], [4, 2, 2, 4], [3, 4, 3, 5], [4, 1, 3, 3], [4, 3, 7, 7], [5, 4, 3, 5], [6, 4, 4, 6], [5, 4, 2, 8], [5, 4, 5, 7], [5, 4, 4, 4], [4, 4, 3, 5], [4, 2, 4, 5], [6, 3, 2, 7], [4, 4, 3, 4]]}}