{"protected": {"ver": "v1", "alg": "HS256", "iat": 1608146411.5168731}, "signature": "1c4fd6efd6e7c0645be9c38ed4b6d3fc3b0237e559206df67f8076302ea38dab", "payload": {"device_name": "2A:68:65:37:E0:6A:9D:38", "device_type": "MANUAL-CAPTURE", "interval_ms": 3.389830508474576, "sensors": [{"name": "u", "units": "N/A"}, {"name": "d", "units": "N/A"}, {"name": "l", "units": "N/A"}, {"name": "r", "units": "N/A"}], "values": [[19, 4, 14, 16], [28, 9, 21, 26], [37, 20, 28, 33], [44, 29, 39, 44], [54, 37, 46, 50], [63, 42, 59, 58], [69, 49, 66, 59], [84, 57, 80, 68], [108, 70, 109, 87], [130, 95, 134, 104], [141, 115, 152, 119], [171, 131, 186, 141], [211, 156, 222, 170], [216, 188, 214, 172], [169, 194, 161, 141], [86, 138, 76, 81], [24, 70, 21, 32], [8, 19, 1, 7], [5, 8, 5, 7], [3, 4, 6, 6], [4, 4, 4, 6], [6, 4, 3, 4], [6, 3, 4, 4], [5, 4, 3, 4], [5, 4, 4, 4], [7, 7, 2, 5], [5, 3, 2, 4], [5, 4, 4, 4], [4, 3, 3, 4], [5, 3, 3, 4], [7, 5, 1, 2], [4, 3, 4, 4], [6, 3, 3, 4], [5, 4, 4, 7], [5, 4, 4, 5], [4, 4, 2, 5], [4, 2, 4, 6], [8, 4, 4, 3], [4, 3, 4, 4], [2, 2, 3, 4], [5, 4, 6, 6], [2, 3, 3, 4], [5, 4, 4, 4], [6, 4, 1, 4], [5, 5, 4, 4], [4, 3, 6, 6], [4, 4, 4, 4], [6, 5, 3, 4]]}}