{"protected": {"ver": "v1", "alg": "HS256", "iat": 1608146411.5038702}, "signature": "5893ddc3d8e1cc47202665f4d8db75acbe91268402b65e92d596bb731cff28cc", "payload": {"device_name": "2A:68:65:37:E0:6A:9D:38", "device_type": "MANUAL-CAPTURE", "interval_ms": 3.389830508474576, "sensors": [{"name": "u", "units": "N/A"}, {"name": "d", "units": "N/A"}, {"name": "l", "units": "N/A"}, {"name": "r", "units": "N/A"}], "values": [[18, 10, 11, 13], [19, 10, 16, 18], [26, 16, 18, 21], [29, 18, 23, 26], [33, 22, 27, 30], [39, 26, 34, 36], [46, 30, 37, 37], [48, 33, 44, 42], [52, 39, 46, 46], [47, 44, 43, 45], [43, 47, 40, 44], [36, 45, 34, 39], [29, 42, 28, 32], [21, 34, 18, 24], [11, 25, 11, 19], [6, 15, 6, 11], [3, 5, 4, 9], [4, 5, 4, 8], [6, 5, 5, 6], [5, 3, 4, 4], [6, 6, 4, 5], [8, 6, 3, 4], [4, 3, 6, 6], [5, 5, 1, 1], [4, 3, 4, 5], [6, 4, 2, 4], [5, 4, 6, 5], [1, 1, 5, 5], [4, 6, 3, 5], [5, 3, 3, 5], [4, 4, 5, 6], [4, 2, 4, 4], [4, 0, 4, 5], [6, 6, 3, 4], [3, 1, 3, 4], [3, 4, 4, 5], [6, 6, 3, 4], [5, 5, 4, 6], [3, 4, 5, 5], [6, 2, 3, 5], [4, 5, 3, 4], [4, 2, 5, 6], [5, 2, 1, 4], [4, 2, 7, 6], [4, 3, 3, 4], [5, 4, 4, 5], [4, 1, 4, 5], [4, 2, 3, 4]]}}