{"protected": {"ver": "v1", "alg": "HS256", "iat": 1608146411.5088727}, "signature": "957685bd1c4c0884556a7aec26927530361ed298b36eb7abd091446bf552c20e", "payload": {"device_name": "2A:68:65:37:E0:6A:9D:38", "device_type": "MANUAL-CAPTURE", "interval_ms": 3.389830508474576, "sensors": [{"name": "u", "units": "N/A"}, {"name": "d", "units": "N/A"}, {"name": "l", "units": "N/A"}, {"name": "r", "units": "N/A"}], "values": [[18, 9, 13, 17], [18, 8, 13, 16], [25, 14, 21, 25], [29, 17, 25, 27], [32, 23, 29, 31], [39, 28, 32, 31], [40, 32, 36, 36], [37, 34, 33, 37], [35, 38, 32, 36], [29, 35, 26, 32], [22, 32, 20, 25], [17, 27, 14, 19], [11, 21, 9, 14], [6, 12, 5, 11], [4, 8, 5, 9], [4, 4, 3, 5], [4, 4, 6, 7], [4, 4, 4, 4], [5, 4, 4, 6], [6, 4, 4, 6], [5, 4, 4, 6], [4, 4, 4, 4], [5, 4, 4, 4], [6, 4, 4, 5], [6, 4, 6, 4], [6, 5, 4, 4], [4, 2, 4, 4], [5, 2, 5, 7], [4, 4, 3, 4], [6, 4, 6, 6], [5, 1, 3, 3], [7, 5, 4, 6], [7, 6, 2, 5], [5, 3, 4, 5], [4, 4, 4, 5], [6, 4, 2, 4], [5, 4, 4, 7], [5, 2, 3, 4], [3, 3, 4, 3], [6, 4, 4, 6], [5, 5, 4, 4], [4, 6, 5, 5], [4, 3, 4, 5], [5, 4, 3, 4], [5, 5, 4, 4], [5, 3, 4, 5], [4, 2, 2, 5], [4, 2, 3, 4]]}}