{"protected": {"ver": "v1", "alg": "HS256", "iat": 1608146411.5128784}, "signature": "e87aa8a3e338e229e2bc71dab2af8ca4da4702323d62be9ec982b70d72a6e029", "payload": {"device_name": "2A:68:65:37:E0:6A:9D:38", "device_type": "MANUAL-CAPTURE", "interval_ms": 3.389830508474576, "sensors": [{"name": "u", "units": "N/A"}, {"name": "d", "units": "N/A"}, {"name": "l", "units": "N/A"}, {"name": "r", "units": "N/A"}], "values": [[25, 7, 18, 22], [33, 17, 23, 27], [41, 25, 30, 37], [50, 32, 39, 45], [55, 36, 46, 53], [59, 43, 52, 55], [69, 49, 63, 62], [85, 58, 75, 70], [92, 70, 88, 80], [101, 83, 100, 89], [109, 91, 102, 96], [100, 100, 93, 92], [81, 95, 73, 80], [54, 79, 51, 60], [27, 54, 26, 34], [11, 31, 11, 17], [8, 15, 4, 8], [5, 6, 4, 6], [6, 3, 5, 8], [4, 4, 3, 4], [5, 4, 2, 4], [4, 4, 4, 4], [5, 4, 5, 4], [4, 3, 4, 5], [4, 3, 4, 5], [6, 4, 4, 5], [5, 2, 4, 5], [4, 2, 4, 6], [5, 4, 5, 8], [4, 4, 4, 5], [4, 2, 4, 5], [5, 6, 3, 2], [4, 3, 4, 6], [4, 2, 4, 5], [4, 2, 4, 5], [7, 5, 4, 6], [4, 3, 3, 5], [4, 1, 3, 5], [4, 5, 1, 3], [5, 3, 4, 7], [7, 4, 4, 4], [4, 3, 4, 4], [3, 1, 4, 5], [5, 4, 4, 4], [5, 3, 4, 6], [5, 4, 4, 6], [5, 4, 4, 5], [5, 4, 4, 5]]}}