{"protected": {"ver": "v1", "alg": "HS256", "iat": 1608146411.5388672}, "signature": "83837a341c5d3b0bc6aad601e45e5607a607d003685f25a3bc945e3fd98e7d1c", "payload": {"device_name": "2A:68:65:37:E0:6A:9D:38", "device_type": "MANUAL-CAPTURE", "interval_ms": 3.389830508474576, "sensors": [{"name": "u", "units": "N/A"}, {"name": "d", "units": "N/A"}, {"name": "l", "units": "N/A"}, {"name": "r", "units": "N/A"}], "values": [[24, 11, 14, 25], [32, 16, 21, 30], [41, 21, 31, 37], [57, 33, 47, 46], [65, 39, 60, 56], [78, 52, 71, 66], [89, 68, 84, 74], [92, 78, 87, 82], [84, 81, 77, 79], [64, 76, 59, 66], [45, 64, 39, 50], [23, 45, 22, 33], [11, 28, 9, 15], [6, 10, 4, 8], [6, 6, 5, 5], [5, 4, 4, 5], [6, 4, 6, 8], [6, 4, 4, 6], [6, 5, 3, 4], [4, 2, 3, 4], [5, 3, 3, 4], [4, 3, 1, 4], [4, 3, 3, 7], [4, 4, 6, 5], [5, 4, 2, 4], [4, 4, 4, 5], [4, 2, 2, 4], [3, 3, 4, 4], [5, 1, 3, 3], [3, 0, 0, 2], [6, 3, 4, 5], [4, 3, 3, 2], [4, 2, 3, 5], [5, 4, 4, 7], [5, 3, 3, 4], [6, 4, 2, 4], [6, 4, 4, 6], [4, 4, 2, 4], [5, 5, 4, 4], [4, 2, 4, 5], [5, 2, 1, 2], [6, 3, 1, 2], [4, 3, 4, 5], [4, 3, 4, 5], [7, 5, 4, 4], [3, 3, 4, 4], [5, 4, 3, 4], [5, 4, 4, 6]]}}