{"protected": {"ver": "v1", "alg": "HS256", "iat": 1608146411.533871}, "signature": "c9f302caa82777a64ba7e8dabdd556ae4fd946491bb834ade34c72934e74ea58", "payload": {"device_name": "2A:68:65:37:E0:6A:9D:38", "device_type": "MANUAL-CAPTURE", "interval_ms": 3.389830508474576, "sensors": [{"name": "u", "units": "N/A"}, {"name": "d", "units": "N/A"}, {"name": "l", "units": "N/A"}, {"name": "r", "units": "N/A"}], "values": [[18, 7, 12, 18], [23, 11, 16, 20], [31, 16, 22, 29], [39, 20, 32, 35], [46, 29, 38, 42], [54, 36, 49, 50], [61, 44, 60, 55], [74, 53, 70, 60], [80, 65, 80, 71], [86, 73, 87, 79], [87, 85, 86, 81], [79, 86, 76, 75], [60, 78, 58, 62], [37, 62, 38, 46], [17, 41, 19, 26], [9, 25, 8, 15], [6, 11, 4, 9], [7, 4, 2, 5], [8, 6, 2, 4], [5, 4, 5, 5], [4, 3, 4, 4], [3, 2, 3, 5], [4, 4, 3, 4], [5, 4, 3, 2], [4, 5, 5, 6], [7, 5, 4, 4], [5, 4, 3, 5], [4, 3, 3, 5], [3, 2, 2, 4], [4, 3, 4, 5], [6, 4, 4, 6], [4, 3, 3, 3], [6, 4, 2, 4], [7, 4, 4, 7], [4, 4, 5, 5], [5, 3, 4, 5], [5, 3, 2, 4], [6, 5, 2, 5], [4, 4, 3, 5], [7, 4, 4, 5], [4, 4, 3, 3], [7, 4, 2, 4], [4, 2, 2, 4], [5, 4, 3, 5], [4, 3, 4, 5], [4, 3, 4, 4], [4, 2, 5, 5], [5, 4, 4, 4]]}}