{"protected": {"ver": "v1", "alg": "HS256", "iat": 1608146411.531867}, "signature": "8230b9eb3ef7d6d9ae721c122be09ca1a22edda9f287547d4569204e1295885a", "payload": {"device_name": "2A:68:65:37:E0:6A:9D:38", "device_type": "MANUAL-CAPTURE", "interval_ms": 3.389830508474576, "sensors": [{"name": "u", "units": "N/A"}, {"name": "d", "units": "N/A"}, {"name": "l", "units": "N/A"}, {"name": "r", "units": "N/A"}], "values": [[20, 11, 12, 18], [22, 11, 18, 22], [32, 18, 25, 29], [39, 22, 31, 35], [44, 26, 38, 38], [53, 35, 49, 46], [63, 45, 56, 52], [68, 51, 68, 60], [74, 60, 69, 65], [70, 66, 64, 64], [63, 70, 57, 58], [44, 59, 45, 47], [27, 47, 25, 33], [15, 32, 17, 23], [6, 17, 7, 12], [4, 8, 5, 6], [5, 4, 5, 7], [5, 4, 4, 7], [6, 6, 4, 4], [4, 4, 4, 5], [5, 1, 4, 4], [4, 3, 4, 7], [4, 4, 4, 4], [6, 5, 4, 5], [4, 4, 5, 7], [3, 2, 4, 6], [2, 1, 2, 4], [8, 5, 5, 4], [6, 5, 4, 3], [5, 1, 2, 4], [4, 1, 4, 6], [5, 3, 4, 4], [5, 4, 4, 6], [4, 4, 5, 4], [6, 4, 1, 4], [5, 2, 2, 4], [3, 1, 4, 7], [4, 3, 3, 4], [7, 4, 4, 4], [4, 4, 1, 4], [6, 3, 5, 4], [3, 2, 5, 4], [4, 3, 4, 6], [4, 4, 2, 3], [4, 1, 3, 6], [4, 3, 4, 4], [4, 3, 4, 4], [4, 2, 2, 5]]}}