{"protected": {"ver": "v1", "alg": "HS256", "iat": 1608146411.5048783}, "signature": "298331ac89ab1650be36c85d0703d6fe0b4b865db07f56a53e4a5a092f3fdb0e", "payload": {"device_name": "2A:68:65:37:E0:6A:9D:38", "device_type": "MANUAL-CAPTURE", "interval_ms": 3.389830508474576, "sensors": [{"name": "u", "units": "N/A"}, {"name": "d", "units": "N/A"}, {"name": "l", "units": "N/A"}, {"name": "r", "units": "N/A"}], "values": [[17, 8, 12, 15], [22, 11, 14, 19], [28, 16, 19, 23], [31, 17, 25, 30], [42, 22, 32, 38], [46, 29, 40, 42], [52, 35, 48, 49], [67, 45, 60, 57], [78, 53, 75, 64], [91, 66, 85, 74], [101, 78, 101, 87], [105, 93, 105, 95], [93, 99, 90, 87], [72, 93, 71, 72], [43, 72, 43, 50], [18, 45, 19, 27], [6, 22, 9, 14], [7, 8, 5, 8], [5, 5, 6, 5], [4, 3, 5, 4], [5, 5, 2, 4], [7, 4, 2, 4], [5, 4, 4, 5], [5, 4, 3, 4], [7, 4, 3, 4], [5, 4, 4, 3], [4, 2, 4, 5], [2, 0, 4, 4], [5, 5, 5, 5], [4, 3, 2, 4], [5, 4, 3, 4], [4, 4, 4, 5], [4, 3, 3, 5], [4, 2, 2, 0], [6, 4, 3, 4], [4, 4, 4, 6], [3, 2, 7, 7], [5, 4, 3, 4], [4, 4, 7, 6], [4, 4, 5, 6], [5, 3, 5, 7], [3, 3, 5, 6], [6, 4, 3, 4], [6, 3, 4, 5], [6, 5, 3, 3], [7, 5, 4, 4], [4, 3, 0, 1], [4, 3, 2, 4]]}}