{"protected": {"ver": "v1", "alg": "HS256", "iat": 1608146411.4718666}, "signature": "5df28880da86b38e6710084d2f2c142a5170464a8ececbf67c8fbd6980784c1e", "payload": {"device_name": "2A:68:65:37:E0:6A:9D:38", "device_type": "MANUAL-CAPTURE", "interval_ms": 3.389830508474576, "sensors": [{"name": "u", "units": "N/A"}, {"name": "d", "units": "N/A"}, {"name": "l", "units": "N/A"}, {"name": "r", "units": "N/A"}], "values": [[30, 8, 26, 31], [44, 26, 30, 44], [49, 34, 38, 51], [60, 37, 50, 59], [71, 46, 65, 65], [93, 59, 90, 79], [122, 81, 116, 96], [132, 104, 136, 116], [150, 122, 151, 129], [156, 134, 151, 139], [133, 142, 117, 117], [84, 117, 72, 82], [32, 72, 29, 39], [8, 26, 6, 11], [5, 4, 4, 8], [6, 7, 3, 5], [4, 5, 3, 5], [4, 4, 4, 4], [5, 3, 7, 7], [5, 4, 2, 2], [7, 3, 3, 4], [6, 2, 4, 4], [5, 4, 4, 4], [6, 4, 1, 5], [4, 2, 3, 5], [3, 1, 4, 5], [5, 4, 2, 4], [4, 4, 5, 6], [4, 5, 4, 8], [4, 3, 5, 5], [4, 3, 4, 5], [4, 2, 4, 6], [4, 4, 2, 3], [4, 1, 1, 4], [4, 3, 4, 7], [6, 5, 6, 6], [7, 5, 7, 7], [3, 1, 4, 5], [4, 4, 3, 4], [4, 1, 3, 4], [6, 4, 4, 4], [5, 2, 4, 5], [4, 4, 5, 4], [5, 2, 3, 4], [7, 4, 3, 4], [6, 4, 1, 5], [5, 4, 4, 4], [4, 2, 4, 4]]}}