{"protected": {"ver": "v1", "alg": "HS256", "iat": 1608146411.4998703}, "signature": "94eb744c6ddf77eaf5cabb63ccbef197797244423a59a8a9bcd36e06defdfb27", "payload": {"device_name": "2A:68:65:37:E0:6A:9D:38", "device_type": "MANUAL-CAPTURE", "interval_ms": 3.389830508474576, "sensors": [{"name": "u", "units": "N/A"}, {"name": "d", "units": "N/A"}, {"name": "l", "units": "N/A"}, {"name": "r", "units": "N/A"}], "values": [[18, 5, 15, 18], [25, 11, 19, 24], [34, 21, 27, 30], [42, 24, 35, 39], [53, 35, 46, 47], [58, 40, 53, 57], [71, 49, 69, 67], [98, 61, 92, 82], [121, 87, 122, 109], [150, 112, 162, 136], [200, 142, 205, 175], [224, 186, 213, 192], [176, 204, 157, 157], [82, 143, 65, 79], [16, 56, 11, 20], [4, 9, 2, 4], [5, 4, 2, 3], [4, 4, 5, 7], [4, 3, 3, 4], [8, 6, 4, 4], [5, 4, 4, 4], [7, 4, 4, 5], [4, 4, 2, 4], [5, 5, 4, 5], [5, 4, 4, 5], [4, 3, 4, 5], [2, 2, 4, 4], [7, 4, 6, 6], [5, 4, 3, 5], [4, 3, 4, 5], [5, 4, 4, 4], [7, 5, 3, 4], [4, 3, 3, 3], [6, 3, 1, 5], [5, 2, 4, 4], [6, 6, 1, 4], [5, 4, 5, 4], [4, 3, 3, 3], [5, 4, 2, 4], [4, 3, 4, 4], [4, 1, 4, 6], [6, 4, 4, 7], [4, 4, 0, 3], [5, 4, 4, 4], [4, 2, 6, 6], [6, 4, 4, 5], [5, 4, 4, 4], [4, 1, 4, 6]]}}