{"protected": {"ver": "v1", "alg": "HS256", "iat": 1608146411.49387}, "signature": "df17eb7a0d8fdbbb430e663972ffe4e173befeb8d02c21d34e08acf325d3bb63", "payload": {"device_name": "2A:68:65:37:E0:6A:9D:38", "device_type": "MANUAL-CAPTURE", "interval_ms": 3.389830508474576, "sensors": [{"name": "u", "units": "N/A"}, {"name": "d", "units": "N/A"}, {"name": "l", "units": "N/A"}, {"name": "r", "units": "N/A"}], "values": [[18, 7, 12, 16], [30, 8, 23, 25], [39, 18, 32, 36], [49, 31, 43, 46], [62, 42, 53, 55], [66, 46, 60, 62], [70, 54, 66, 63], [83, 60, 76, 68], [101, 67, 96, 85], [112, 84, 112, 98], [123, 101, 122, 109], [136, 110, 138, 122], [156, 122, 152, 138], [157, 138, 145, 139], [133, 143, 123, 126], [95, 128, 88, 99], [52, 94, 49, 64], [23, 58, 19, 33], [7, 25, 8, 16], [4, 10, 3, 7], [4, 5, 3, 5], [4, 3, 3, 3], [5, 5, 4, 4], [5, 2, 3, 4], [3, 3, 4, 5], [4, 3, 2, 3], [6, 4, 4, 4], [5, 2, 4, 9], [6, 3, 4, 6], [4, 2, 4, 4], [3, 2, 1, 4], [5, 4, 3, 4], [4, 3, 3, 5], [3, 3, 2, 4], [6, 4, 4, 5], [4, 3, 2, 4], [5, 4, 3, 4], [4, 3, 3, 5], [9, 6, 3, 3], [6, 4, 1, 4], [6, 4, 3, 4], [4, 4, 4, 4], [5, 4, 4, 6], [7, 4, 2, 5], [6, 4, 3, 4], [3, 2, 4, 4], [4, 0, 4, 5], [5, 4, 2, 4]]}}