{"protected": {"ver": "v1", "alg": "HS256", "iat": 1608146411.5298672}, "signature": "518d14ed8086d6873583816599a2e1d798b2e3344e7e3277a596bddd1a837314", "payload": {"device_name": "2A:68:65:37:E0:6A:9D:38", "device_type": "MANUAL-CAPTURE", "interval_ms": 3.389830508474576, "sensors": [{"name": "u", "units": "N/A"}, {"name": "d", "units": "N/A"}, {"name": "l", "units": "N/A"}, {"name": "r", "units": "N/A"}], "values": [[17, 9, 12, 18], [25, 13, 18, 23], [33, 16, 27, 29], [42, 25, 36, 35], [51, 32, 50, 43], [62, 41, 60, 52], [72, 49, 66, 59], [78, 59, 78, 67], [81, 71, 79, 74], [74, 76, 68, 68], [56, 70, 53, 58], [38, 56, 34, 42], [23, 43, 19, 29], [10, 25, 10, 18], [7, 13, 2, 8], [4, 5, 0, 4], [4, 4, 3, 4], [5, 4, 6, 8], [4, 4, 1, 5], [4, 4, 5, 8], [3, 3, 4, 7], [8, 6, 6, 8], [4, 2, 2, 4], [6, 4, 4, 5], [6, 6, 4, 4], [5, 4, 5, 7], [5, 4, 4, 6], [5, 4, 4, 6], [6, 4, 2, 3], [4, 2, 4, 4], [5, 3, 6, 6], [3, 2, 4, 5], [4, 4, 4, 5], [5, 3, 2, 4], [4, 2, 4, 4], [7, 4, 4, 4], [6, 4, 2, 2], [4, 2, 4, 4], [3, 1, 4, 4], [7, 5, 4, 4], [4, 4, 4, 4], [6, 4, 3, 5], [4, 4, 6, 6], [3, 3, 4, 4], [4, 3, 2, 4], [4, 4, 2, 3], [5, 4, 4, 4], [5, 3, 3, 4]]}}