{"protected": {"ver": "v1", "alg": "HS256", "iat": 1608146411.4868674}, "signature": "f12ac6d790f4e650192e8ff11779a8172abff6a992987fa17703e3a8f253ce9b", "payload": {"device_name": "2A:68:65:37:E0:6A:9D:38", "device_type": "MANUAL-CAPTURE", "interval_ms": 3.389830508474576, "sensors": [{"name": "u", "units": "N/A"}, {"name": "d", "units": "N/A"}, {"name": "l", "units": "N/A"}, {"name": "r", "units": "N/A"}], "values": [[22, 10, 10, 18], [25, 12, 14, 26], [28, 17, 21, 32], [38, 20, 25, 36], [46, 26, 36, 45], [57, 32, 46, 52], [69, 41, 61, 60], [90, 55, 86, 76], [116, 72, 113, 95], [142, 95, 139, 117], [161, 122, 161, 138], [189, 143, 190, 164], [223, 160, 215, 195], [243, 190, 218, 213], [219, 210, 188, 199], [151, 189, 126, 144], [70, 129, 57, 75], [16, 59, 16, 25], [4, 11, 4, 5], [5, 4, 3, 5], [7, 4, 3, 4], [6, 4, 4, 5], [5, 5, 7, 5], [5, 4, 3, 3], [4, 1, 5, 5], [4, 3, 3, 4], [4, 4, 5, 5], [8, 5, 4, 4], [5, 5, 6, 4], [4, 2, 2, 5], [4, 4, 4, 4], [6, 4, 3, 4], [5, 4, 4, 4], [5, 4, 1, 4], [5, 4, 5, 5], [4, 4, 2, 3], [5, 5, 1, 3], [5, 3, 4, 4], [4, 3, 4, 3], [6, 4, 4, 3], [7, 4, 4, 6], [7, 4, 4, 5], [4, 4, 2, 2], [4, 3, 2, 3], [5, 4, 4, 4], [5, 4, 3, 5], [4, 4, 3, 4], [4, 4, 4, 6]]}}