{"protected": {"ver": "v1", "alg": "HS256", "iat": 1608146411.509875}, "signature": "1065e91a46aa36b18b57c3d8f257aaf9b5ad6f590a9ae4d2e9ee540c0ef5840d", "payload": {"device_name": "2A:68:65:37:E0:6A:9D:38", "device_type": "MANUAL-CAPTURE", "interval_ms": 3.389830508474576, "sensors": [{"name": "u", "units": "N/A"}, {"name": "d", "units": "N/A"}, {"name": "l", "units": "N/A"}, {"name": "r", "units": "N/A"}], "values": [[18, 7, 13, 15], [22, 10, 16, 18], [26, 14, 20, 22], [33, 18, 26, 29], [37, 21, 28, 33], [41, 27, 33, 35], [46, 35, 43, 46], [52, 39, 48, 49], [58, 44, 55, 55], [63, 50, 60, 59], [67, 57, 65, 63], [68, 64, 65, 63], [60, 64, 61, 64], [52, 66, 55, 59], [41, 60, 43, 46], [29, 51, 32, 39], [18, 39, 20, 27], [12, 28, 10, 18], [6, 12, 7, 11], [6, 10, 3, 5], [6, 4, 3, 7], [4, 3, 4, 8], [6, 3, 4, 8], [4, 4, 2, 6], [7, 2, 4, 5], [7, 5, 4, 7], [8, 5, 6, 9], [5, 5, 5, 7], [6, 4, 4, 5], [5, 4, 6, 4], [3, 3, 4, 4], [4, 5, 3, 4], [4, 4, 4, 5], [6, 4, 7, 6], [4, 3, 4, 4], [5, 7, 4, 4], [5, 4, 4, 4], [4, 4, 5, 6], [5, 4, 3, 5], [5, 2, 3, 3], [5, 5, 2, 4], [7, 5, 5, 4], [3, 2, 4, 5], [4, 3, 5, 5], [4, 1, 3, 4], [6, 5, 4, 3], [5, 3, 2, 4], [5, 4, 3, 4]]}}