{"protected": {"ver": "v1", "alg": "HS256", "iat": 1608146411.5408695}, "signature": "dde33b123ea1657a47df6d0cc4b4ab02875dd15b8a3ad212dec2c15b5264bf82", "payload": {"device_name": "2A:68:65:37:E0:6A:9D:38", "device_type": "MANUAL-CAPTURE", "interval_ms": 3.389830508474576, "sensors": [{"name": "u", "units": "N/A"}, {"name": "d", "units": "N/A"}, {"name": "l", "units": "N/A"}, {"name": "r", "units": "N/A"}], "values": [[22, 11, 17, 21], [26, 13, 22, 29], [32, 17, 26, 28], [39, 22, 37, 39], [50, 32, 43, 41], [60, 39, 58, 53], [74, 52, 68, 62], [80, 63, 77, 69], [81, 73, 72, 69], [66, 76, 63, 64], [53, 67, 48, 53], [31, 53, 32, 39], [13, 33, 12, 22], [7, 18, 10, 13], [4, 6, 4, 8], [4, 4, 4, 5], [5, 4, 6, 5], [6, 3, 4, 7], [3, 2, 2, 4], [5, 4, 3, 6], [4, 4, 2, 5], [4, 3, 6, 5], [4, 3, 4, 4], [6, 4, 4, 4], [6, 5, 4, 4], [6, 4, 5, 6], [6, 5, 4, 5], [4, 2, 6, 6], [8, 4, 4, 5], [4, 4, 4, 5], [4, 2, 3, 4], [9, 4, 1, 4], [4, 4, 0, 4], [6, 4, 4, 5], [5, 3, 4, 4], [6, 4, 4, 4], [5, 3, 2, 4], [5, 4, 4, 6], [6, 4, 4, 6], [4, 4, 4, 5], [3, 3, 5, 5], [4, 3, 7, 7], [10, 6, 4, 5], [7, 5, 4, 6], [4, 4, 2, 5], [3, 2, 4, 4], [7, 5, 4, 4], [4, 3, 3, 4]]}}