{"protected": {"ver": "v1", "alg": "HS256", "iat": 1608146411.4808717}, "signature": "305d0e175cb7bca1ae3cf033cf2face89e714f2b417773ba65084441a731c701", "payload": {"device_name": "2A:68:65:37:E0:6A:9D:38", "device_type": "MANUAL-CAPTURE", "interval_ms": 3.389830508474576, "sensors": [{"name": "u", "units": "N/A"}, {"name": "d", "units": "N/A"}, {"name": "l", "units": "N/A"}, {"name": "r", "units": "N/A"}], "values": [[20, 6, 18, 17], [32, 10, 25, 26], [42, 18, 35, 35], [52, 32, 43, 45], [60, 42, 52, 55], [73, 50, 62, 63], [73, 54, 69, 68], [85, 65, 79, 78], [101, 68, 95, 84], [126, 85, 121, 104], [143, 104, 143, 120], [158, 128, 162, 136], [181, 147, 189, 153], [213, 162, 218, 174], [225, 191, 223, 187], [199, 206, 193, 175], [139, 185, 130, 129], [68, 125, 60, 74], [18, 60, 17, 27], [5, 18, 4, 9], [5, 6, 4, 6], [7, 4, 3, 5], [6, 4, 2, 2], [6, 5, 6, 8], [4, 4, 4, 5], [6, 4, 4, 4], [4, 4, 1, 4], [4, 1, 4, 6], [4, 4, 4, 3], [7, 4, 3, 4], [4, 2, 3, 6], [3, 4, 5, 5], [5, 4, 2, 3], [5, 5, 5, 5], [5, 3, 4, 5], [6, 4, 5, 4], [5, 4, 4, 5], [4, 4, 0, 3], [6, 4, 3, 4], [4, 3, 4, 7], [5, 6, 5, 6], [7, 7, 5, 7], [4, 4, 1, 4], [6, 3, 3, 4], [5, 4, 4, 4], [5, 4, 4, 2], [6, 4, 3, 3], [4, 1, 4, 4]]}}