{"protected": {"ver": "v1", "alg": "HS256", "iat": 1608146411.5508711}, "signature": "67542d7693ac009e42606e972863d6be24e29eaf02b4f76c66ec655475b4a3ba", "payload": {"device_name": "2A:68:65:37:E0:6A:9D:38", "device_type": "MANUAL-CAPTURE", "interval_ms": 3.389830508474576, "sensors": [{"name": "u", "units": "N/A"}, {"name": "d", "units": "N/A"}, {"name": "l", "units": "N/A"}, {"name": "r", "units": "N/A"}], "values": [[18, 7, 12, 16], [23, 5, 18, 24], [31, 15, 24, 32], [38, 21, 30, 38], [49, 33, 38, 46], [58, 36, 49, 53], [65, 42, 58, 59], [75, 52, 75, 64], [97, 61, 94, 78], [125, 83, 126, 101], [142, 104, 149, 121], [165, 132, 180, 143], [213, 154, 235, 182], [255, 192, 255, 234], [255, 255, 255, 255], [255, 255, 243, 228], [143, 216, 108, 124], [28, 91, 18, 34], [4, 17, 4, 9], [4, 4, 4, 5], [4, 0, 4, 5], [4, 3, 4, 4], [5, 4, 5, 6], [6, 4, 4, 5], [4, 4, 4, 5], [4, 3, 2, 4], [5, 4, 3, 6], [6, 4, 2, 5], [4, 4, 4, 5], [4, 5, 2, 3], [4, 5, 4, 4], [6, 4, 2, 3], [5, 4, 5, 4], [6, 4, 4, 4], [6, 4, 1, 4], [5, 3, 5, 4], [5, 3, 4, 3], [4, 4, 3, 5], [4, 2, 2, 2], [4, 4, 3, 4], [6, 5, 4, 4], [5, 4, 3, 5], [5, 4, 3, 3], [4, 4, 4, 4], [3, 2, 4, 6], [4, 2, 4, 6], [5, 2, 4, 5], [6, 5, 3, 5]]}}