{"protected": {"ver": "v1", "alg": "HS256", "iat": 1608146411.54487}, "signature": "fb457e7889d7b723067ccdcc2a6f9623076ffd007d0c81585e4456041ca4e2f0", "payload": {"device_name": "2A:68:65:37:E0:6A:9D:38", "device_type": "MANUAL-CAPTURE", "interval_ms": 3.389830508474576, "sensors": [{"name": "u", "units": "N/A"}, {"name": "d", "units": "N/A"}, {"name": "l", "units": "N/A"}, {"name": "r", "units": "N/A"}], "values": [[19, 7, 12, 13], [27, 11, 22, 22], [32, 15, 28, 32], [41, 23, 32, 37], [52, 30, 44, 44], [60, 41, 50, 51], [63, 50, 58, 58], [69, 51, 63, 61], [78, 56, 72, 69], [88, 67, 86, 78], [101, 80, 97, 86], [109, 90, 105, 97], [108, 101, 101, 101], [92, 102, 84, 88], [69, 93, 64, 68], [41, 72, 38, 51], [17, 46, 18, 28], [7, 25, 7, 13], [7, 10, 3, 4], [3, 4, 3, 4], [5, 4, 2, 3], [5, 4, 1, 3], [4, 3, 4, 4], [5, 4, 6, 7], [7, 4, 0, 5], [4, 3, 4, 6], [6, 4, 3, 4], [4, 4, 4, 5], [6, 6, 1, 3], [7, 4, 2, 7], [8, 6, 3, 5], [2, 3, 0, 2], [4, 3, 4, 5], [7, 3, 1, 4], [4, 1, 4, 4], [5, 1, 3, 4], [4, 3, 2, 3], [8, 4, 4, 5], [4, 4, 4, 5], [4, 3, 4, 5], [6, 4, 2, 4], [4, 3, 1, 4], [3, 3, 3, 4], [5, 4, 4, 6], [6, 3, 3, 3], [6, 4, 4, 6], [4, 4, 3, 4], [4, 3, 4, 5]]}}