{"protected": {"ver": "v1", "alg": "HS256", "iat": 1608146411.4968693}, "signature": "e2cdaad6588ec1c9606c762b8cc4ad7604f0300663435b65c394d2b2f4198ae8", "payload": {"device_name": "2A:68:65:37:E0:6A:9D:38", "device_type": "MANUAL-CAPTURE", "interval_ms": 3.389830508474576, "sensors": [{"name": "u", "units": "N/A"}, {"name": "d", "units": "N/A"}, {"name": "l", "units": "N/A"}, {"name": "r", "units": "N/A"}], "values": [[18, 11, 14, 18], [23, 11, 19, 21], [29, 17, 24, 26], [37, 19, 31, 31], [42, 25, 37, 37], [51, 35, 45, 46], [57, 43, 55, 52], [67, 48, 64, 60], [76, 55, 79, 67], [90, 69, 87, 75], [99, 80, 101, 85], [107, 92, 103, 90], [98, 101, 98, 90], [78, 97, 81, 78], [52, 83, 56, 60], [30, 62, 30, 39], [12, 35, 12, 20], [6, 14, 5, 8], [2, 4, 4, 5], [6, 4, 4, 5], [5, 4, 5, 6], [5, 4, 6, 5], [4, 3, 5, 6], [4, 4, 3, 4], [4, 4, 3, 5], [6, 5, 5, 3], [6, 4, 2, 5], [7, 4, 3, 5], [5, 4, 4, 5], [5, 4, 4, 4], [4, 4, 2, 4], [5, 5, 4, 5], [4, 2, 4, 3], [6, 3, 2, 5], [5, 2, 5, 7], [7, 4, 4, 5], [6, 5, 1, 2], [4, 4, 3, 4], [3, 3, 3, 4], [5, 3, 3, 4], [5, 2, 4, 3], [5, 4, 4, 5], [8, 4, 4, 6], [3, 2, 4, 4], [3, 2, 4, 4], [5, 2, 4, 3], [7, 5, 4, 6], [7, 5, 3, 4]]}}