{"protected": {"ver": "v1", "alg": "HS256", "iat": 1608146411.5008671}, "signature": "6c5d6101d2fd9c9aadf85dc2c70b0da2da45b110a4d9ee91a85cbb001c08579a", "payload": {"device_name": "2A:68:65:37:E0:6A:9D:38", "device_type": "MANUAL-CAPTURE", "interval_ms": 3.389830508474576, "sensors": [{"name": "u", "units": "N/A"}, {"name": "d", "units": "N/A"}, {"name": "l", "units": "N/A"}, {"name": "r", "units": "N/A"}], "values": [[18, 9, 11, 20], [21, 11, 17, 23], [25, 14, 19, 27], [34, 18, 25, 32], [45, 25, 36, 38], [53, 35, 47, 48], [70, 43, 69, 60], [88, 53, 85, 72], [105, 73, 108, 92], [130, 94, 129, 112], [155, 112, 148, 133], [162, 134, 146, 141], [136, 145, 117, 123], [85, 122, 74, 88], [32, 75, 28, 42], [8, 31, 5, 13], [5, 8, 5, 7], [9, 5, 7, 9], [5, 4, 6, 7], [4, 3, 2, 3], [4, 3, 4, 4], [6, 4, 4, 4], [4, 1, 4, 6], [4, 3, 4, 6], [6, 4, 4, 4], [3, 3, 2, 2], [7, 7, 3, 3], [4, 4, 2, 4], [5, 4, 6, 6], [5, 4, 4, 5], [4, 4, 2, 4], [7, 4, 3, 4], [4, 2, 4, 4], [7, 4, 4, 6], [4, 4, 3, 5], [6, 5, 3, 4], [6, 4, 4, 5], [7, 5, 4, 5], [4, 4, 4, 4], [9, 7, 4, 4], [6, 4, 4, 6], [6, 4, 2, 4], [4, 4, 3, 5], [9, 4, 4, 3], [7, 8, 4, 4], [4, 2, 4, 4], [4, 2, 4, 5], [4, 3, 4, 7]]}}