{"protected": {"ver": "v1", "alg": "HS256", "iat": 1608146411.5468676}, "signature": "1487fe0b8b385cdc716d41c6da86c126ee9e83f4c9bc13231cdf4e487cc55cee", "payload": {"device_name": "2A:68:65:37:E0:6A:9D:38", "device_type": "MANUAL-CAPTURE", "interval_ms": 3.389830508474576, "sensors": [{"name": "u", "units": "N/A"}, {"name": "d", "units": "N/A"}, {"name": "l", "units": "N/A"}, {"name": "r", "units": "N/A"}], "values": [[26, 8, 19, 22], [32, 14, 25, 32], [41, 25, 32, 42], [54, 33, 40, 46], [59, 37, 51, 57], [67, 48, 58, 59], [72, 52, 68, 66], [85, 59, 78, 72], [95, 66, 93, 81], [108, 82, 106, 93], [118, 96, 119, 105], [132, 105, 132, 116], [138, 120, 130, 120], [123, 126, 114, 112], [95, 118, 88, 95], [59, 93, 54, 66], [26, 61, 29, 38], [11, 36, 10, 20], [7, 13, 6, 8], [7, 4, 3, 4], [5, 6, 2, 4], [5, 4, 1, 4], [4, 3, 4, 4], [7, 3, 5, 6], [5, 2, 3, 4], [6, 4, 3, 5], [3, 2, 1, 2], [6, 3, 3, 4], [5, 3, 2, 3], [5, 4, 3, 6], [6, 4, 4, 3], [5, 4, 5, 6], [6, 5, 3, 4], [5, 3, 3, 5], [6, 4, 4, 4], [5, 4, 3, 7], [4, 3, 4, 4], [6, 3, 4, 5], [5, 5, 4, 6], [4, 4, 2, 4], [4, 4, 4, 5], [3, 2, 4, 6], [5, 3, 4, 4], [4, 4, 4, 5], [8, 4, 2, 4], [4, 4, 6, 7], [6, 4, 4, 5], [5, 3, 3, 4]]}}