{"protected": {"ver": "v1", "alg": "HS256", "iat": 1608146411.522881}, "signature": "69cf2a9bd8135fea25629c2ce89c97b582186e14d43212e756a601214bf67999", "payload": {"device_name": "2A:68:65:37:E0:6A:9D:38", "device_type": "MANUAL-CAPTURE", "interval_ms": 3.389830508474576, "sensors": [{"name": "u", "units": "N/A"}, {"name": "d", "units": "N/A"}, {"name": "l", "units": "N/A"}, {"name": "r", "units": "N/A"}], "values": [[22, 7, 18, 25], [40, 11, 40, 43], [76, 32, 77, 70], [120, 66, 125, 105], [170, 110, 179, 143], [198, 157, 201, 164], [212, 177, 213, 186], [212, 190, 187, 191], [165, 184, 129, 148], [74, 124, 49, 67], [11, 39, 5, 10], [5, 5, 4, 4], [4, 4, 3, 5], [5, 3, 3, 4], [4, 4, 2, 5], [7, 5, 4, 6], [5, 4, 3, 4], [6, 6, 4, 7], [6, 5, 3, 4], [4, 4, 3, 4], [4, 4, 5, 7], [4, 3, 3, 3], [4, 3, 3, 3], [6, 5, 4, 5], [7, 4, 5, 5], [6, 5, 3, 5], [4, 4, 4, 6], [5, 4, 3, 5], [5, 3, 5, 5], [4, 4, 4, 4], [5, 2, 2, 4], [5, 2, 4, 8], [5, 2, 5, 4], [5, 4, 3, 4], [4, 2, 3, 4], [4, 4, 3, 4], [4, 3, 3, 4], [6, 4, 2, 4], [5, 3, 4, 5], [5, 5, 4, 3], [4, 3, 5, 6], [5, 4, 3, 3], [6, 4, 4, 5], [5, 4, 2, 4], [6, 4, 0, 4], [3, 3, 2, 4], [5, 2, 3, 4], [5, 4, 5, 6]]}}