{"protected": {"ver": "v1", "alg": "HS256", "iat": 1608146411.5898666}, "signature": "410318e30c0a7274e5496c450973621af0c419ecf7590c28205ca6b716401c5e", "payload": {"device_name": "2A:68:65:37:E0:6A:9D:38", "device_type": "MANUAL-CAPTURE", "interval_ms": 3.389830508474576, "sensors": [{"name": "u", "units": "N/A"}, {"name": "d", "units": "N/A"}, {"name": "l", "units": "N/A"}, {"name": "r", "units": "N/A"}], "values": [[14, 15, 9, 25], [18, 17, 10, 28], [23, 22, 11, 31], [27, 26, 16, 39], [36, 32, 22, 46], [40, 34, 26, 52], [45, 40, 35, 60], [55, 46, 39, 62], [63, 52, 49, 71], [70, 58, 57, 75], [78, 64, 65, 77], [81, 66, 72, 77], [86, 70, 76, 80], [89, 72, 82, 81], [93, 74, 80, 75], [88, 71, 84, 75], [89, 72, 82, 75], [87, 72, 84, 73], [87, 73, 87, 72], [85, 70, 82, 65], [83, 68, 85, 65], [77, 66, 83, 59], [74, 63, 80, 52], [67, 57, 76, 47], [59, 53, 71, 41], [54, 51, 65, 35], [48, 45, 56, 29], [41, 38, 51, 25], [36, 34, 42, 20], [29, 28, 37, 15], [24, 24, 30, 11], [18, 21, 23, 8], [15, 17, 17, 8], [11, 12, 13, 5], [8, 10, 11, 6], [7, 7, 9, 9], [9, 11, 4, 4], [7, 6, 6, 6], [6, 7, 6, 5], [6, 3, 5, 8], [5, 4, 5, 8], [7, 6, 5, 7], [4, 4, 8, 10], [7, 5, 4, 8], [7, 6, 4, 4], [6, 5, 5, 6], [7, 6, 4, 4], [7, 5, 3, 6]]}}