{"protected": {"ver": "v1", "alg": "HS256", "iat": 1608146411.5608706}, "signature": "29d05b575bd9fa6bcf91fca0aa7df6d6dfc7513232b6342061dc425006f42506", "payload": {"device_name": "2A:68:65:37:E0:6A:9D:38", "device_type": "MANUAL-CAPTURE", "interval_ms": 3.389830508474576, "sensors": [{"name": "u", "units": "N/A"}, {"name": "d", "units": "N/A"}, {"name": "l", "units": "N/A"}, {"name": "r", "units": "N/A"}], "values": [[11, 16, 8, 16], [14, 19, 10, 26], [19, 21, 13, 32], [25, 25, 18, 43], [39, 38, 25, 57], [53, 45, 34, 72], [71, 59, 50, 88], [88, 69, 66, 108], [111, 87, 85, 122], [135, 100, 108, 136], [155, 114, 128, 144], [170, 124, 150, 151], [180, 132, 158, 154], [189, 138, 165, 159], [192, 143, 171, 152], [192, 141, 177, 148], [189, 142, 178, 146], [181, 138, 172, 136], [168, 129, 164, 119], [151, 119, 155, 97], [130, 106, 139, 80], [103, 87, 110, 59], [80, 71, 89, 43], [60, 55, 69, 24], [40, 39, 49, 15], [24, 25, 26, 9], [13, 11, 11, 7], [7, 4, 5, 6], [5, 3, 6, 8], [5, 5, 6, 6], [5, 4, 4, 7], [4, 4, 3, 5], [7, 6, 4, 4], [6, 5, 3, 5], [6, 5, 4, 8], [5, 5, 4, 7], [6, 4, 4, 5], [9, 9, 3, 4], [5, 5, 4, 4], [4, 4, 5, 6], [6, 6, 4, 7], [5, 5, 4, 4], [6, 5, 4, 4], [8, 5, 3, 4], [7, 5, 4, 7], [4, 2, 4, 5], [8, 5, 5, 6], [7, 4, 3, 4]]}}