{"protected": {"ver": "v1", "alg": "HS256", "iat": 1608146411.5728786}, "signature": "4cbdd6858df271fb331725931bd3f1b841be246f529cd592c23a09fc846171a3", "payload": {"device_name": "2A:68:65:37:E0:6A:9D:38", "device_type": "MANUAL-CAPTURE", "interval_ms": 3.389830508474576, "sensors": [{"name": "u", "units": "N/A"}, {"name": "d", "units": "N/A"}, {"name": "l", "units": "N/A"}, {"name": "r", "units": "N/A"}], "values": [[18, 13, 10, 19], [17, 14, 11, 20], [19, 16, 13, 23], [21, 16, 15, 27], [24, 20, 18, 26], [26, 20, 19, 26], [26, 23, 22, 28], [27, 21, 24, 28], [30, 26, 25, 30], [32, 28, 29, 32], [32, 28, 28, 32], [35, 31, 31, 32], [36, 31, 32, 31], [35, 31, 33, 33], [38, 32, 38, 33], [35, 32, 37, 30], [35, 31, 40, 32], [38, 32, 36, 32], [35, 32, 36, 28], [31, 29, 35, 29], [35, 34, 34, 29], [33, 32, 35, 28], [31, 31, 34, 26], [31, 30, 33, 25], [29, 31, 31, 24], [26, 29, 29, 21], [26, 27, 28, 22], [23, 26, 25, 19], [22, 23, 25, 18], [18, 21, 21, 16], [18, 21, 19, 13], [14, 18, 20, 12], [16, 18, 17, 11], [15, 18, 16, 10], [12, 13, 15, 10], [11, 10, 15, 9], [6, 9, 12, 8], [7, 8, 9, 7], [10, 9, 8, 6], [6, 8, 4, 6], [5, 7, 7, 6], [6, 5, 4, 7], [8, 7, 7, 8], [6, 4, 4, 5], [8, 5, 4, 7], [5, 4, 2, 4], [4, 4, 5, 4], [7, 5, 4, 7]]}}