{"protected": {"ver": "v1", "alg": "HS256", "iat": 1608146411.5528708}, "signature": "ed5299009b85f53625118770913e66c575ea91e64d5ad8ad54b5ab71dd5d52c7", "payload": {"device_name": "2A:68:65:37:E0:6A:9D:38", "device_type": "MANUAL-CAPTURE", "interval_ms": 3.389830508474576, "sensors": [{"name": "u", "units": "N/A"}, {"name": "d", "units": "N/A"}, {"name": "l", "units": "N/A"}, {"name": "r", "units": "N/A"}], "values": [[15, 10, 11, 21], [18, 13, 11, 24], [21, 16, 12, 24], [26, 20, 17, 29], [28, 24, 20, 32], [29, 24, 23, 34], [36, 28, 29, 37], [38, 33, 32, 42], [43, 38, 37, 46], [46, 41, 40, 49], [47, 44, 43, 48], [53, 48, 48, 53], [56, 53, 54, 56], [59, 52, 57, 59], [64, 55, 61, 58], [61, 58, 61, 58], [61, 55, 64, 55], [60, 58, 65, 52], [58, 54, 61, 48], [54, 54, 58, 46], [49, 53, 52, 42], [48, 50, 49, 42], [46, 48, 46, 42], [45, 49, 44, 42], [42, 45, 43, 42], [41, 45, 46, 40], [37, 44, 45, 36], [35, 39, 43, 32], [31, 36, 35, 25], [30, 32, 36, 23], [28, 29, 31, 15], [25, 25, 30, 15], [18, 23, 25, 9], [16, 18, 18, 9], [9, 14, 14, 5], [11, 11, 11, 8], [9, 8, 9, 5], [5, 6, 10, 6], [8, 8, 5, 6], [4, 4, 7, 5], [4, 4, 5, 6], [6, 4, 3, 4], [8, 7, 5, 4], [6, 4, 2, 5], [6, 4, 6, 6], [6, 4, 1, 4], [5, 5, 5, 6], [5, 3, 3, 5]]}}