{"protected": {"ver": "v1", "alg": "HS256", "iat": 1608146411.6058667}, "signature": "a302dacc285bdf777880c1a7decd50fedcce85c57ad08904793368506760f13f", "payload": {"device_name": "2A:68:65:37:E0:6A:9D:38", "device_type": "MANUAL-CAPTURE", "interval_ms": 3.389830508474576, "sensors": [{"name": "u", "units": "N/A"}, {"name": "d", "units": "N/A"}, {"name": "l", "units": "N/A"}, {"name": "r", "units": "N/A"}], "values": [[16, 15, 10, 21], [19, 13, 12, 25], [25, 18, 14, 32], [33, 25, 20, 39], [42, 28, 29, 46], [49, 31, 39, 52], [60, 39, 51, 56], [65, 42, 57, 54], [71, 49, 64, 57], [75, 47, 64, 50], [68, 45, 63, 50], [66, 45, 63, 50], [62, 43, 60, 49], [62, 45, 58, 44], [57, 42, 54, 41], [55, 42, 55, 43], [53, 40, 52, 39], [49, 39, 51, 34], [46, 39, 49, 34], [42, 35, 48, 32], [40, 33, 45, 27], [34, 31, 39, 25], [32, 29, 37, 21], [29, 28, 32, 18], [25, 25, 28, 18], [20, 23, 25, 19], [19, 23, 24, 17], [14, 19, 20, 17], [14, 18, 18, 18], [12, 16, 18, 16], [13, 16, 13, 13], [11, 15, 14, 12], [9, 14, 12, 11], [7, 8, 12, 12], [11, 11, 11, 11], [8, 11, 8, 9], [7, 10, 8, 8], [9, 10, 7, 9], [7, 8, 5, 6], [7, 9, 8, 6], [6, 7, 6, 6], [7, 7, 10, 8], [4, 4, 4, 6], [8, 7, 4, 6], [6, 5, 3, 5], [7, 6, 4, 4], [5, 4, 4, 7], [6, 6, 6, 5]]}}