{"protected": {"ver": "v1", "alg": "HS256", "iat": 1608146411.5688694}, "signature": "07bb83b7fae06a4a426509b4fe4238b7cc7a3854181db9ed47ece67293b3d358", "payload": {"device_name": "2A:68:65:37:E0:6A:9D:38", "device_type": "MANUAL-CAPTURE", "interval_ms": 3.389830508474576, "sensors": [{"name": "u", "units": "N/A"}, {"name": "d", "units": "N/A"}, {"name": "l", "units": "N/A"}, {"name": "r", "units": "N/A"}], "values": [[14, 11, 5, 21], [20, 14, 7, 28], [29, 21, 12, 35], [35, 26, 19, 44], [44, 34, 32, 53], [50, 42, 38, 60], [59, 50, 47, 66], [64, 52, 57, 70], [74, 63, 67, 73], [82, 71, 76, 74], [86, 76, 81, 78], [88, 75, 85, 77], [90, 80, 89, 78], [94, 80, 94, 81], [94, 79, 94, 82], [96, 81, 94, 83], [95, 78, 93, 82], [95, 80, 91, 81], [95, 80, 92, 80], [94, 81, 92, 81], [92, 82, 89, 77], [87, 78, 87, 76], [87, 79, 86, 72], [84, 78, 84, 73], [85, 77, 85, 76], [82, 77, 84, 73], [81, 77, 81, 70], [76, 73, 81, 65], [70, 70, 82, 62], [67, 65, 75, 53], [63, 60, 72, 48], [57, 51, 66, 39], [52, 45, 59, 32], [45, 39, 52, 22], [37, 33, 41, 15], [25, 25, 36, 13], [21, 22, 25, 6], [14, 17, 19, 7], [10, 11, 12, 8], [7, 8, 7, 4], [5, 8, 6, 4], [5, 6, 6, 9], [8, 6, 4, 5], [5, 4, 4, 6], [6, 7, 5, 5], [5, 2, 4, 6], [6, 4, 3, 5], [6, 5, 2, 5]]}}