{"protected": {"ver": "v1", "alg": "HS256", "iat": 1608146411.578868}, "signature": "21f3cdb154e24f880c562ced32518e9b5396d944ac098a0a09fe5129d2375995", "payload": {"device_name": "2A:68:65:37:E0:6A:9D:38", "device_type": "MANUAL-CAPTURE", "interval_ms": 3.389830508474576, "sensors": [{"name": "u", "units": "N/A"}, {"name": "d", "units": "N/A"}, {"name": "l", "units": "N/A"}, {"name": "r", "units": "N/A"}], "values": [[16, 12, 11, 18], [21, 14, 13, 22], [19, 14, 14, 23], [21, 18, 15, 22], [25, 18, 18, 26], [25, 19, 20, 27], [27, 21, 20, 25], [26, 24, 23, 25], [31, 23, 25, 29], [30, 25, 25, 30], [31, 25, 30, 28], [32, 25, 30, 30], [32, 29, 32, 32], [34, 28, 31, 28], [32, 27, 32, 29], [31, 30, 31, 25], [29, 27, 31, 27], [32, 29, 32, 27], [30, 26, 30, 25], [31, 30, 31, 25], [28, 26, 30, 25], [26, 25, 26, 21], [25, 25, 26, 23], [25, 25, 26, 20], [22, 23, 25, 19], [22, 24, 23, 18], [21, 22, 22, 15], [18, 19, 21, 17], [14, 15, 18, 14], [14, 17, 16, 11], [13, 16, 15, 12], [10, 13, 15, 11], [12, 13, 16, 12], [11, 11, 11, 8], [11, 11, 12, 7], [11, 11, 11, 9], [9, 11, 9, 7], [10, 9, 6, 5], [8, 10, 7, 5], [7, 6, 5, 6], [6, 5, 8, 8], [6, 5, 7, 6], [7, 7, 6, 7], [5, 5, 4, 5], [5, 5, 7, 6], [5, 5, 4, 4], [4, 4, 4, 7], [7, 5, 5, 7]]}}