{"protected": {"ver": "v1", "alg": "HS256", "iat": 1608146411.557867}, "signature": "49df68af7f9c059785b627a9329c37b1e280dc2357c3d92634004317d405f1d0", "payload": {"device_name": "2A:68:65:37:E0:6A:9D:38", "device_type": "MANUAL-CAPTURE", "interval_ms": 3.389830508474576, "sensors": [{"name": "u", "units": "N/A"}, {"name": "d", "units": "N/A"}, {"name": "l", "units": "N/A"}, {"name": "r", "units": "N/A"}], "values": [[10, 13, 11, 21], [15, 17, 10, 22], [19, 20, 14, 30], [25, 25, 15, 39], [38, 34, 22, 52], [52, 41, 34, 71], [69, 55, 47, 83], [85, 67, 65, 102], [108, 83, 81, 116], [126, 96, 102, 125], [140, 105, 118, 129], [148, 112, 128, 135], [155, 120, 137, 137], [160, 122, 143, 136], [161, 126, 143, 130], [158, 126, 150, 129], [150, 123, 146, 121], [143, 117, 140, 108], [126, 109, 129, 90], [109, 95, 120, 72], [91, 80, 102, 53], [72, 64, 81, 37], [54, 48, 63, 23], [39, 36, 45, 14], [30, 27, 32, 8], [17, 15, 18, 5], [11, 11, 11, 4], [9, 9, 6, 5], [5, 6, 4, 5], [4, 2, 5, 6], [4, 5, 4, 4], [7, 6, 3, 5], [6, 6, 3, 4], [7, 5, 4, 6], [6, 4, 4, 5], [6, 4, 7, 7], [4, 4, 3, 4], [7, 5, 5, 6], [5, 3, 4, 6], [9, 6, 5, 7], [7, 5, 4, 8], [4, 4, 5, 6], [6, 4, 5, 8], [5, 4, 3, 4], [4, 4, 5, 7], [4, 1, 4, 5], [5, 5, 4, 5], [7, 7, 4, 4]]}}