{"protected": {"ver": "v1", "alg": "HS256", "iat": 1608146411.5628707}, "signature": "aa190adce69eaac3ed042392ac545d4f85f4d01c536404c85d43a1d54e1b49f0", "payload": {"device_name": "2A:68:65:37:E0:6A:9D:38", "device_type": "MANUAL-CAPTURE", "interval_ms": 3.389830508474576, "sensors": [{"name": "u", "units": "N/A"}, {"name": "d", "units": "N/A"}, {"name": "l", "units": "N/A"}, {"name": "r", "units": "N/A"}], "values": [[12, 14, 10, 21], [18, 18, 10, 25], [18, 18, 11, 29], [28, 23, 14, 36], [35, 25, 20, 43], [39, 31, 25, 49], [47, 34, 34, 60], [57, 40, 39, 64], [65, 45, 46, 70], [75, 51, 54, 76], [85, 56, 63, 81], [92, 59, 73, 85], [101, 66, 77, 86], [107, 67, 84, 90], [109, 70, 89, 93], [116, 74, 94, 94], [121, 76, 100, 94], [114, 77, 104, 92], [115, 76, 101, 84], [113, 77, 99, 81], [107, 75, 94, 75], [103, 74, 91, 67], [92, 69, 87, 63], [84, 63, 83, 56], [74, 58, 78, 51], [66, 55, 71, 45], [57, 49, 65, 37], [47, 43, 57, 31], [42, 36, 48, 20], [32, 32, 42, 17], [26, 27, 34, 12], [21, 19, 25, 9], [15, 17, 18, 7], [11, 14, 16, 9], [6, 10, 11, 5], [4, 7, 9, 5], [4, 5, 5, 7], [7, 8, 8, 6], [8, 11, 8, 8], [7, 7, 5, 6], [6, 4, 5, 6], [7, 4, 4, 5], [6, 4, 6, 8], [6, 7, 4, 5], [7, 8, 4, 5], [5, 4, 4, 7], [6, 5, 4, 4], [6, 4, 4, 6]]}}