{"protected": {"ver": "v1", "alg": "HS256", "iat": 1608146411.6128683}, "signature": "cfe0d9c0e4615b2e139acd275e555aac706717bb7cbc524236d226037f84511b", "payload": {"device_name": "2A:68:65:37:E0:6A:9D:38", "device_type": "MANUAL-CAPTURE", "interval_ms": 3.389830508474576, "sensors": [{"name": "u", "units": "N/A"}, {"name": "d", "units": "N/A"}, {"name": "l", "units": "N/A"}, {"name": "r", "units": "N/A"}], "values": [[11, 12, 9, 19], [13, 14, 10, 20], [18, 18, 9, 24], [19, 18, 12, 27], [25, 21, 17, 31], [27, 25, 18, 33], [31, 28, 18, 37], [39, 32, 25, 44], [39, 31, 32, 45], [44, 35, 32, 45], [48, 38, 38, 48], [53, 38, 40, 50], [56, 40, 46, 50], [60, 45, 48, 51], [63, 46, 53, 53], [59, 46, 57, 52], [63, 45, 58, 51], [61, 45, 55, 49], [61, 45, 59, 48], [63, 46, 57, 43], [56, 40, 59, 42], [56, 41, 59, 39], [52, 40, 53, 33], [48, 36, 48, 29], [44, 35, 46, 26], [39, 30, 41, 22], [32, 27, 35, 16], [29, 25, 30, 15], [25, 20, 28, 11], [18, 17, 22, 9], [17, 15, 18, 10], [15, 13, 15, 8], [9, 10, 12, 8], [9, 9, 11, 7], [8, 5, 9, 7], [7, 8, 4, 5], [8, 7, 7, 7], [4, 7, 6, 7], [7, 7, 4, 5], [7, 8, 5, 7], [8, 8, 4, 8], [6, 6, 6, 6], [7, 4, 5, 9], [7, 8, 5, 8], [6, 6, 5, 6], [6, 4, 4, 6], [6, 6, 4, 4], [6, 4, 4, 9]]}}