{"protected": {"ver": "v1", "alg": "HS256", "iat": 1608146411.5668666}, "signature": "8c56f231646cf7417abb00a2a536d0d390a71d872d21722fc4d690b441b8fc44", "payload": {"device_name": "2A:68:65:37:E0:6A:9D:38", "device_type": "MANUAL-CAPTURE", "interval_ms": 3.389830508474576, "sensors": [{"name": "u", "units": "N/A"}, {"name": "d", "units": "N/A"}, {"name": "l", "units": "N/A"}, {"name": "r", "units": "N/A"}], "values": [[22, 15, 10, 31], [32, 22, 17, 40], [45, 28, 32, 53], [58, 36, 45, 59], [65, 43, 54, 60], [74, 51, 65, 59], [77, 52, 68, 59], [74, 54, 66, 56], [68, 53, 59, 58], [64, 50, 59, 60], [62, 51, 58, 59], [72, 56, 64, 62], [75, 59, 69, 66], [78, 64, 73, 68], [79, 67, 79, 69], [76, 64, 80, 64], [74, 60, 81, 63], [73, 61, 82, 56], [67, 61, 80, 52], [63, 58, 71, 42], [54, 52, 60, 35], [45, 47, 49, 28], [38, 40, 43, 26], [28, 36, 33, 26], [25, 31, 28, 25], [21, 29, 26, 23], [18, 27, 24, 26], [19, 26, 20, 20], [18, 24, 20, 20], [16, 19, 19, 17], [15, 18, 18, 15], [12, 17, 18, 12], [12, 13, 15, 7], [10, 11, 11, 7], [9, 7, 11, 9], [8, 10, 7, 5], [9, 9, 4, 6], [5, 4, 4, 7], [7, 4, 4, 7], [4, 4, 4, 5], [4, 4, 5, 6], [4, 1, 3, 7], [6, 5, 4, 7], [5, 4, 3, 4], [7, 4, 4, 8], [5, 5, 6, 7], [6, 5, 4, 6], [7, 4, 2, 4]]}}