{"protected": {"ver": "v1", "alg": "HS256", "iat": 1608146411.5538704}, "signature": "1dd15a0d2e3c8f0616460fba8f38c14af8899ed02cccbbc1d5c17b9e1bf9570c", "payload": {"device_name": "2A:68:65:37:E0:6A:9D:38", "device_type": "MANUAL-CAPTURE", "interval_ms": 3.389830508474576, "sensors": [{"name": "u", "units": "N/A"}, {"name": "d", "units": "N/A"}, {"name": "l", "units": "N/A"}, {"name": "r", "units": "N/A"}], "values": [[13, 9, 11, 20], [15, 13, 11, 24], [20, 17, 16, 25], [26, 20, 16, 28], [27, 22, 22, 32], [29, 23, 25, 33], [33, 28, 30, 35], [38, 32, 31, 39], [39, 33, 32, 39], [40, 35, 34, 39], [42, 38, 38, 42], [45, 41, 41, 44], [45, 41, 45, 46], [43, 39, 44, 43], [49, 44, 48, 46], [47, 43, 48, 43], [46, 44, 52, 42], [43, 41, 49, 38], [40, 40, 47, 34], [39, 40, 46, 35], [35, 36, 44, 31], [35, 38, 40, 29], [36, 38, 33, 24], [32, 37, 32, 25], [30, 31, 31, 24], [23, 29, 30, 24], [20, 25, 29, 22], [18, 24, 22, 20], [18, 25, 21, 19], [18, 23, 19, 18], [15, 18, 19, 14], [11, 15, 18, 12], [11, 14, 17, 12], [11, 15, 14, 8], [11, 12, 11, 7], [8, 10, 11, 5], [9, 10, 8, 8], [7, 10, 8, 4], [7, 6, 8, 9], [9, 6, 6, 6], [5, 4, 5, 5], [7, 6, 3, 5], [8, 7, 6, 6], [6, 3, 5, 6], [5, 3, 4, 6], [5, 4, 5, 7], [5, 4, 3, 8], [5, 4, 1, 4]]}}