{"protected": {"ver": "v1", "alg": "HS256", "iat": 1608146411.570868}, "signature": "395db0ebec9d33212dc76368967be9b06507ba2f26944350b1597d69990b9dc5", "payload": {"device_name": "2A:68:65:37:E0:6A:9D:38", "device_type": "MANUAL-CAPTURE", "interval_ms": 3.389830508474576, "sensors": [{"name": "u", "units": "N/A"}, {"name": "d", "units": "N/A"}, {"name": "l", "units": "N/A"}, {"name": "r", "units": "N/A"}], "values": [[15, 12, 6, 18], [18, 13, 11, 24], [21, 16, 13, 26], [25, 21, 17, 28], [26, 19, 20, 29], [31, 24, 22, 33], [33, 26, 25, 32], [34, 30, 28, 34], [36, 29, 29, 34], [37, 31, 33, 38], [38, 32, 36, 39], [39, 35, 37, 39], [40, 39, 39, 42], [42, 38, 39, 40], [46, 42, 43, 43], [44, 40, 46, 41], [46, 39, 46, 39], [45, 41, 45, 39], [41, 41, 45, 37], [40, 38, 45, 36], [39, 38, 43, 33], [38, 37, 43, 32], [37, 38, 39, 31], [34, 33, 37, 30], [34, 36, 38, 29], [31, 32, 32, 25], [26, 28, 34, 24], [27, 31, 31, 23], [22, 27, 27, 21], [17, 24, 24, 17], [18, 22, 20, 15], [17, 18, 18, 12], [12, 16, 18, 9], [11, 15, 15, 9], [11, 12, 13, 9], [10, 11, 11, 7], [7, 7, 8, 6], [7, 8, 8, 5], [7, 5, 6, 7], [6, 8, 4, 5], [5, 4, 5, 6], [5, 4, 4, 6], [6, 6, 1, 5], [4, 3, 4, 5], [7, 4, 4, 7], [9, 6, 5, 7], [6, 4, 5, 5], [4, 2, 3, 5]]}}