{"protected": {"ver": "v1", "alg": "HS256", "iat": 1608146411.6028705}, "signature": "530a8ffcdb0c1c7c04b30d2131cfe9bc5b1c8a910ad8cbdc08a3850fc83f8ba7", "payload": {"device_name": "2A:68:65:37:E0:6A:9D:38", "device_type": "MANUAL-CAPTURE", "interval_ms": 3.389830508474576, "sensors": [{"name": "u", "units": "N/A"}, {"name": "d", "units": "N/A"}, {"name": "l", "units": "N/A"}, {"name": "r", "units": "N/A"}], "values": [[19, 14, 10, 26], [22, 14, 15, 28], [31, 21, 18, 32], [35, 24, 25, 37], [38, 26, 27, 39], [41, 30, 35, 39], [43, 32, 33, 36], [45, 35, 37, 41], [48, 38, 42, 45], [45, 38, 43, 46], [47, 39, 42, 47], [50, 43, 45, 50], [52, 43, 52, 53], [57, 47, 52, 50], [59, 50, 55, 52], [60, 50, 60, 53], [61, 53, 60, 49], [59, 51, 59, 47], [56, 50, 64, 46], [57, 51, 61, 43], [53, 47, 60, 39], [46, 45, 53, 33], [43, 43, 46, 32], [38, 41, 40, 28], [29, 36, 32, 26], [29, 39, 31, 29], [22, 34, 25, 24], [18, 31, 21, 22], [18, 28, 19, 20], [16, 23, 20, 18], [11, 20, 16, 11], [12, 18, 13, 10], [7, 13, 11, 9], [7, 12, 8, 8], [6, 9, 10, 8], [4, 6, 6, 5], [7, 6, 4, 5], [6, 7, 4, 6], [5, 4, 6, 8], [6, 5, 4, 6], [5, 3, 7, 7], [7, 5, 3, 4], [6, 4, 5, 7], [6, 4, 4, 5], [7, 3, 4, 4], [7, 5, 2, 4], [6, 4, 4, 5], [5, 3, 3, 4]]}}