{"protected": {"ver": "v1", "alg": "HS256", "iat": 1608146411.5588703}, "signature": "4022b966c5403fe1a04794c8e1ec38c5ca42e930ad72b58fe5a0db63b1216387", "payload": {"device_name": "2A:68:65:37:E0:6A:9D:38", "device_type": "MANUAL-CAPTURE", "interval_ms": 3.389830508474576, "sensors": [{"name": "u", "units": "N/A"}, {"name": "d", "units": "N/A"}, {"name": "l", "units": "N/A"}, {"name": "r", "units": "N/A"}], "values": [[10, 14, 9, 21], [14, 18, 10, 30], [24, 29, 17, 46], [38, 45, 24, 64], [54, 58, 41, 84], [73, 73, 60, 103], [98, 92, 84, 124], [122, 111, 107, 141], [143, 129, 128, 151], [161, 140, 149, 157], [171, 145, 164, 157], [180, 151, 168, 157], [178, 148, 169, 150], [176, 143, 168, 142], [169, 141, 165, 132], [158, 133, 158, 124], [144, 122, 147, 105], [129, 112, 140, 90], [110, 98, 122, 69], [93, 83, 105, 53], [71, 66, 82, 39], [55, 53, 66, 27], [44, 39, 48, 18], [28, 27, 34, 9], [17, 17, 22, 9], [9, 9, 12, 9], [6, 6, 7, 5], [7, 5, 5, 7], [7, 4, 4, 4], [8, 6, 5, 9], [5, 4, 4, 4], [2, 2, 4, 4], [7, 6, 4, 5], [7, 5, 4, 6], [6, 4, 4, 6], [4, 4, 5, 7], [5, 3, 4, 6], [7, 6, 4, 7], [4, 3, 2, 4], [6, 6, 4, 7], [5, 5, 2, 4], [4, 3, 4, 5], [7, 5, 3, 5], [8, 6, 4, 6], [6, 6, 5, 5], [7, 5, 4, 6], [7, 5, 5, 8], [4, 4, 3, 5]]}}