{"protected": {"ver": "v1", "alg": "HS256", "iat": 1608146411.5568671}, "signature": "ce60b3229ee4a2c22f45d8c0dece4953068dd9422d96abd5b0b20970151b7ead", "payload": {"device_name": "2A:68:65:37:E0:6A:9D:38", "device_type": "MANUAL-CAPTURE", "interval_ms": 3.389830508474576, "sensors": [{"name": "u", "units": "N/A"}, {"name": "d", "units": "N/A"}, {"name": "l", "units": "N/A"}, {"name": "r", "units": "N/A"}], "values": [[18, 16, 9, 25], [24, 18, 15, 31], [27, 21, 25, 39], [36, 28, 29, 43], [44, 33, 37, 46], [47, 38, 41, 44], [51, 38, 42, 44], [50, 40, 43, 44], [52, 40, 43, 46], [52, 43, 45, 50], [53, 43, 45, 49], [54, 45, 50, 51], [55, 45, 52, 53], [58, 48, 56, 53], [57, 50, 56, 49], [60, 52, 61, 49], [56, 49, 59, 46], [56, 48, 62, 46], [52, 46, 57, 39], [46, 45, 52, 34], [45, 43, 52, 33], [43, 40, 45, 33], [37, 39, 42, 31], [35, 37, 38, 30], [32, 37, 36, 32], [30, 35, 34, 28], [30, 34, 33, 29], [26, 32, 32, 26], [27, 31, 31, 27], [25, 27, 30, 24], [23, 25, 29, 21], [21, 24, 28, 20], [22, 22, 23, 13], [18, 18, 24, 13], [15, 18, 19, 9], [12, 12, 15, 6], [8, 10, 14, 8], [8, 11, 11, 7], [7, 8, 7, 5], [6, 4, 6, 5], [9, 8, 6, 6], [5, 8, 6, 5], [5, 5, 4, 5], [6, 3, 3, 6], [6, 4, 4, 4], [5, 4, 3, 4], [3, 3, 4, 4], [3, 4, 2, 4]]}}