{"protected": {"ver": "v1", "alg": "HS256", "iat": 1608146411.5558686}, "signature": "52bd1f77214fc6114137dedbd62ef6789efbad867125e955ebc0344d851186b1", "payload": {"device_name": "2A:68:65:37:E0:6A:9D:38", "device_type": "MANUAL-CAPTURE", "interval_ms": 3.389830508474576, "sensors": [{"name": "u", "units": "N/A"}, {"name": "d", "units": "N/A"}, {"name": "l", "units": "N/A"}, {"name": "r", "units": "N/A"}], "values": [[18, 15, 9, 22], [20, 17, 13, 25], [23, 21, 19, 32], [32, 27, 25, 38], [37, 30, 27, 37], [39, 32, 29, 36], [41, 34, 34, 39], [44, 36, 37, 41], [46, 38, 38, 41], [46, 39, 39, 44], [45, 38, 41, 44], [48, 39, 44, 46], [47, 40, 46, 46], [48, 42, 46, 46], [46, 43, 46, 44], [46, 44, 49, 41], [45, 41, 46, 33], [43, 40, 47, 35], [39, 41, 46, 33], [36, 38, 42, 31], [32, 35, 38, 25], [27, 31, 33, 25], [27, 31, 32, 25], [25, 31, 27, 22], [22, 25, 25, 19], [18, 24, 23, 18], [16, 23, 21, 18], [18, 25, 20, 17], [17, 21, 18, 14], [15, 18, 18, 15], [15, 18, 14, 12], [12, 15, 16, 12], [10, 11, 13, 8], [11, 11, 11, 9], [10, 11, 11, 6], [7, 9, 11, 6], [9, 11, 10, 8], [6, 7, 6, 5], [7, 7, 4, 5], [5, 4, 4, 6], [4, 3, 4, 6], [6, 4, 6, 7], [3, 3, 3, 6], [8, 5, 6, 8], [7, 7, 4, 4], [5, 4, 5, 6], [8, 4, 4, 7], [5, 3, 4, 5]]}}