{"protected": {"ver": "v1", "alg": "HS256", "iat": 1608146411.569869}, "signature": "882922fcd9f873fd1f039e0306bf752126aae453099affd1e302dbb0bddf21f7", "payload": {"device_name": "2A:68:65:37:E0:6A:9D:38", "device_type": "MANUAL-CAPTURE", "interval_ms": 3.389830508474576, "sensors": [{"name": "u", "units": "N/A"}, {"name": "d", "units": "N/A"}, {"name": "l", "units": "N/A"}, {"name": "r", "units": "N/A"}], "values": [[15, 14, 9, 19], [18, 14, 11, 24], [24, 19, 15, 25], [21, 18, 17, 29], [26, 20, 19, 32], [29, 25, 23, 34], [32, 24, 24, 36], [37, 29, 27, 36], [38, 31, 31, 42], [40, 34, 38, 44], [45, 37, 39, 42], [43, 38, 41, 45], [47, 40, 42, 43], [48, 43, 47, 46], [52, 44, 47, 44], [49, 43, 43, 40], [51, 44, 46, 42], [49, 45, 47, 43], [46, 42, 46, 42], [45, 41, 46, 39], [43, 37, 46, 43], [46, 39, 46, 40], [43, 39, 46, 39], [43, 38, 41, 38], [41, 38, 43, 36], [41, 36, 39, 31], [38, 33, 39, 29], [35, 30, 38, 28], [35, 31, 38, 27], [31, 28, 35, 25], [29, 27, 36, 20], [26, 25, 29, 16], [22, 21, 28, 15], [20, 19, 25, 13], [17, 18, 22, 11], [14, 13, 18, 10], [15, 16, 15, 8], [10, 10, 12, 5], [7, 10, 7, 5], [10, 10, 8, 7], [9, 9, 9, 8], [5, 5, 5, 5], [6, 6, 6, 6], [5, 3, 4, 6], [8, 8, 2, 5], [8, 4, 3, 4], [6, 4, 3, 5], [5, 4, 4, 6]]}}