{"protected": {"ver": "v1", "alg": "HS256", "iat": 1608146411.5798655}, "signature": "c3bc9ac81c37401012957f3300eef36b4a6233f22c998550a6cae38100e83f5c", "payload": {"device_name": "2A:68:65:37:E0:6A:9D:38", "device_type": "MANUAL-CAPTURE", "interval_ms": 3.389830508474576, "sensors": [{"name": "u", "units": "N/A"}, {"name": "d", "units": "N/A"}, {"name": "l", "units": "N/A"}, {"name": "r", "units": "N/A"}], "values": [[11, 16, 6, 18], [12, 15, 7, 19], [13, 17, 8, 22], [19, 21, 11, 32], [22, 23, 15, 38], [33, 28, 18, 47], [41, 34, 25, 54], [53, 40, 36, 65], [66, 47, 46, 75], [77, 53, 56, 82], [94, 61, 71, 94], [102, 67, 79, 95], [113, 74, 93, 98], [117, 75, 96, 96], [119, 79, 98, 95], [120, 80, 100, 91], [121, 80, 107, 94], [122, 80, 105, 89], [115, 78, 104, 85], [111, 75, 104, 79], [101, 70, 96, 65], [92, 66, 96, 60], [80, 57, 84, 46], [66, 49, 71, 36], [54, 42, 58, 26], [44, 35, 52, 23], [33, 30, 38, 16], [25, 24, 31, 11], [18, 19, 24, 9], [11, 14, 18, 11], [9, 11, 15, 9], [7, 10, 10, 6], [9, 10, 10, 7], [9, 8, 8, 5], [6, 8, 8, 9], [8, 7, 7, 6], [7, 6, 7, 6], [4, 5, 6, 4], [7, 4, 6, 5], [7, 4, 7, 7], [5, 4, 4, 6], [6, 6, 4, 6], [7, 6, 6, 8], [7, 4, 4, 5], [7, 5, 5, 7], [5, 6, 4, 5], [4, 3, 4, 7], [7, 4, 4, 6]]}}