{"protected": {"ver": "v1", "alg": "HS256", "iat": 1608146411.6168673}, "signature": "151f08ae9e98b36a5bdebd58ccc91f5a534a9771e91b7bceb64d1b5e88e6c08a", "payload": {"device_name": "2A:68:65:37:E0:6A:9D:38", "device_type": "MANUAL-CAPTURE", "interval_ms": 3.389830508474576, "sensors": [{"name": "u", "units": "N/A"}, {"name": "d", "units": "N/A"}, {"name": "l", "units": "N/A"}, {"name": "r", "units": "N/A"}], "values": [[13, 12, 10, 18], [15, 12, 9, 18], [17, 14, 12, 23], [18, 16, 12, 25], [25, 19, 13, 28], [25, 21, 12, 27], [29, 24, 17, 33], [34, 25, 20, 39], [37, 27, 23, 38], [44, 31, 26, 45], [47, 35, 32, 51], [53, 38, 39, 58], [59, 42, 42, 58], [63, 45, 48, 63], [72, 48, 56, 65], [77, 52, 61, 67], [82, 53, 65, 69], [87, 58, 72, 72], [90, 60, 77, 74], [91, 61, 80, 72], [95, 63, 84, 72], [94, 62, 88, 71], [97, 64, 89, 69], [96, 65, 91, 68], [94, 61, 87, 61], [86, 57, 86, 55], [83, 58, 82, 49], [76, 55, 79, 45], [67, 48, 69, 35], [59, 41, 60, 26], [51, 40, 55, 24], [39, 32, 43, 15], [32, 26, 34, 12], [19, 21, 26, 10], [16, 16, 18, 10], [11, 13, 15, 9], [12, 13, 13, 8], [8, 8, 8, 8], [7, 7, 6, 6], [7, 8, 6, 7], [10, 9, 6, 7], [6, 6, 5, 8], [7, 6, 4, 6], [6, 6, 5, 7], [6, 4, 4, 8], [7, 6, 5, 7], [9, 6, 6, 9], [7, 4, 3, 4]]}}