{"protected": {"ver": "v1", "alg": "HS256", "iat": 1608146411.5938675}, "signature": "10ae279e46c474847d20a2105a6626c3ab42c5a0e86bc6bfdb6acf7e33b35c40", "payload": {"device_name": "2A:68:65:37:E0:6A:9D:38", "device_type": "MANUAL-CAPTURE", "interval_ms": 3.389830508474576, "sensors": [{"name": "u", "units": "N/A"}, {"name": "d", "units": "N/A"}, {"name": "l", "units": "N/A"}, {"name": "r", "units": "N/A"}], "values": [[17, 11, 8, 18], [18, 13, 12, 24], [21, 15, 14, 25], [24, 18, 17, 24], [23, 18, 18, 25], [26, 20, 21, 27], [29, 23, 22, 31], [30, 23, 25, 31], [32, 23, 29, 34], [33, 26, 27, 32], [35, 30, 32, 35], [36, 32, 31, 34], [39, 31, 35, 34], [37, 32, 33, 34], [43, 36, 37, 35], [42, 35, 40, 35], [40, 37, 41, 35], [42, 38, 42, 36], [39, 34, 42, 34], [42, 36, 42, 33], [40, 36, 41, 35], [40, 38, 39, 32], [36, 34, 40, 32], [38, 35, 36, 28], [32, 33, 37, 28], [34, 32, 36, 28], [33, 32, 32, 27], [30, 30, 33, 25], [28, 31, 32, 25], [27, 29, 32, 23], [24, 25, 31, 22], [22, 25, 27, 18], [19, 21, 23, 15], [19, 20, 20, 11], [16, 18, 21, 11], [11, 14, 19, 11], [11, 14, 18, 10], [11, 12, 12, 7], [11, 12, 13, 8], [8, 10, 10, 6], [9, 8, 10, 9], [7, 9, 6, 4], [6, 5, 7, 7], [6, 4, 5, 7], [6, 4, 4, 6], [7, 5, 7, 6], [8, 4, 4, 4], [7, 5, 5, 6]]}}