{"protected": {"ver": "v1", "alg": "HS256", "iat": 1608146411.5878687}, "signature": "215bccde47d4e3b9fbbfafeb9e352e964a10c190b399a95f15f5d72b7f526e60", "payload": {"device_name": "2A:68:65:37:E0:6A:9D:38", "device_type": "MANUAL-CAPTURE", "interval_ms": 3.389830508474576, "sensors": [{"name": "u", "units": "N/A"}, {"name": "d", "units": "N/A"}, {"name": "l", "units": "N/A"}, {"name": "r", "units": "N/A"}], "values": [[13, 14, 7, 18], [16, 16, 6, 21], [21, 18, 11, 25], [25, 21, 15, 32], [29, 25, 19, 36], [35, 28, 22, 42], [39, 30, 27, 48], [50, 38, 33, 53], [55, 40, 36, 54], [57, 41, 46, 60], [65, 45, 49, 60], [67, 46, 55, 62], [72, 49, 60, 63], [74, 53, 63, 64], [75, 52, 66, 63], [75, 55, 65, 61], [73, 56, 66, 61], [75, 57, 67, 60], [73, 55, 70, 62], [76, 57, 71, 61], [72, 56, 72, 59], [67, 54, 72, 53], [63, 51, 70, 49], [65, 51, 67, 44], [59, 47, 62, 39], [53, 43, 59, 37], [47, 40, 57, 31], [42, 37, 47, 24], [38, 33, 44, 19], [31, 29, 38, 15], [26, 25, 33, 14], [22, 22, 27, 11], [18, 18, 24, 11], [15, 16, 16, 8], [10, 12, 15, 9], [9, 8, 11, 7], [8, 11, 9, 8], [7, 8, 8, 7], [10, 9, 7, 7], [4, 5, 4, 5], [8, 6, 5, 7], [7, 7, 5, 6], [9, 8, 4, 6], [5, 4, 5, 6], [7, 8, 8, 8], [8, 5, 4, 5], [7, 7, 4, 5], [7, 5, 4, 7]]}}