{"protected": {"ver": "v1", "alg": "HS256", "iat": 1608146411.596871}, "signature": "cafbad2aab2f1099604aee3bcd5e8e6e580602ad23f08f500941ef871838af82", "payload": {"device_name": "2A:68:65:37:E0:6A:9D:38", "device_type": "MANUAL-CAPTURE", "interval_ms": 3.389830508474576, "sensors": [{"name": "u", "units": "N/A"}, {"name": "d", "units": "N/A"}, {"name": "l", "units": "N/A"}, {"name": "r", "units": "N/A"}], "values": [[20, 13, 11, 24], [20, 12, 15, 26], [26, 17, 17, 29], [29, 19, 18, 30], [32, 20, 23, 33], [34, 25, 25, 35], [36, 25, 26, 34], [39, 30, 31, 39], [43, 32, 34, 43], [44, 32, 36, 43], [45, 37, 38, 46], [47, 39, 44, 46], [49, 38, 43, 44], [51, 43, 49, 48], [53, 46, 47, 46], [50, 44, 52, 49], [56, 51, 52, 46], [54, 47, 56, 46], [51, 46, 54, 45], [49, 47, 52, 44], [48, 48, 53, 42], [47, 48, 48, 39], [42, 46, 47, 40], [37, 44, 46, 39], [37, 47, 41, 33], [32, 43, 38, 31], [25, 40, 33, 26], [22, 37, 31, 23], [18, 32, 23, 18], [16, 29, 24, 18], [12, 23, 18, 15], [11, 19, 12, 9], [7, 15, 12, 10], [9, 13, 10, 10], [5, 9, 9, 9], [4, 9, 7, 8], [7, 7, 4, 6], [7, 8, 5, 4], [5, 6, 4, 5], [4, 3, 3, 4], [6, 6, 3, 6], [6, 4, 4, 6], [5, 5, 4, 6], [4, 5, 5, 5], [6, 3, 3, 4], [4, 4, 6, 5], [4, 4, 4, 5], [5, 4, 2, 5]]}}