{"protected": {"ver": "v1", "alg": "HS256", "iat": 1608146411.5908675}, "signature": "e3757ca65ff8f91180cabbb54e66470d07e44ebb9b2aa28bd4a2c5992f4ead8e", "payload": {"device_name": "2A:68:65:37:E0:6A:9D:38", "device_type": "MANUAL-CAPTURE", "interval_ms": 3.389830508474576, "sensors": [{"name": "u", "units": "N/A"}, {"name": "d", "units": "N/A"}, {"name": "l", "units": "N/A"}, {"name": "r", "units": "N/A"}], "values": [[11, 16, 7, 19], [16, 17, 10, 25], [20, 21, 11, 31], [26, 25, 13, 36], [36, 33, 22, 46], [45, 37, 28, 56], [53, 43, 39, 67], [65, 50, 46, 74], [74, 57, 54, 81], [86, 61, 67, 87], [94, 70, 75, 88], [103, 74, 87, 92], [109, 76, 95, 93], [108, 78, 97, 94], [112, 80, 98, 90], [111, 81, 101, 91], [110, 80, 101, 86], [109, 79, 100, 84], [107, 81, 100, 80], [101, 77, 98, 74], [95, 73, 95, 67], [88, 69, 93, 65], [83, 65, 88, 55], [75, 59, 79, 45], [66, 53, 74, 42], [57, 48, 67, 34], [51, 43, 58, 27], [43, 36, 49, 22], [35, 31, 43, 18], [28, 24, 36, 15], [23, 21, 28, 10], [18, 17, 22, 10], [15, 14, 18, 9], [12, 12, 12, 7], [7, 9, 9, 4], [6, 6, 9, 8], [8, 7, 6, 7], [9, 9, 7, 7], [5, 6, 4, 7], [6, 5, 6, 7], [6, 5, 4, 6], [6, 5, 4, 8], [8, 6, 4, 5], [8, 6, 5, 7], [7, 7, 3, 6], [5, 5, 6, 7], [4, 5, 5, 7], [7, 4, 5, 7]]}}