{"protected": {"ver": "v1", "alg": "HS256", "iat": 1608146411.6558657}, "signature": "a53af7230cbbe567b0058cd8e8bb16e18c64befe592fedc8d63de369e42b658a", "payload": {"device_name": "2A:68:65:37:E0:6A:9D:38", "device_type": "MANUAL-CAPTURE", "interval_ms": 3.389830508474576, "sensors": [{"name": "u", "units": "N/A"}, {"name": "d", "units": "N/A"}, {"name": "l", "units": "N/A"}, {"name": "r", "units": "N/A"}], "values": [[13, 14, 16, 11], [13, 13, 17, 12], [17, 18, 20, 14], [18, 18, 21, 14], [17, 19, 23, 18], [19, 19, 27, 18], [20, 23, 26, 21], [25, 25, 28, 23], [27, 26, 30, 22], [29, 28, 33, 25], [31, 32, 32, 25], [34, 31, 35, 26], [32, 32, 39, 29], [37, 34, 38, 31], [40, 34, 40, 31], [40, 35, 45, 35], [39, 34, 46, 35], [45, 38, 47, 37], [45, 36, 47, 39], [45, 37, 49, 39], [49, 40, 46, 37], [49, 42, 50, 41], [51, 41, 48, 46], [52, 40, 46, 42], [49, 38, 44, 44], [51, 40, 42, 45], [49, 38, 37, 43], [46, 37, 35, 45], [44, 31, 31, 43], [37, 29, 22, 39], [36, 28, 23, 39], [32, 24, 17, 32], [26, 21, 11, 26], [23, 17, 10, 26], [18, 17, 6, 18], [14, 15, 4, 17], [15, 13, 4, 14], [10, 9, 4, 10], [7, 6, 5, 10], [7, 7, 4, 10], [8, 6, 2, 5], [7, 5, 4, 7], [5, 4, 5, 7], [6, 6, 4, 8], [7, 8, 3, 6], [6, 4, 5, 7], [7, 5, 4, 5], [7, 4, 5, 7]]}}