{"protected": {"ver": "v1", "alg": "HS256", "iat": 1608146411.6378698}, "signature": "aada84262ff4971d9a620f3762437965fffa85632b0b3b282912d73b3559e1ef", "payload": {"device_name": "2A:68:65:37:E0:6A:9D:38", "device_type": "MANUAL-CAPTURE", "interval_ms": 3.389830508474576, "sensors": [{"name": "u", "units": "N/A"}, {"name": "d", "units": "N/A"}, {"name": "l", "units": "N/A"}, {"name": "r", "units": "N/A"}], "values": [[11, 15, 15, 11], [11, 15, 17, 13], [17, 19, 19, 14], [15, 18, 22, 15], [19, 21, 25, 17], [18, 21, 24, 18], [21, 22, 26, 19], [22, 23, 25, 20], [23, 24, 28, 22], [24, 24, 30, 22], [28, 28, 32, 25], [29, 28, 35, 27], [31, 29, 37, 29], [33, 32, 36, 28], [34, 33, 37, 29], [33, 34, 39, 31], [39, 35, 40, 33], [38, 34, 39, 35], [41, 37, 39, 34], [39, 37, 39, 34], [39, 35, 40, 37], [39, 35, 35, 35], [41, 38, 37, 39], [38, 33, 35, 36], [39, 33, 33, 35], [38, 32, 28, 34], [34, 29, 26, 35], [34, 30, 25, 32], [30, 24, 20, 32], [30, 24, 18, 32], [26, 20, 17, 26], [24, 19, 14, 29], [20, 17, 11, 25], [19, 16, 11, 21], [18, 16, 7, 19], [13, 11, 6, 18], [14, 11, 6, 15], [14, 11, 5, 14], [11, 11, 4, 11], [7, 5, 1, 6], [9, 8, 6, 9], [9, 7, 4, 7], [7, 4, 5, 5], [5, 3, 6, 5], [5, 5, 7, 10], [5, 6, 7, 8], [6, 5, 5, 7], [8, 6, 4, 5]]}}