{"protected": {"ver": "v1", "alg": "HS256", "iat": 1608146411.6408691}, "signature": "e7b5c030070ced086e056e5d573ab2e75d1745187352375bcd2b9a9c767bab18", "payload": {"device_name": "2A:68:65:37:E0:6A:9D:38", "device_type": "MANUAL-CAPTURE", "interval_ms": 3.389830508474576, "sensors": [{"name": "u", "units": "N/A"}, {"name": "d", "units": "N/A"}, {"name": "l", "units": "N/A"}, {"name": "r", "units": "N/A"}], "values": [[13, 14, 14, 11], [12, 13, 17, 14], [15, 20, 18, 14], [17, 20, 21, 18], [18, 20, 24, 18], [19, 24, 24, 20], [23, 28, 29, 22], [25, 29, 32, 23], [28, 29, 35, 25], [32, 34, 39, 27], [34, 34, 43, 28], [41, 38, 50, 32], [44, 41, 53, 35], [46, 45, 60, 41], [54, 51, 66, 45], [60, 54, 66, 47], [65, 56, 71, 54], [70, 59, 73, 60], [74, 59, 77, 64], [80, 63, 76, 66], [81, 62, 75, 68], [84, 66, 78, 69], [87, 67, 88, 73], [98, 70, 102, 74], [113, 73, 114, 87], [130, 76, 113, 97], [136, 78, 98, 106], [124, 69, 74, 106], [100, 57, 46, 85], [73, 46, 24, 65], [47, 36, 13, 45], [29, 26, 7, 28], [17, 18, 7, 22], [11, 13, 5, 17], [11, 11, 4, 12], [8, 8, 3, 8], [5, 7, 6, 9], [5, 4, 6, 9], [8, 7, 6, 8], [9, 7, 3, 6], [7, 7, 6, 6], [5, 4, 4, 7], [6, 4, 4, 7], [8, 5, 6, 7], [7, 6, 4, 7], [8, 6, 5, 4], [4, 3, 4, 6], [8, 5, 4, 8]]}}