{"protected": {"ver": "v1", "alg": "HS256", "iat": 1608146411.6668673}, "signature": "95c49769116eaee867d9dd526d6401cfbbbffc63d43c2c3c1b3f6109768b3a09", "payload": {"device_name": "2A:68:65:37:E0:6A:9D:38", "device_type": "MANUAL-CAPTURE", "interval_ms": 3.389830508474576, "sensors": [{"name": "u", "units": "N/A"}, {"name": "d", "units": "N/A"}, {"name": "l", "units": "N/A"}, {"name": "r", "units": "N/A"}], "values": [[16, 18, 17, 11], [12, 13, 18, 14], [13, 16, 18, 14], [18, 19, 21, 15], [18, 17, 22, 18], [19, 18, 23, 16], [20, 22, 24, 15], [22, 24, 29, 21], [25, 25, 27, 18], [25, 25, 28, 20], [25, 26, 31, 22], [29, 28, 32, 23], [30, 28, 33, 25], [31, 32, 35, 27], [29, 30, 36, 26], [34, 33, 37, 30], [34, 33, 36, 30], [37, 32, 35, 33], [37, 35, 36, 32], [37, 33, 38, 37], [39, 36, 38, 36], [37, 32, 38, 35], [40, 32, 38, 39], [41, 32, 36, 37], [42, 33, 32, 38], [38, 31, 30, 39], [36, 30, 27, 37], [35, 28, 21, 39], [32, 24, 18, 32], [29, 22, 17, 31], [24, 20, 12, 25], [20, 17, 9, 22], [17, 16, 6, 20], [13, 13, 5, 14], [10, 10, 5, 12], [8, 10, 4, 11], [9, 9, 6, 11], [6, 7, 5, 11], [6, 5, 5, 8], [6, 7, 4, 7], [10, 8, 4, 8], [8, 5, 3, 6], [7, 6, 5, 6], [7, 7, 2, 5], [5, 4, 4, 6], [6, 7, 4, 6], [8, 6, 4, 8], [7, 7, 3, 4]]}}