{"protected": {"ver": "v1", "alg": "HS256", "iat": 1608146411.6448693}, "signature": "13ccd6c19f19fe16539ff1cd9a80af69eb3c33e3981af7aff65c0456b7215d7b", "payload": {"device_name": "2A:68:65:37:E0:6A:9D:38", "device_type": "MANUAL-CAPTURE", "interval_ms": 3.389830508474576, "sensors": [{"name": "u", "units": "N/A"}, {"name": "d", "units": "N/A"}, {"name": "l", "units": "N/A"}, {"name": "r", "units": "N/A"}], "values": [[15, 15, 8, 17], [10, 11, 6, 13], [6, 7, 5, 11], [7, 8, 4, 10], [8, 8, 4, 9], [7, 6, 5, 9], [7, 4, 4, 9], [6, 4, 6, 8], [7, 5, 4, 7], [9, 6, 4, 7], [5, 3, 4, 7], [6, 7, 5, 8], [6, 6, 3, 4], [7, 4, 4, 7], [8, 4, 4, 6], [8, 5, 5, 6], [8, 4, 5, 7], [9, 8, 8, 7], [5, 5, 5, 6], [4, 4, 5, 5], [7, 6, 4, 7], [4, 4, 5, 6], [9, 5, 4, 7], [7, 4, 4, 7], [6, 4, 5, 8], [6, 4, 3, 6], [4, 4, 6, 8], [8, 6, 5, 9], [7, 5, 5, 7], [5, 4, 5, 8], [5, 4, 5, 8], [8, 9, 6, 6], [8, 6, 6, 8], [6, 4, 4, 6], [7, 4, 4, 6], [7, 5, 5, 6], [7, 5, 8, 8], [7, 6, 5, 6], [7, 6, 5, 6], [7, 6, 6, 8], [7, 6, 5, 8], [5, 6, 6, 6], [5, 4, 5, 6], [7, 3, 7, 8], [8, 4, 7, 10], [6, 4, 5, 7], [3, 4, 2, 4], [8, 5, 4, 4]]}}