{"protected": {"ver": "v1", "alg": "HS256", "iat": 1608146411.6458685}, "signature": "7575efce65593a4904821f0a6dbcdbe0c622e503b501ad1fb08df798133c3d3a", "payload": {"device_name": "2A:68:65:37:E0:6A:9D:38", "device_type": "MANUAL-CAPTURE", "interval_ms": 3.389830508474576, "sensors": [{"name": "u", "units": "N/A"}, {"name": "d", "units": "N/A"}, {"name": "l", "units": "N/A"}, {"name": "r", "units": "N/A"}], "values": [[13, 15, 15, 8], [14, 12, 17, 10], [15, 14, 21, 12], [19, 18, 22, 13], [20, 19, 24, 17], [22, 22, 26, 17], [25, 25, 33, 22], [27, 28, 33, 25], [30, 27, 37, 25], [33, 33, 35, 25], [35, 35, 40, 28], [39, 36, 43, 32], [39, 39, 48, 36], [44, 41, 46, 36], [47, 44, 49, 38], [47, 43, 54, 41], [48, 45, 58, 45], [51, 47, 54, 43], [56, 51, 59, 47], [58, 52, 58, 47], [59, 52, 55, 52], [55, 47, 50, 53], [57, 47, 42, 52], [50, 42, 34, 50], [46, 37, 26, 47], [39, 31, 17, 39], [28, 20, 11, 32], [23, 16, 5, 23], [15, 10, 6, 15], [9, 7, 6, 11], [7, 8, 4, 7], [10, 7, 6, 9], [7, 6, 5, 8], [5, 4, 5, 8], [7, 4, 4, 8], [8, 6, 5, 7], [6, 6, 7, 8], [7, 5, 4, 6], [6, 5, 5, 8], [5, 4, 5, 9], [7, 7, 5, 10], [7, 5, 4, 6], [4, 4, 7, 10], [9, 4, 4, 5], [8, 5, 3, 8], [8, 6, 4, 8], [4, 4, 6, 7], [9, 8, 4, 5]]}}