{"protected": {"ver": "v1", "alg": "HS256", "iat": 1608146411.6368709}, "signature": "edb03c0539418f6588616f12ee0a32d0559cdaf6c14d9d6f6928666fc1e7c144", "payload": {"device_name": "2A:68:65:37:E0:6A:9D:38", "device_type": "MANUAL-CAPTURE", "interval_ms": 3.389830508474576, "sensors": [{"name": "u", "units": "N/A"}, {"name": "d", "units": "N/A"}, {"name": "l", "units": "N/A"}, {"name": "r", "units": "N/A"}], "values": [[14, 15, 16, 11], [18, 20, 22, 15], [17, 18, 24, 14], [21, 23, 29, 17], [25, 26, 34, 17], [29, 27, 41, 21], [37, 32, 46, 26], [39, 34, 50, 31], [42, 36, 55, 37], [51, 39, 59, 42], [55, 44, 58, 43], [60, 47, 59, 49], [62, 46, 62, 53], [67, 50, 65, 55], [70, 51, 67, 56], [76, 54, 68, 60], [75, 52, 68, 64], [76, 54, 69, 62], [81, 58, 70, 64], [81, 59, 77, 66], [88, 68, 86, 70], [92, 74, 81, 79], [95, 75, 77, 85], [88, 73, 69, 87], [76, 66, 53, 80], [61, 54, 31, 66], [48, 41, 15, 53], [34, 29, 7, 32], [18, 17, 7, 21], [12, 13, 4, 13], [7, 7, 5, 10], [6, 7, 4, 8], [5, 6, 6, 9], [5, 4, 3, 4], [5, 4, 4, 5], [4, 4, 4, 8], [5, 5, 5, 7], [6, 5, 5, 7], [8, 5, 2, 5], [4, 4, 4, 5], [5, 5, 4, 6], [6, 4, 5, 5], [6, 3, 4, 6], [6, 4, 6, 9], [6, 4, 4, 7], [6, 4, 6, 7], [4, 3, 4, 6], [4, 3, 4, 4]]}}