{"protected": {"ver": "v1", "alg": "HS256", "iat": 1608146411.6728745}, "signature": "48c894599ff49e6db7cc3090f1e9900ba317170a30a81d0ca107b680b9cd0a03", "payload": {"device_name": "2A:68:65:37:E0:6A:9D:38", "device_type": "MANUAL-CAPTURE", "interval_ms": 3.389830508474576, "sensors": [{"name": "u", "units": "N/A"}, {"name": "d", "units": "N/A"}, {"name": "l", "units": "N/A"}, {"name": "r", "units": "N/A"}], "values": [[12, 13, 17, 11], [12, 16, 20, 14], [14, 17, 23, 17], [18, 21, 24, 18], [22, 27, 28, 21], [23, 27, 28, 22], [26, 31, 33, 25], [31, 33, 35, 29], [32, 35, 37, 29], [35, 38, 39, 31], [40, 39, 46, 36], [43, 42, 52, 39], [45, 43, 55, 43], [48, 46, 61, 46], [55, 49, 60, 46], [57, 52, 63, 51], [61, 54, 60, 53], [63, 53, 61, 55], [64, 55, 59, 58], [60, 53, 59, 59], [61, 54, 62, 59], [62, 53, 63, 58], [66, 52, 63, 60], [70, 52, 60, 62], [71, 49, 54, 64], [67, 45, 45, 63], [57, 39, 35, 57], [48, 34, 22, 47], [37, 25, 14, 38], [29, 21, 9, 27], [20, 16, 4, 20], [15, 14, 5, 15], [11, 10, 5, 12], [6, 4, 6, 9], [7, 4, 4, 6], [5, 4, 6, 8], [6, 4, 4, 5], [5, 4, 4, 7], [7, 4, 8, 10], [4, 4, 4, 6], [5, 4, 4, 5], [7, 6, 6, 7], [7, 4, 4, 6], [10, 6, 4, 5], [5, 4, 4, 8], [7, 5, 4, 7], [4, 4, 5, 7], [7, 4, 4, 5]]}}