{"protected": {"ver": "v1", "alg": "HS256", "iat": 1608146411.659872}, "signature": "4ddbc42af97c47fcc34fd4fc3411bd59d3bfe76b98decf313f492542b93916e2", "payload": {"device_name": "2A:68:65:37:E0:6A:9D:38", "device_type": "MANUAL-CAPTURE", "interval_ms": 3.389830508474576, "sensors": [{"name": "u", "units": "N/A"}, {"name": "d", "units": "N/A"}, {"name": "l", "units": "N/A"}, {"name": "r", "units": "N/A"}], "values": [[13, 12, 22, 12], [18, 17, 23, 11], [22, 20, 25, 14], [25, 23, 33, 18], [26, 24, 31, 18], [28, 25, 37, 24], [31, 30, 39, 25], [37, 31, 43, 28], [38, 34, 46, 32], [40, 34, 48, 33], [45, 41, 47, 34], [48, 42, 51, 39], [49, 42, 53, 43], [53, 46, 54, 42], [57, 50, 59, 46], [58, 50, 59, 48], [60, 52, 64, 51], [62, 54, 67, 52], [67, 53, 67, 54], [67, 56, 69, 56], [69, 59, 71, 56], [71, 59, 72, 58], [71, 60, 71, 55], [74, 62, 73, 59], [74, 61, 73, 63], [74, 57, 66, 61], [70, 55, 59, 64], [67, 52, 54, 65], [61, 47, 43, 60], [54, 41, 32, 56], [46, 36, 23, 50], [39, 31, 16, 43], [32, 24, 10, 30], [25, 18, 6, 25], [18, 13, 5, 17], [11, 10, 5, 14], [10, 6, 3, 9], [9, 6, 4, 7], [7, 5, 4, 8], [5, 4, 6, 10], [4, 3, 4, 7], [7, 6, 5, 9], [8, 7, 5, 8], [7, 6, 5, 7], [6, 3, 4, 7], [5, 4, 6, 8], [8, 5, 5, 8], [7, 7, 4, 6]]}}