{"protected": {"ver": "v1", "alg": "HS256", "iat": 1608146411.6528704}, "signature": "31dde01ca50d2bf5d52da0667827d7c4fa821e02223e238468aec14be35dd8f9", "payload": {"device_name": "2A:68:65:37:E0:6A:9D:38", "device_type": "MANUAL-CAPTURE", "interval_ms": 3.389830508474576, "sensors": [{"name": "u", "units": "N/A"}, {"name": "d", "units": "N/A"}, {"name": "l", "units": "N/A"}, {"name": "r", "units": "N/A"}], "values": [[13, 15, 15, 11], [17, 18, 19, 13], [17, 18, 21, 16], [20, 21, 21, 15], [18, 21, 25, 18], [22, 23, 26, 20], [25, 25, 28, 22], [26, 27, 31, 25], [28, 28, 32, 24], [30, 29, 37, 26], [33, 35, 42, 30], [39, 33, 46, 33], [44, 39, 46, 32], [46, 38, 49, 39], [49, 41, 49, 41], [52, 42, 53, 45], [52, 42, 49, 45], [53, 42, 49, 44], [54, 43, 49, 46], [56, 41, 50, 46], [58, 38, 46, 47], [57, 36, 41, 53], [53, 34, 31, 50], [44, 29, 22, 41], [33, 24, 11, 31], [23, 18, 7, 24], [18, 14, 6, 18], [12, 12, 8, 14], [11, 10, 6, 13], [9, 8, 4, 9], [8, 7, 4, 8], [6, 6, 5, 7], [6, 4, 6, 8], [6, 5, 5, 6], [7, 5, 4, 5], [7, 5, 4, 7], [4, 4, 5, 7], [6, 5, 6, 6], [8, 5, 4, 8], [6, 7, 7, 11], [4, 4, 5, 11], [6, 5, 4, 5], [7, 4, 8, 10], [9, 6, 4, 6], [7, 6, 6, 8], [6, 4, 6, 7], [8, 5, 3, 5], [8, 5, 4, 4]]}}