{"protected": {"ver": "v1", "alg": "HS256", "iat": 1608146411.657871}, "signature": "21ca7c8ae69f8b7c6cf9b73ee5dd59fd58312b0e72a32069309b272eeb1c9044", "payload": {"device_name": "2A:68:65:37:E0:6A:9D:38", "device_type": "MANUAL-CAPTURE", "interval_ms": 3.389830508474576, "sensors": [{"name": "u", "units": "N/A"}, {"name": "d", "units": "N/A"}, {"name": "l", "units": "N/A"}, {"name": "r", "units": "N/A"}], "values": [[13, 14, 19, 11], [16, 16, 23, 11], [16, 18, 25, 13], [21, 22, 29, 17], [20, 22, 31, 20], [26, 26, 31, 21], [28, 29, 39, 25], [31, 32, 39, 30], [34, 31, 42, 31], [34, 35, 45, 33], [39, 39, 46, 34], [41, 39, 48, 35], [45, 43, 47, 37], [49, 46, 51, 37], [48, 45, 58, 43], [51, 47, 54, 42], [53, 48, 57, 45], [55, 51, 58, 46], [54, 48, 60, 50], [55, 51, 59, 49], [58, 52, 57, 49], [54, 47, 53, 51], [54, 47, 46, 51], [53, 43, 40, 50], [45, 37, 32, 47], [41, 38, 27, 46], [38, 32, 20, 39], [29, 25, 14, 32], [25, 20, 10, 30], [19, 16, 6, 19], [15, 15, 5, 13], [11, 11, 4, 10], [8, 8, 6, 11], [6, 6, 4, 7], [5, 4, 4, 6], [8, 5, 5, 6], [4, 4, 3, 4], [8, 6, 5, 8], [9, 6, 3, 4], [7, 6, 6, 10], [6, 6, 4, 5], [5, 3, 7, 7], [7, 4, 4, 7], [8, 5, 6, 8], [5, 4, 5, 8], [6, 6, 6, 7], [6, 6, 4, 5], [6, 6, 3, 8]]}}