{"protected": {"ver": "v1", "alg": "HS256", "iat": 1608146411.678869}, "signature": "30daa4641e454baa63fac06fd0245a7b37d81fc7ad72f64effc68bdd0b98abb9", "payload": {"device_name": "2A:68:65:37:E0:6A:9D:38", "device_type": "MANUAL-CAPTURE", "interval_ms": 3.389830508474576, "sensors": [{"name": "u", "units": "N/A"}, {"name": "d", "units": "N/A"}, {"name": "l", "units": "N/A"}, {"name": "r", "units": "N/A"}], "values": [[13, 13, 23, 9], [18, 17, 29, 10], [25, 22, 43, 19], [39, 29, 53, 25], [46, 34, 62, 29], [63, 44, 73, 39], [73, 48, 82, 49], [83, 56, 87, 59], [92, 61, 93, 67], [102, 67, 95, 78], [106, 69, 98, 82], [108, 72, 97, 85], [112, 75, 94, 87], [110, 73, 90, 89], [108, 70, 86, 89], [104, 68, 80, 88], [100, 67, 68, 82], [93, 60, 60, 80], [82, 54, 49, 73], [73, 48, 43, 68], [62, 41, 35, 59], [55, 35, 25, 48], [43, 27, 22, 41], [36, 25, 19, 35], [32, 22, 13, 31], [27, 17, 13, 26], [23, 15, 10, 21], [19, 13, 10, 23], [18, 12, 7, 18], [16, 12, 9, 18], [12, 9, 6, 16], [13, 7, 5, 13], [11, 9, 7, 12], [9, 8, 6, 11], [9, 5, 5, 10], [10, 8, 3, 8], [7, 5, 5, 11], [8, 5, 5, 8], [9, 6, 4, 5], [5, 4, 4, 7], [6, 5, 1, 3], [5, 5, 4, 6], [8, 5, 5, 6], [5, 5, 5, 7], [4, 5, 4, 6], [5, 4, 4, 7], [6, 5, 3, 4], [6, 4, 4, 6]]}}