{"protected": {"ver": "v1", "alg": "HS256", "iat": 1608146411.6488674}, "signature": "6dc55128295774d38b455340c7d08651e32d638bdf3e39f3e79b70b84f813711", "payload": {"device_name": "2A:68:65:37:E0:6A:9D:38", "device_type": "MANUAL-CAPTURE", "interval_ms": 3.389830508474576, "sensors": [{"name": "u", "units": "N/A"}, {"name": "d", "units": "N/A"}, {"name": "l", "units": "N/A"}, {"name": "r", "units": "N/A"}], "values": [[13, 14, 17, 10], [16, 18, 19, 11], [16, 20, 24, 15], [23, 25, 28, 19], [21, 24, 31, 22], [24, 26, 32, 22], [27, 30, 34, 25], [31, 33, 36, 31], [33, 31, 38, 30], [35, 33, 39, 33], [37, 37, 41, 32], [41, 38, 46, 34], [42, 41, 46, 36], [46, 43, 50, 39], [46, 42, 52, 41], [50, 45, 51, 42], [52, 46, 50, 46], [51, 46, 51, 48], [52, 46, 50, 47], [52, 46, 47, 47], [50, 45, 46, 47], [51, 46, 43, 47], [48, 40, 41, 48], [45, 38, 34, 45], [43, 34, 29, 43], [39, 33, 25, 39], [37, 29, 18, 36], [29, 24, 16, 32], [25, 21, 10, 25], [18, 15, 4, 19], [17, 12, 5, 15], [11, 13, 4, 14], [6, 6, 5, 11], [10, 8, 5, 8], [7, 7, 6, 6], [5, 6, 5, 6], [8, 6, 5, 8], [5, 4, 5, 9], [6, 4, 4, 4], [6, 5, 6, 7], [6, 4, 6, 6], [7, 6, 5, 6], [5, 5, 5, 6], [7, 4, 4, 6], [8, 7, 4, 6], [6, 4, 3, 6], [5, 4, 4, 4], [6, 5, 8, 8]]}}