{"protected": {"ver": "v1", "alg": "HS256", "iat": 1608146411.6548665}, "signature": "d60952f77d2dd9de44ef761b3d6cd992283a32779e769a512dc891eec759fe26", "payload": {"device_name": "2A:68:65:37:E0:6A:9D:38", "device_type": "MANUAL-CAPTURE", "interval_ms": 3.389830508474576, "sensors": [{"name": "u", "units": "N/A"}, {"name": "d", "units": "N/A"}, {"name": "l", "units": "N/A"}, {"name": "r", "units": "N/A"}], "values": [[14, 13, 19, 10], [14, 13, 20, 12], [18, 17, 22, 13], [20, 18, 22, 13], [21, 17, 25, 15], [28, 25, 30, 20], [26, 22, 32, 20], [28, 24, 33, 25], [32, 27, 35, 24], [34, 31, 39, 30], [35, 32, 39, 31], [38, 30, 45, 32], [41, 36, 43, 33], [41, 36, 45, 35], [44, 36, 47, 39], [47, 39, 46, 38], [45, 38, 46, 39], [47, 42, 48, 42], [46, 39, 46, 39], [49, 39, 44, 40], [49, 39, 41, 39], [48, 39, 38, 41], [46, 35, 36, 40], [42, 33, 34, 41], [40, 31, 31, 38], [36, 28, 23, 36], [30, 25, 17, 31], [28, 20, 14, 27], [24, 16, 8, 24], [22, 16, 4, 18], [17, 11, 4, 16], [11, 8, 3, 12], [10, 9, 4, 9], [8, 6, 6, 9], [7, 4, 6, 6], [8, 6, 3, 6], [5, 4, 7, 7], [8, 5, 6, 8], [4, 3, 4, 6], [9, 8, 3, 5], [6, 6, 7, 9], [6, 6, 2, 5], [4, 4, 4, 5], [4, 4, 4, 7], [5, 4, 4, 7], [7, 5, 3, 5], [8, 5, 3, 5], [7, 4, 5, 9]]}}