{"protected": {"ver": "v1", "alg": "HS256", "iat": 1608146411.6698682}, "signature": "85cc6256b350106bfaa983d048a207fbeff5ce3d8c4bad04389eb5e7238a47e3", "payload": {"device_name": "2A:68:65:37:E0:6A:9D:38", "device_type": "MANUAL-CAPTURE", "interval_ms": 3.389830508474576, "sensors": [{"name": "u", "units": "N/A"}, {"name": "d", "units": "N/A"}, {"name": "l", "units": "N/A"}, {"name": "r", "units": "N/A"}], "values": [[16, 16, 19, 11], [14, 17, 17, 12], [16, 17, 19, 13], [16, 19, 25, 18], [21, 24, 25, 19], [21, 24, 30, 21], [25, 27, 29, 25], [28, 28, 32, 24], [32, 30, 32, 26], [31, 32, 40, 30], [35, 33, 41, 30], [38, 35, 42, 32], [41, 38, 45, 35], [45, 39, 48, 39], [46, 43, 51, 41], [49, 46, 51, 43], [51, 45, 51, 45], [53, 45, 50, 47], [53, 44, 50, 48], [53, 45, 48, 46], [52, 45, 46, 48], [53, 44, 46, 48], [52, 39, 42, 46], [51, 37, 38, 45], [50, 34, 32, 46], [43, 29, 23, 42], [34, 25, 16, 34], [27, 22, 10, 26], [19, 15, 6, 20], [14, 12, 7, 16], [8, 10, 5, 11], [7, 9, 4, 10], [8, 6, 4, 8], [6, 4, 4, 5], [7, 4, 4, 7], [4, 4, 3, 6], [5, 2, 4, 5], [6, 5, 4, 5], [5, 3, 3, 6], [7, 4, 1, 4], [7, 4, 4, 7], [4, 4, 4, 6], [5, 4, 5, 5], [4, 4, 4, 6], [8, 6, 5, 7], [4, 4, 2, 5], [4, 4, 5, 7], [8, 4, 4, 5]]}}