{"protected": {"ver": "v1", "alg": "HS256", "iat": 1608146411.6678672}, "signature": "9c05be33e0d7f8e2b73f4b1d6a3e67b34b15b7b06d75bb329d18ad4d4f585c0a", "payload": {"device_name": "2A:68:65:37:E0:6A:9D:38", "device_type": "MANUAL-CAPTURE", "interval_ms": 3.389830508474576, "sensors": [{"name": "u", "units": "N/A"}, {"name": "d", "units": "N/A"}, {"name": "l", "units": "N/A"}, {"name": "r", "units": "N/A"}], "values": [[14, 13, 16, 8], [14, 15, 17, 10], [13, 15, 19, 12], [17, 19, 23, 15], [18, 22, 23, 14], [18, 20, 25, 18], [21, 24, 26, 19], [24, 25, 32, 23], [25, 28, 33, 23], [29, 32, 35, 26], [30, 33, 38, 28], [32, 37, 39, 30], [33, 34, 41, 33], [38, 41, 42, 34], [40, 40, 47, 37], [42, 43, 49, 39], [43, 46, 53, 39], [46, 47, 54, 42], [49, 49, 55, 44], [50, 47, 58, 47], [50, 50, 58, 47], [55, 53, 55, 45], [54, 52, 56, 50], [56, 53, 54, 51], [55, 52, 54, 52], [54, 50, 52, 53], [53, 49, 48, 52], [50, 43, 42, 51], [46, 43, 36, 50], [44, 39, 31, 48], [41, 38, 25, 44], [37, 33, 20, 40], [31, 27, 15, 34], [27, 22, 11, 29], [21, 18, 9, 23], [16, 13, 8, 22], [11, 11, 4, 14], [11, 10, 6, 12], [9, 7, 7, 11], [8, 5, 2, 5], [8, 7, 5, 8], [3, 5, 3, 5], [6, 3, 2, 6], [6, 4, 4, 5], [8, 5, 4, 7], [7, 5, 6, 8], [5, 5, 4, 7], [5, 6, 7, 9]]}}