{"protected": {"ver": "v1", "alg": "HS256", "iat": 1608146411.6248703}, "signature": "f6d322cb1ba632a06f0965f1ab39b5ed8392ba21894eea37fcf4998dbec9cc9c", "payload": {"device_name": "2A:68:65:37:E0:6A:9D:38", "device_type": "MANUAL-CAPTURE", "interval_ms": 3.389830508474576, "sensors": [{"name": "u", "units": "N/A"}, {"name": "d", "units": "N/A"}, {"name": "l", "units": "N/A"}, {"name": "r", "units": "N/A"}], "values": [[11, 14, 15, 11], [13, 15, 18, 14], [15, 15, 20, 16], [18, 20, 20, 16], [20, 22, 22, 17], [20, 25, 28, 22], [20, 25, 31, 20], [28, 29, 37, 26], [30, 33, 40, 25], [37, 38, 45, 28], [38, 40, 51, 33], [45, 42, 58, 39], [49, 46, 61, 42], [56, 53, 69, 47], [63, 60, 73, 51], [67, 60, 76, 55], [75, 65, 80, 61], [78, 69, 83, 67], [80, 70, 81, 68], [85, 72, 86, 72], [83, 72, 91, 74], [97, 77, 98, 79], [102, 77, 104, 84], [110, 80, 101, 91], [112, 80, 88, 95], [103, 73, 74, 98], [94, 68, 53, 88], [76, 59, 40, 79], [61, 48, 25, 63], [43, 38, 18, 50], [33, 30, 11, 38], [22, 21, 5, 26], [14, 15, 4, 15], [8, 10, 1, 9], [7, 9, 5, 11], [7, 8, 4, 8], [7, 4, 4, 5], [6, 4, 4, 8], [5, 4, 4, 5], [6, 5, 3, 6], [6, 4, 5, 8], [5, 4, 5, 8], [7, 7, 5, 7], [6, 5, 3, 5], [6, 4, 7, 11], [5, 5, 3, 6], [6, 4, 6, 8], [4, 6, 7, 7]]}}