{"protected": {"ver": "v1", "alg": "HS256", "iat": 1608146411.647869}, "signature": "d90fa1cd4dad044a62fd1c127b7d8f20bcf1be69c8041be9892aabfd48527a82", "payload": {"device_name": "2A:68:65:37:E0:6A:9D:38", "device_type": "MANUAL-CAPTURE", "interval_ms": 3.389830508474576, "sensors": [{"name": "u", "units": "N/A"}, {"name": "d", "units": "N/A"}, {"name": "l", "units": "N/A"}, {"name": "r", "units": "N/A"}], "values": [[13, 14, 20, 11], [18, 18, 21, 12], [18, 18, 25, 13], [21, 19, 28, 17], [23, 21, 30, 21], [25, 26, 32, 24], [28, 28, 35, 24], [31, 29, 37, 27], [34, 33, 39, 27], [36, 32, 41, 29], [38, 34, 41, 32], [40, 37, 46, 36], [42, 39, 49, 37], [46, 42, 52, 39], [46, 42, 53, 39], [46, 41, 52, 40], [51, 42, 50, 42], [53, 47, 52, 42], [49, 40, 51, 43], [53, 45, 49, 45], [51, 42, 42, 45], [47, 38, 38, 46], [46, 38, 32, 44], [43, 34, 26, 40], [34, 28, 21, 36], [31, 24, 14, 33], [25, 22, 9, 27], [19, 14, 5, 21], [17, 12, 5, 16], [14, 11, 3, 11], [9, 7, 7, 10], [11, 8, 4, 8], [7, 5, 5, 8], [7, 5, 6, 8], [4, 4, 7, 9], [6, 6, 3, 8], [6, 4, 4, 7], [6, 4, 3, 8], [6, 5, 4, 8], [8, 7, 5, 6], [7, 5, 4, 7], [7, 6, 6, 9], [8, 7, 4, 6], [5, 4, 5, 5], [6, 4, 5, 5], [6, 4, 6, 9], [7, 5, 5, 7], [7, 5, 6, 8]]}}