{"protected": {"ver": "v1", "alg": "HS256", "iat": 1608146411.6468682}, "signature": "d53d15d696e070c8dd16556addcc07b7be29549fbb3e5549182675cebbf6aab0", "payload": {"device_name": "2A:68:65:37:E0:6A:9D:38", "device_type": "MANUAL-CAPTURE", "interval_ms": 3.389830508474576, "sensors": [{"name": "u", "units": "N/A"}, {"name": "d", "units": "N/A"}, {"name": "l", "units": "N/A"}, {"name": "r", "units": "N/A"}], "values": [[15, 15, 19, 9], [16, 18, 23, 12], [18, 19, 28, 12], [20, 20, 28, 16], [25, 24, 32, 18], [28, 28, 35, 25], [30, 32, 39, 25], [33, 33, 42, 29], [36, 38, 44, 31], [38, 38, 46, 35], [42, 43, 46, 36], [43, 43, 51, 39], [48, 46, 56, 40], [53, 49, 57, 43], [57, 51, 63, 47], [58, 53, 66, 48], [60, 58, 67, 52], [62, 58, 70, 53], [66, 59, 70, 54], [67, 60, 74, 55], [71, 62, 73, 58], [70, 64, 76, 62], [73, 63, 72, 62], [71, 60, 66, 65], [68, 58, 57, 66], [63, 54, 46, 62], [54, 45, 34, 56], [47, 39, 25, 48], [39, 31, 14, 39], [28, 21, 7, 30], [23, 18, 6, 22], [12, 7, 7, 14], [9, 6, 4, 9], [7, 7, 3, 6], [5, 5, 5, 6], [6, 5, 5, 9], [4, 5, 4, 7], [7, 6, 4, 4], [7, 5, 4, 8], [8, 5, 5, 5], [7, 6, 6, 8], [7, 6, 3, 4], [5, 4, 2, 5], [6, 5, 4, 6], [8, 6, 4, 7], [8, 5, 4, 8], [7, 5, 8, 9], [9, 6, 4, 6]]}}