{"protected": {"ver": "v1", "alg": "HS256", "iat": 1608146411.67587}, "signature": "b59506b2df72675937e2d5f9c531b04255f712a187622aac91ad9cf3ef3b0556", "payload": {"device_name": "2A:68:65:37:E0:6A:9D:38", "device_type": "MANUAL-CAPTURE", "interval_ms": 3.389830508474576, "sensors": [{"name": "u", "units": "N/A"}, {"name": "d", "units": "N/A"}, {"name": "l", "units": "N/A"}, {"name": "r", "units": "N/A"}], "values": [[13, 11, 20, 11], [18, 15, 29, 10], [25, 19, 34, 11], [32, 25, 44, 19], [43, 32, 53, 24], [51, 36, 59, 33], [58, 40, 67, 40], [67, 47, 74, 48], [70, 48, 77, 54], [81, 56, 75, 59], [83, 60, 79, 67], [84, 59, 80, 68], [87, 61, 78, 70], [86, 62, 76, 71], [85, 62, 75, 74], [87, 61, 74, 74], [85, 63, 69, 74], [80, 59, 63, 72], [76, 57, 56, 68], [69, 53, 49, 67], [67, 49, 45, 63], [60, 46, 39, 59], [53, 41, 32, 53], [51, 40, 28, 50], [40, 33, 25, 45], [36, 29, 21, 39], [35, 28, 18, 35], [29, 24, 16, 31], [25, 20, 15, 27], [24, 19, 13, 28], [20, 18, 10, 24], [20, 17, 12, 24], [19, 16, 10, 19], [13, 12, 6, 17], [14, 11, 7, 18], [13, 12, 6, 17], [13, 11, 4, 11], [8, 7, 4, 11], [10, 10, 6, 11], [7, 8, 4, 9], [7, 6, 4, 9], [7, 8, 4, 9], [7, 6, 3, 7], [5, 5, 4, 7], [8, 7, 4, 6], [7, 6, 5, 10], [4, 6, 3, 7], [6, 5, 4, 5]]}}