{"protected": {"ver": "v1", "alg": "HS256", "iat": 1608146411.638869}, "signature": "2ea36f81a202c0cdb8265fa3cc7352597166207dce9558462dbd755618ae7e95", "payload": {"device_name": "2A:68:65:37:E0:6A:9D:38", "device_type": "MANUAL-CAPTURE", "interval_ms": 3.389830508474576, "sensors": [{"name": "u", "units": "N/A"}, {"name": "d", "units": "N/A"}, {"name": "l", "units": "N/A"}, {"name": "r", "units": "N/A"}], "values": [[10, 14, 17, 11], [16, 19, 23, 15], [19, 21, 21, 15], [19, 21, 26, 15], [24, 25, 29, 18], [24, 24, 32, 22], [27, 29, 39, 25], [31, 31, 43, 27], [36, 34, 44, 30], [39, 36, 47, 33], [44, 37, 49, 37], [47, 43, 52, 39], [48, 43, 53, 40], [54, 46, 58, 46], [60, 52, 58, 52], [61, 51, 60, 54], [61, 49, 59, 55], [62, 51, 59, 57], [64, 50, 62, 56], [69, 53, 78, 61], [88, 67, 94, 68], [103, 75, 98, 83], [109, 80, 92, 97], [99, 78, 71, 96], [82, 64, 39, 81], [60, 47, 18, 56], [37, 30, 8, 33], [16, 18, 6, 18], [9, 11, 3, 11], [7, 7, 4, 8], [8, 8, 4, 10], [7, 5, 5, 8], [6, 6, 4, 8], [5, 5, 4, 8], [7, 5, 7, 10], [7, 4, 3, 7], [5, 3, 4, 4], [8, 5, 4, 5], [6, 5, 3, 5], [6, 4, 4, 8], [7, 6, 3, 7], [6, 4, 4, 5], [8, 6, 6, 6], [6, 4, 4, 7], [6, 5, 4, 6], [6, 5, 4, 9], [4, 5, 4, 8], [7, 4, 3, 4]]}}