{"protected": {"ver": "v1", "alg": "HS256", "iat": 1608146411.6768687}, "signature": "1abcd2844f5aa312c7939dd0b7b1d9c49a23fb5321d0bf49b3457f7e628c7e6c", "payload": {"device_name": "2A:68:65:37:E0:6A:9D:38", "device_type": "MANUAL-CAPTURE", "interval_ms": 3.389830508474576, "sensors": [{"name": "u", "units": "N/A"}, {"name": "d", "units": "N/A"}, {"name": "l", "units": "N/A"}, {"name": "r", "units": "N/A"}], "values": [[13, 13, 18, 7], [17, 13, 24, 7], [22, 18, 31, 11], [29, 19, 37, 14], [36, 25, 46, 23], [42, 28, 48, 23], [46, 31, 56, 32], [58, 38, 63, 37], [60, 42, 66, 44], [69, 46, 70, 48], [73, 47, 68, 52], [76, 51, 70, 56], [81, 52, 66, 58], [80, 53, 69, 61], [81, 51, 64, 63], [79, 52, 65, 62], [80, 52, 60, 62], [78, 51, 60, 64], [72, 46, 52, 64], [74, 47, 50, 61], [68, 46, 45, 59], [61, 39, 42, 58], [62, 38, 37, 54], [54, 35, 34, 52], [48, 32, 28, 45], [45, 30, 25, 45], [40, 28, 22, 39], [35, 25, 19, 35], [32, 21, 16, 31], [28, 19, 12, 29], [28, 20, 14, 28], [24, 17, 11, 24], [21, 14, 14, 23], [19, 13, 9, 19], [20, 16, 8, 18], [17, 12, 9, 17], [13, 9, 4, 12], [13, 11, 4, 14], [13, 11, 7, 15], [11, 10, 4, 11], [12, 8, 4, 11], [10, 9, 4, 9], [9, 7, 4, 11], [8, 7, 4, 11], [8, 7, 6, 11], [7, 5, 4, 8], [6, 6, 6, 8], [7, 6, 5, 6]]}}