{"protected": {"ver": "v1", "alg": "HS256", "iat": 1608146411.670868}, "signature": "61a8e0e677257b965cbb6892e6fc134f42b618ce5d5b8f62ac28053d79a1facf", "payload": {"device_name": "2A:68:65:37:E0:6A:9D:38", "device_type": "MANUAL-CAPTURE", "interval_ms": 3.389830508474576, "sensors": [{"name": "u", "units": "N/A"}, {"name": "d", "units": "N/A"}, {"name": "l", "units": "N/A"}, {"name": "r", "units": "N/A"}], "values": [[16, 16, 17, 11], [17, 20, 24, 15], [18, 18, 25, 15], [18, 22, 29, 18], [24, 24, 29, 22], [27, 29, 34, 27], [31, 33, 38, 30], [32, 32, 42, 33], [34, 36, 39, 33], [42, 40, 43, 36], [41, 40, 46, 38], [44, 45, 50, 42], [46, 46, 53, 41], [49, 47, 55, 45], [55, 50, 61, 46], [57, 53, 64, 52], [58, 53, 60, 52], [58, 54, 62, 54], [61, 57, 63, 55], [62, 57, 61, 56], [62, 58, 63, 58], [63, 54, 58, 55], [62, 55, 57, 58], [60, 53, 51, 59], [55, 51, 46, 57], [49, 43, 38, 55], [47, 43, 30, 49], [40, 36, 25, 45], [39, 35, 20, 42], [32, 28, 12, 33], [25, 22, 8, 27], [20, 18, 3, 18], [14, 13, 4, 15], [11, 10, 4, 11], [7, 5, 4, 7], [7, 5, 4, 8], [4, 4, 5, 8], [5, 4, 3, 5], [8, 6, 4, 7], [6, 4, 4, 4], [7, 7, 4, 5], [5, 5, 5, 7], [4, 4, 4, 8], [6, 4, 4, 4], [5, 4, 2, 6], [10, 6, 2, 4], [6, 4, 4, 6], [5, 5, 3, 5]]}}