{"protected": {"ver": "v1", "alg": "HS256", "iat": 1608146411.6208682}, "signature": "eb6d05d0a380e68119841eb4ba208269041ebe0cab717db48b5af3639bbfa5db", "payload": {"device_name": "2A:68:65:37:E0:6A:9D:38", "device_type": "MANUAL-CAPTURE", "interval_ms": 3.389830508474576, "sensors": [{"name": "u", "units": "N/A"}, {"name": "d", "units": "N/A"}, {"name": "l", "units": "N/A"}, {"name": "r", "units": "N/A"}], "values": [[11, 14, 15, 11], [13, 14, 18, 14], [15, 17, 18, 15], [15, 18, 21, 15], [18, 21, 25, 18], [21, 27, 31, 20], [25, 28, 35, 22], [30, 33, 39, 26], [36, 35, 45, 29], [38, 38, 53, 37], [44, 44, 56, 36], [51, 47, 63, 45], [55, 52, 66, 48], [60, 56, 67, 54], [66, 57, 67, 59], [68, 60, 67, 60], [70, 61, 63, 62], [68, 60, 66, 64], [71, 59, 69, 63], [77, 62, 77, 63], [86, 61, 80, 71], [92, 64, 68, 75], [81, 54, 52, 74], [63, 43, 34, 63], [47, 35, 18, 47], [29, 26, 10, 32], [19, 18, 8, 21], [13, 14, 9, 16], [12, 10, 4, 11], [6, 9, 3, 8], [6, 6, 6, 8], [6, 4, 5, 7], [7, 6, 5, 6], [6, 4, 3, 5], [7, 4, 4, 7], [6, 5, 4, 6], [5, 5, 4, 4], [7, 4, 5, 6], [6, 3, 7, 8], [8, 5, 4, 5], [6, 4, 6, 9], [4, 4, 7, 9], [6, 4, 4, 5], [4, 3, 5, 6], [6, 6, 4, 6], [4, 4, 4, 6], [6, 4, 3, 5], [7, 7, 6, 5]]}}