{"protected": {"ver": "v1", "alg": "HS256", "iat": 1608146411.6638684}, "signature": "be4ab339545efc765f855779bb9bf21e188d27c0a451027559501ec0908408f7", "payload": {"device_name": "2A:68:65:37:E0:6A:9D:38", "device_type": "MANUAL-CAPTURE", "interval_ms": 3.389830508474576, "sensors": [{"name": "u", "units": "N/A"}, {"name": "d", "units": "N/A"}, {"name": "l", "units": "N/A"}, {"name": "r", "units": "N/A"}], "values": [[12, 15, 19, 9], [16, 18, 21, 12], [17, 18, 23, 12], [20, 19, 28, 18], [21, 24, 31, 18], [25, 25, 29, 19], [25, 26, 36, 25], [28, 31, 35, 25], [33, 34, 39, 29], [35, 31, 40, 31], [36, 34, 40, 33], [37, 35, 43, 32], [40, 38, 44, 35], [42, 39, 49, 38], [44, 41, 47, 37], [45, 40, 51, 39], [46, 42, 47, 40], [48, 43, 48, 39], [48, 44, 50, 41], [49, 44, 50, 44], [47, 44, 48, 44], [50, 45, 46, 42], [46, 42, 45, 45], [46, 38, 39, 41], [46, 40, 41, 46], [43, 37, 31, 41], [40, 34, 28, 40], [39, 32, 25, 40], [32, 27, 21, 37], [27, 25, 15, 32], [27, 24, 11, 29], [21, 18, 11, 26], [17, 13, 6, 20], [12, 11, 7, 17], [13, 10, 4, 13], [9, 8, 6, 11], [10, 8, 5, 11], [9, 8, 3, 7], [8, 5, 5, 4], [7, 7, 4, 6], [8, 6, 6, 7], [4, 5, 4, 8], [6, 5, 4, 7], [5, 4, 6, 7], [7, 4, 3, 4], [7, 5, 6, 9], [6, 4, 3, 7], [6, 3, 5, 5]]}}