{"protected": {"ver": "v1", "alg": "HS256", "iat": 1608146411.6628702}, "signature": "70033bc93331999cb035d8067c7766f857cf2d7deed31077dc91ab5f94b841b7", "payload": {"device_name": "2A:68:65:37:E0:6A:9D:38", "device_type": "MANUAL-CAPTURE", "interval_ms": 3.389830508474576, "sensors": [{"name": "u", "units": "N/A"}, {"name": "d", "units": "N/A"}, {"name": "l", "units": "N/A"}, {"name": "r", "units": "N/A"}], "values": [[13, 15, 18, 11], [13, 15, 18, 11], [16, 17, 22, 13], [19, 23, 26, 17], [24, 26, 30, 20], [25, 26, 32, 24], [25, 28, 34, 25], [28, 30, 34, 25], [32, 33, 39, 30], [32, 36, 38, 30], [36, 38, 43, 32], [39, 40, 46, 35], [43, 41, 49, 38], [43, 41, 49, 38], [46, 46, 50, 40], [49, 46, 52, 44], [50, 46, 53, 45], [49, 48, 53, 46], [53, 51, 53, 49], [53, 50, 53, 48], [53, 48, 53, 52], [51, 45, 46, 52], [49, 45, 40, 52], [46, 41, 35, 50], [46, 40, 28, 45], [38, 34, 24, 45], [33, 30, 18, 38], [30, 25, 10, 32], [24, 18, 8, 24], [18, 16, 5, 18], [17, 12, 5, 15], [9, 11, 5, 11], [9, 9, 4, 9], [8, 5, 4, 7], [5, 5, 4, 9], [7, 6, 6, 10], [4, 4, 5, 5], [8, 6, 4, 8], [5, 4, 4, 7], [5, 2, 4, 8], [6, 4, 4, 6], [6, 4, 5, 6], [6, 6, 5, 7], [3, 4, 6, 9], [7, 6, 4, 6], [4, 5, 4, 7], [6, 6, 6, 9], [5, 4, 6, 9]]}}