{"protected": {"ver": "v1", "alg": "HS256", "iat": 1608146411.6538684}, "signature": "5faf9b9e4ffc3ec237326e69e6b6f69a27064ecfb13665a5b9fc708a87ddee31", "payload": {"device_name": "2A:68:65:37:E0:6A:9D:38", "device_type": "MANUAL-CAPTURE", "interval_ms": 3.389830508474576, "sensors": [{"name": "u", "units": "N/A"}, {"name": "d", "units": "N/A"}, {"name": "l", "units": "N/A"}, {"name": "r", "units": "N/A"}], "values": [[13, 14, 24, 12], [18, 18, 21, 13], [19, 18, 28, 17], [22, 22, 30, 18], [25, 20, 30, 18], [25, 23, 34, 23], [30, 27, 36, 25], [32, 29, 35, 27], [31, 30, 38, 27], [35, 32, 39, 32], [35, 33, 41, 32], [39, 36, 42, 32], [39, 38, 46, 33], [42, 38, 45, 34], [44, 38, 47, 36], [44, 40, 47, 36], [45, 39, 48, 38], [46, 43, 48, 40], [46, 41, 48, 38], [46, 39, 47, 42], [46, 41, 46, 42], [47, 42, 41, 42], [46, 39, 39, 44], [44, 37, 36, 42], [41, 37, 32, 40], [39, 33, 25, 39], [34, 29, 24, 38], [32, 27, 18, 32], [27, 23, 15, 28], [21, 18, 11, 25], [18, 15, 8, 21], [16, 14, 4, 17], [12, 12, 6, 14], [10, 8, 3, 8], [10, 7, 6, 10], [9, 8, 5, 7], [6, 4, 6, 9], [6, 4, 4, 6], [6, 4, 7, 8], [7, 7, 4, 7], [5, 4, 4, 7], [7, 5, 4, 6], [6, 5, 5, 6], [7, 6, 5, 7], [3, 3, 5, 7], [8, 6, 6, 8], [5, 3, 6, 7], [6, 4, 5, 6]]}}