{"protected": {"ver": "v1", "alg": "HS256", "iat": 1608146411.6838722}, "signature": "a96cbe303fa21c682d84054e05d55b8f893862300ea96b8f5950d6f3cab31e94", "payload": {"device_name": "2A:68:65:37:E0:6A:9D:38", "device_type": "MANUAL-CAPTURE", "interval_ms": 3.389830508474576, "sensors": [{"name": "u", "units": "N/A"}, {"name": "d", "units": "N/A"}, {"name": "l", "units": "N/A"}, {"name": "r", "units": "N/A"}], "values": [[12, 18, 16, 18], [10, 18, 14, 17], [12, 21, 17, 18], [14, 25, 20, 17], [16, 25, 29, 17], [25, 32, 43, 23], [40, 41, 66, 32], [65, 53, 89, 41], [88, 66, 113, 64], [110, 74, 120, 80], [124, 78, 121, 90], [130, 81, 117, 95], [131, 81, 114, 98], [129, 85, 117, 100], [133, 85, 126, 100], [145, 88, 131, 104], [157, 88, 125, 116], [150, 78, 100, 115], [122, 73, 80, 98], [98, 79, 99, 89], [105, 117, 132, 112], [119, 155, 126, 148], [108, 144, 72, 130], [68, 88, 17, 71], [26, 34, 7, 24], [11, 11, 6, 11], [5, 7, 6, 10], [9, 5, 6, 8], [7, 6, 4, 5], [5, 4, 6, 7], [7, 4, 4, 6], [9, 6, 3, 6], [6, 5, 4, 6], [8, 4, 4, 4], [6, 4, 4, 6], [5, 3, 5, 7], [6, 5, 3, 7], [3, 3, 3, 9], [7, 3, 3, 4], [4, 4, 4, 6], [6, 6, 4, 5], [7, 4, 3, 6], [4, 5, 4, 8], [5, 5, 4, 7], [6, 4, 4, 9], [5, 4, 4, 6], [6, 4, 4, 6], [6, 4, 5, 6]]}}