{"protected": {"ver": "v1", "alg": "HS256", "iat": 1608146411.6588707}, "signature": "9960de68ed861664951a0453de9d6b8dc60eebc3c7cb5d7c106eb6ab39761fbf", "payload": {"device_name": "2A:68:65:37:E0:6A:9D:38", "device_type": "MANUAL-CAPTURE", "interval_ms": 3.389830508474576, "sensors": [{"name": "u", "units": "N/A"}, {"name": "d", "units": "N/A"}, {"name": "l", "units": "N/A"}, {"name": "r", "units": "N/A"}], "values": [[14, 13, 18, 13], [14, 15, 20, 16], [17, 18, 20, 13], [19, 22, 22, 16], [18, 21, 25, 18], [24, 25, 31, 19], [26, 25, 33, 22], [26, 27, 36, 25], [31, 30, 37, 25], [35, 33, 40, 29], [40, 35, 46, 32], [42, 38, 50, 36], [47, 41, 53, 39], [51, 42, 53, 39], [53, 44, 52, 43], [53, 43, 52, 46], [53, 43, 53, 46], [59, 46, 57, 48], [63, 46, 60, 51], [68, 45, 60, 53], [72, 45, 53, 59], [67, 42, 45, 60], [57, 35, 31, 52], [44, 30, 18, 43], [32, 25, 14, 33], [22, 19, 7, 22], [14, 13, 5, 18], [11, 11, 4, 13], [9, 11, 6, 11], [7, 7, 3, 7], [7, 6, 4, 8], [6, 6, 4, 7], [7, 4, 6, 8], [7, 5, 5, 9], [7, 6, 4, 7], [8, 7, 4, 7], [5, 6, 3, 5], [7, 5, 6, 8], [6, 4, 6, 11], [5, 4, 4, 4], [7, 6, 6, 8], [6, 5, 5, 7], [8, 5, 6, 9], [5, 4, 7, 5], [6, 5, 7, 9], [8, 9, 2, 6], [7, 5, 4, 7], [8, 4, 6, 7]]}}