{"protected": {"ver": "v1", "alg": "HS256", "iat": 1608146411.6878724}, "signature": "e15313b786b040092206165e7f59ee75799332e7965de88d7de421ea6101ba43", "payload": {"device_name": "2A:68:65:37:E0:6A:9D:38", "device_type": "MANUAL-CAPTURE", "interval_ms": 3.389830508474576, "sensors": [{"name": "u", "units": "N/A"}, {"name": "d", "units": "N/A"}, {"name": "l", "units": "N/A"}, {"name": "r", "units": "N/A"}], "values": [[10, 15, 15, 17], [11, 17, 17, 16], [11, 19, 18, 18], [16, 24, 19, 17], [18, 26, 27, 22], [19, 28, 31, 20], [27, 32, 41, 23], [35, 36, 50, 29], [44, 41, 58, 34], [52, 46, 68, 41], [61, 50, 73, 47], [70, 57, 77, 56], [76, 59, 80, 63], [84, 66, 79, 66], [88, 67, 84, 72], [88, 64, 83, 74], [92, 65, 80, 75], [89, 62, 74, 76], [88, 62, 81, 77], [95, 67, 108, 77], [134, 87, 156, 94], [184, 113, 180, 134], [206, 117, 153, 160], [178, 101, 90, 146], [121, 69, 35, 96], [65, 42, 10, 49], [25, 21, 7, 27], [12, 14, 4, 15], [7, 8, 4, 11], [7, 7, 1, 8], [5, 5, 2, 6], [8, 7, 2, 7], [6, 4, 4, 8], [6, 4, 3, 4], [5, 3, 4, 7], [6, 5, 3, 6], [5, 4, 4, 7], [8, 4, 3, 4], [6, 6, 2, 6], [5, 4, 4, 6], [8, 5, 2, 4], [8, 5, 4, 6], [7, 5, 4, 7], [4, 4, 5, 6], [5, 3, 4, 7], [8, 4, 4, 8], [9, 5, 4, 6], [5, 4, 4, 6]]}}