{"protected": {"ver": "v1", "alg": "HS256", "iat": 1608146411.8158689}, "signature": "425d6da670d417c07057a92116f70e12df1999a529e9d4a19b4a39233843d701", "payload": {"device_name": "2A:68:65:37:E0:6A:9D:38", "device_type": "MANUAL-CAPTURE", "interval_ms": 3.389830508474576, "sensors": [{"name": "u", "units": "N/A"}, {"name": "d", "units": "N/A"}, {"name": "l", "units": "N/A"}, {"name": "r", "units": "N/A"}], "values": [[5, 23, 21, 34], [20, 61, 59, 67], [62, 115, 122, 109], [124, 157, 175, 137], [178, 157, 180, 129], [180, 103, 138, 92], [127, 41, 74, 48], [65, 11, 25, 18], [20, 4, 8, 8], [6, 1, 3, 5], [6, 4, 2, 2], [5, 4, 3, 4], [7, 3, 2, 4], [5, 2, 4, 6], [6, 4, 4, 4], [4, 3, 5, 4], [6, 4, 2, 3], [5, 4, 3, 4], [5, 1, 2, 4], [3, 4, 4, 4], [5, 3, 3, 6], [4, 2, 4, 6], [5, 3, 4, 5], [6, 5, 3, 4], [5, 5, 4, 4], [4, 4, 4, 5], [4, 4, 3, 4], [4, 4, 4, 5], [4, 3, 4, 7], [4, 1, 4, 4], [6, 4, 5, 5], [5, 4, 3, 4], [4, 3, 1, 4], [6, 4, 7, 7], [5, 3, 2, 6], [6, 4, 5, 6], [6, 4, 3, 5], [4, 4, 4, 8], [8, 5, 4, 5], [4, 4, 4, 4], [5, 3, 2, 3], [6, 4, 0, 3], [6, 4, 2, 4], [4, 3, 2, 4], [5, 4, 4, 7], [5, 1, 4, 4], [5, 4, 5, 4], [6, 4, 3, 5]]}}