{"protected": {"ver": "v1", "alg": "HS256", "iat": 1608146411.7888665}, "signature": "8a4c589190466215c14239057d599965746a30514cd92ed49c757d2ff1147cf9", "payload": {"device_name": "2A:68:65:37:E0:6A:9D:38", "device_type": "MANUAL-CAPTURE", "interval_ms": 3.389830508474576, "sensors": [{"name": "u", "units": "N/A"}, {"name": "d", "units": "N/A"}, {"name": "l", "units": "N/A"}, {"name": "r", "units": "N/A"}], "values": [[6, 22, 16, 21], [9, 32, 25, 30], [19, 49, 39, 41], [31, 62, 53, 51], [48, 73, 67, 59], [63, 78, 75, 63], [75, 75, 81, 64], [81, 69, 77, 59], [77, 53, 67, 53], [72, 36, 53, 41], [60, 22, 39, 30], [45, 11, 26, 23], [28, 5, 15, 15], [18, 5, 9, 10], [11, 2, 5, 8], [8, 4, 4, 5], [5, 3, 3, 5], [4, 3, 1, 3], [6, 4, 3, 5], [6, 3, 4, 5], [4, 4, 4, 6], [5, 3, 5, 6], [7, 5, 3, 4], [4, 4, 4, 4], [6, 5, 5, 7], [5, 3, 5, 6], [6, 4, 5, 7], [5, 4, 4, 4], [8, 5, 3, 3], [7, 4, 5, 6], [5, 4, 2, 4], [7, 5, 3, 4], [5, 3, 4, 6], [7, 6, 3, 6], [7, 6, 3, 4], [7, 5, 3, 4], [5, 4, 4, 5], [4, 4, 5, 7], [5, 2, 2, 5], [3, 2, 4, 6], [6, 3, 5, 6], [6, 4, 5, 5], [4, 3, 5, 5], [6, 1, 3, 5], [5, 4, 5, 8], [4, 0, 2, 5], [4, 2, 5, 6], [5, 1, 5, 7]]}}