{"protected": {"ver": "v1", "alg": "HS256", "iat": 1608146411.8008666}, "signature": "43d8e48475880dfc417ab22afd9baef8aebbdf8712069eaeb3d6112d98b6ea64", "payload": {"device_name": "2A:68:65:37:E0:6A:9D:38", "device_type": "MANUAL-CAPTURE", "interval_ms": 3.389830508474576, "sensors": [{"name": "u", "units": "N/A"}, {"name": "d", "units": "N/A"}, {"name": "l", "units": "N/A"}, {"name": "r", "units": "N/A"}], "values": [[9, 43, 52, 67], [58, 150, 186, 185], [225, 255, 255, 255], [255, 255, 255, 255], [255, 255, 255, 255], [255, 255, 255, 255], [255, 203, 255, 228], [255, 53, 136, 86], [103, 8, 30, 22], [21, 4, 6, 8], [7, 2, 4, 5], [4, 2, 3, 4], [5, 6, 1, 4], [6, 4, 4, 4], [6, 5, 4, 5], [6, 6, 3, 4], [6, 4, 3, 3], [2, 4, 4, 5], [4, 3, 2, 4], [5, 1, 4, 5], [6, 2, 5, 7], [4, 3, 2, 5], [4, 3, 6, 4], [6, 4, 5, 5], [6, 5, 3, 6], [3, 2, 3, 5], [4, 4, 4, 4], [5, 4, 3, 2], [4, 3, 4, 6], [5, 4, 2, 3], [5, 4, 4, 4], [6, 4, 5, 6], [6, 5, 3, 3], [5, 4, 4, 6], [5, 4, 4, 5], [5, 3, 2, 4], [5, 4, 3, 4], [4, 3, 0, 4], [4, 1, 2, 4], [5, 4, 3, 4], [5, 4, 4, 5], [6, 5, 5, 5], [4, 1, 3, 4], [4, 3, 6, 8], [7, 4, 3, 4], [4, 3, 6, 5], [4, 4, 5, 4], [6, 3, 4, 5]]}}