{"protected": {"ver": "v1", "alg": "HS256", "iat": 1608146411.8128686}, "signature": "c4b844ef91dd2df917e141c6aa1ba2569220bba34d66c77914ba83af720be9e2", "payload": {"device_name": "2A:68:65:37:E0:6A:9D:38", "device_type": "MANUAL-CAPTURE", "interval_ms": 3.389830508474576, "sensors": [{"name": "u", "units": "N/A"}, {"name": "d", "units": "N/A"}, {"name": "l", "units": "N/A"}, {"name": "r", "units": "N/A"}], "values": [[7, 16, 18, 22], [18, 54, 64, 57], [66, 115, 136, 104], [139, 145, 160, 115], [159, 97, 115, 85], [107, 32, 48, 39], [40, 4, 12, 14], [13, 5, 4, 5], [7, 4, 4, 4], [4, 4, 4, 6], [5, 4, 4, 5], [6, 3, 4, 4], [5, 4, 4, 4], [7, 4, 1, 4], [5, 4, 3, 4], [6, 5, 3, 4], [4, 4, 4, 5], [6, 4, 1, 5], [4, 3, 2, 4], [4, 2, 3, 5], [4, 4, 3, 3], [6, 3, 4, 4], [7, 5, 4, 5], [4, 4, 3, 4], [6, 4, 4, 4], [4, 3, 4, 4], [4, 2, 4, 5], [6, 3, 2, 5], [5, 2, 3, 4], [5, 4, 3, 4], [4, 3, 3, 5], [4, 1, 4, 6], [7, 4, 4, 5], [7, 7, 2, 4], [4, 2, 1, 5], [4, 2, 3, 5], [4, 1, 4, 4], [5, 4, 4, 5], [5, 4, 4, 4], [6, 4, 5, 5], [4, 3, 1, 3], [6, 5, 3, 4], [4, 3, 3, 4], [4, 4, 4, 4], [3, 2, 4, 4], [4, 3, 1, 4], [5, 4, 4, 4], [4, 4, 1, 5]]}}