{"protected": {"ver": "v1", "alg": "HS256", "iat": 1608146411.7928731}, "signature": "a09e85898970ad7874a0211fc20e0de663b0b2de717da3251d0f3a08ffb61616", "payload": {"device_name": "2A:68:65:37:E0:6A:9D:38", "device_type": "MANUAL-CAPTURE", "interval_ms": 3.389830508474576, "sensors": [{"name": "u", "units": "N/A"}, {"name": "d", "units": "N/A"}, {"name": "l", "units": "N/A"}, {"name": "r", "units": "N/A"}], "values": [[7, 15, 14, 23], [12, 54, 66, 76], [66, 158, 179, 177], [199, 255, 255, 255], [255, 255, 255, 255], [255, 255, 255, 255], [255, 254, 255, 254], [255, 119, 212, 142], [196, 35, 89, 58], [74, 7, 25, 19], [21, 5, 6, 7], [8, 4, 4, 6], [6, 2, 2, 4], [6, 4, 4, 6], [5, 4, 4, 5], [5, 2, 3, 5], [8, 5, 6, 7], [4, 4, 4, 6], [6, 6, 2, 4], [4, 3, 5, 4], [6, 4, 6, 5], [5, 3, 4, 6], [6, 4, 4, 5], [4, 3, 2, 4], [4, 4, 4, 4], [4, 5, 4, 4], [4, 2, 2, 4], [5, 3, 4, 5], [5, 2, 5, 6], [4, 2, 2, 4], [5, 3, 2, 5], [3, 4, 4, 4], [5, 5, 5, 7], [6, 4, 4, 5], [5, 4, 3, 4], [4, 4, 5, 8], [6, 4, 1, 3], [4, 2, 5, 5], [5, 3, 1, 3], [5, 4, 3, 4], [5, 4, 4, 5], [5, 3, 4, 5], [5, 4, 5, 5], [4, 6, 3, 2], [7, 7, 3, 5], [4, 3, 4, 5], [4, 3, 2, 5], [5, 4, 4, 5]]}}