{"protected": {"ver": "v1", "alg": "HS256", "iat": 1608146411.813868}, "signature": "68d9910b1e4b9dbc174c5c0642ac511885121ba5946647c058d8afe438162c8a", "payload": {"device_name": "2A:68:65:37:E0:6A:9D:38", "device_type": "MANUAL-CAPTURE", "interval_ms": 3.389830508474576, "sensors": [{"name": "u", "units": "N/A"}, {"name": "d", "units": "N/A"}, {"name": "l", "units": "N/A"}, {"name": "r", "units": "N/A"}], "values": [[8, 22, 17, 25], [17, 39, 38, 41], [39, 61, 58, 54], [60, 67, 69, 60], [74, 62, 67, 55], [74, 40, 58, 44], [58, 16, 33, 25], [32, 6, 13, 14], [11, 3, 5, 5], [6, 2, 5, 5], [3, 3, 2, 5], [5, 4, 5, 4], [6, 5, 4, 4], [5, 4, 4, 4], [7, 4, 4, 6], [6, 4, 3, 4], [5, 4, 4, 5], [4, 4, 3, 4], [4, 3, 4, 4], [4, 4, 3, 1], [5, 4, 2, 3], [6, 4, 4, 3], [5, 3, 4, 4], [5, 1, 2, 5], [7, 4, 3, 6], [4, 2, 5, 5], [3, 3, 4, 5], [4, 1, 4, 5], [6, 5, 5, 5], [5, 4, 4, 4], [4, 3, 1, 3], [6, 5, 5, 5], [5, 4, 4, 4], [7, 6, 4, 5], [4, 4, 4, 4], [5, 4, 4, 6], [4, 3, 4, 6], [4, 2, 4, 5], [5, 4, 4, 4], [7, 4, 4, 4], [4, 1, 3, 3], [6, 4, 4, 4], [4, 4, 3, 3], [6, 3, 2, 4], [3, 4, 4, 5], [3, 2, 2, 4], [5, 3, 5, 6], [6, 5, 4, 5]]}}