{"protected": {"ver": "v1", "alg": "HS256", "iat": 1608146411.8198693}, "signature": "fe00f1d909b0443fff70ae2a81268b1e636bed88de12b08a29f51e4e67db4f85", "payload": {"device_name": "2A:68:65:37:E0:6A:9D:38", "device_type": "MANUAL-CAPTURE", "interval_ms": 3.389830508474576, "sensors": [{"name": "u", "units": "N/A"}, {"name": "d", "units": "N/A"}, {"name": "l", "units": "N/A"}, {"name": "r", "units": "N/A"}], "values": [[5, 18, 11, 23], [11, 32, 29, 38], [24, 54, 46, 52], [46, 74, 73, 69], [72, 87, 88, 77], [92, 87, 95, 76], [98, 69, 85, 66], [87, 43, 64, 46], [67, 20, 41, 27], [37, 7, 17, 13], [16, 4, 9, 6], [6, 4, 2, 5], [6, 4, 3, 4], [7, 4, 4, 4], [4, 4, 3, 6], [4, 5, 3, 5], [4, 3, 4, 6], [2, 2, 4, 6], [5, 4, 4, 5], [6, 5, 4, 4], [7, 5, 3, 4], [4, 2, 4, 4], [4, 2, 5, 5], [6, 4, 4, 5], [8, 4, 4, 4], [5, 4, 5, 4], [5, 5, 5, 5], [7, 4, 2, 1], [3, 0, 3, 6], [4, 4, 4, 5], [7, 4, 4, 5], [7, 5, 3, 5], [6, 5, 3, 5], [7, 5, 4, 4], [4, 3, 5, 6], [5, 3, 4, 5], [7, 8, 4, 4], [6, 4, 3, 5], [5, 4, 4, 4], [5, 5, 4, 5], [6, 4, 2, 4], [5, 2, 4, 4], [4, 2, 3, 5], [3, 3, 4, 6], [4, 3, 5, 5], [4, 5, 4, 5], [4, 4, 5, 7], [5, 4, 5, 7]]}}