{"protected": {"ver": "v1", "alg": "HS256", "iat": 1608146411.7688692}, "signature": "715d3044144e3c06f4bec2fbc4fa5353d71fff2de25a898849fe34eb7591893f", "payload": {"device_name": "2A:68:65:37:E0:6A:9D:38", "device_type": "MANUAL-CAPTURE", "interval_ms": 3.389830508474576, "sensors": [{"name": "u", "units": "N/A"}, {"name": "d", "units": "N/A"}, {"name": "l", "units": "N/A"}, {"name": "r", "units": "N/A"}], "values": [[6, 21, 18, 24], [12, 45, 37, 42], [26, 70, 64, 64], [50, 98, 93, 88], [80, 125, 125, 108], [114, 137, 142, 117], [143, 140, 151, 120], [157, 120, 139, 107], [149, 87, 120, 90], [133, 56, 89, 68], [99, 27, 61, 46], [68, 13, 37, 26], [37, 5, 18, 17], [21, 6, 9, 11], [11, 2, 7, 8], [6, 4, 4, 7], [5, 5, 3, 4], [4, 4, 4, 4], [4, 1, 3, 4], [7, 3, 5, 5], [6, 5, 3, 6], [4, 2, 5, 5], [4, 4, 2, 3], [8, 4, 4, 6], [4, 2, 4, 4], [1, 2, 4, 5], [4, 3, 4, 4], [4, 3, 1, 4], [4, 4, 4, 7], [4, 3, 2, 4], [5, 3, 5, 7], [6, 4, 4, 6], [6, 5, 4, 4], [7, 4, 4, 5], [6, 4, 4, 4], [5, 3, 2, 4], [4, 3, 3, 4], [5, 1, 3, 6], [4, 5, 4, 4], [4, 2, 4, 4], [4, 3, 4, 4], [5, 4, 5, 7], [4, 4, 1, 3], [2, 2, 4, 4], [7, 4, 4, 4], [6, 5, 4, 6], [4, 4, 4, 7], [7, 5, 3, 5]]}}