{"protected": {"ver": "v1", "alg": "HS256", "iat": 1608146411.7808695}, "signature": "01ff8aa9939c65efb447a447fe2e41a24eb6630169931b00bcefab3eae5559e2", "payload": {"device_name": "2A:68:65:37:E0:6A:9D:38", "device_type": "MANUAL-CAPTURE", "interval_ms": 3.389830508474576, "sensors": [{"name": "u", "units": "N/A"}, {"name": "d", "units": "N/A"}, {"name": "l", "units": "N/A"}, {"name": "r", "units": "N/A"}], "values": [[10, 25, 14, 23], [11, 33, 27, 33], [21, 46, 39, 41], [36, 58, 53, 48], [47, 62, 64, 54], [63, 65, 67, 54], [68, 59, 64, 53], [69, 46, 61, 44], [66, 33, 47, 33], [51, 18, 36, 25], [39, 8, 22, 18], [23, 4, 11, 12], [13, 4, 8, 8], [8, 3, 7, 6], [8, 5, 4, 8], [5, 4, 5, 5], [5, 4, 3, 4], [6, 4, 2, 4], [5, 4, 5, 5], [3, 4, 3, 4], [5, 4, 5, 4], [6, 4, 4, 5], [7, 5, 3, 4], [4, 4, 4, 4], [4, 3, 4, 5], [7, 3, 4, 5], [6, 4, 4, 4], [5, 4, 5, 6], [7, 5, 3, 4], [4, 2, 3, 4], [6, 4, 4, 3], [4, 3, 4, 5], [7, 4, 4, 5], [5, 4, 4, 4], [6, 4, 4, 6], [4, 4, 1, 4], [5, 2, 4, 4], [3, 1, 4, 5], [4, 4, 0, 4], [4, 1, 4, 5], [5, 6, 4, 4], [5, 4, 3, 4], [7, 7, 5, 5], [4, 3, 2, 4], [5, 3, 2, 4], [6, 6, 0, 2], [5, 5, 4, 4], [4, 3, 3, 4]]}}