{"protected": {"ver": "v1", "alg": "HS256", "iat": 1608146411.8258657}, "signature": "7bab8eb57def364e2a7d1675a11ecff5adf48e839d2a4ad556f2c3ec5989d2ec", "payload": {"device_name": "2A:68:65:37:E0:6A:9D:38", "device_type": "MANUAL-CAPTURE", "interval_ms": 3.389830508474576, "sensors": [{"name": "u", "units": "N/A"}, {"name": "d", "units": "N/A"}, {"name": "l", "units": "N/A"}, {"name": "r", "units": "N/A"}], "values": [[6, 15, 12, 19], [12, 34, 32, 41], [31, 62, 57, 65], [63, 82, 74, 77], [84, 78, 76, 77], [89, 59, 63, 62], [72, 29, 40, 38], [46, 8, 18, 19], [19, 4, 7, 6], [7, 3, 4, 5], [6, 4, 1, 4], [8, 4, 4, 4], [5, 4, 4, 4], [7, 4, 3, 5], [4, 4, 4, 3], [4, 4, 3, 4], [2, 1, 4, 5], [4, 4, 3, 4], [6, 4, 4, 4], [4, 3, 4, 5], [4, 2, 6, 7], [4, 4, 0, 1], [4, 4, 4, 4], [4, 2, 3, 4], [5, 5, 2, 4], [4, 2, 3, 5], [4, 4, 1, 2], [5, 4, 4, 4], [4, 5, 3, 4], [4, 2, 1, 2], [4, 2, 2, 4], [6, 3, 5, 6], [4, 2, 4, 6], [4, 3, 3, 4], [6, 4, 3, 5], [4, 2, 5, 6], [6, 4, 6, 7], [4, 3, 5, 6], [5, 4, 3, 4], [4, 4, 3, 4], [4, 3, 3, 6], [5, 5, 2, 3], [4, 4, 3, 5], [8, 5, 5, 6], [4, 4, 4, 5], [4, 3, 5, 6], [3, 1, 5, 5], [4, 3, 3, 5]]}}