{"protected": {"ver": "v1", "alg": "HS256", "iat": 1608146411.7668707}, "signature": "d23c419259678cf00356624e38a51a7224a7eede49e6a6202f731e6bb5db056f", "payload": {"device_name": "2A:68:65:37:E0:6A:9D:38", "device_type": "MANUAL-CAPTURE", "interval_ms": 3.389830508474576, "sensors": [{"name": "u", "units": "N/A"}, {"name": "d", "units": "N/A"}, {"name": "l", "units": "N/A"}, {"name": "r", "units": "N/A"}], "values": [[9, 20, 17, 25], [15, 45, 42, 46], [39, 77, 79, 72], [76, 104, 107, 87], [112, 108, 119, 89], [122, 83, 104, 73], [105, 45, 67, 47], [66, 17, 30, 24], [30, 6, 7, 8], [11, 2, 5, 8], [6, 4, 3, 5], [8, 4, 4, 5], [6, 4, 3, 4], [5, 5, 3, 4], [5, 4, 4, 6], [4, 1, 4, 5], [5, 4, 4, 4], [9, 3, 4, 5], [6, 5, 5, 5], [5, 4, 4, 5], [8, 8, 4, 5], [4, 3, 3, 6], [4, 2, 7, 7], [6, 4, 2, 4], [5, 5, 1, 4], [3, 0, 4, 7], [6, 5, 3, 5], [4, 3, 3, 5], [5, 4, 4, 5], [4, 4, 4, 6], [6, 4, 5, 5], [6, 4, 3, 4], [4, 4, 4, 5], [4, 4, 1, 3], [4, 2, 5, 5], [6, 7, 7, 6], [5, 4, 3, 4], [5, 4, 4, 4], [5, 3, 4, 6], [5, 3, 4, 5], [5, 4, 2, 5], [4, 3, 5, 6], [4, 2, 4, 5], [5, 3, 5, 9], [7, 5, 4, 5], [5, 4, 3, 4], [5, 3, 4, 5], [3, 4, 4, 5]]}}