{"protected": {"ver": "v1", "alg": "HS256", "iat": 1608146411.7728727}, "signature": "a5622556f7da2f13fd1a7abec18b8a575ea24c343b59dbde52fd1ea4781967ca", "payload": {"device_name": "2A:68:65:37:E0:6A:9D:38", "device_type": "MANUAL-CAPTURE", "interval_ms": 3.389830508474576, "sensors": [{"name": "u", "units": "N/A"}, {"name": "d", "units": "N/A"}, {"name": "l", "units": "N/A"}, {"name": "r", "units": "N/A"}], "values": [[6, 20, 16, 31], [17, 60, 52, 73], [61, 129, 130, 140], [141, 211, 223, 205], [240, 255, 255, 234], [255, 243, 255, 212], [255, 161, 226, 151], [218, 76, 132, 81], [119, 23, 59, 35], [47, 4, 18, 13], [17, 3, 6, 6], [7, 4, 6, 6], [5, 1, 4, 4], [5, 3, 4, 7], [5, 5, 2, 4], [4, 3, 3, 3], [4, 4, 3, 5], [5, 4, 4, 4], [6, 4, 2, 3], [6, 5, 2, 4], [4, 3, 4, 5], [3, 1, 4, 4], [5, 4, 4, 4], [4, 4, 3, 4], [6, 4, 3, 4], [6, 4, 5, 6], [7, 6, 2, 4], [4, 4, 3, 3], [4, 3, 4, 4], [4, 4, 4, 5], [5, 4, 4, 5], [5, 4, 3, 4], [5, 4, 4, 4], [5, 4, 4, 5], [6, 4, 4, 5], [4, 4, 5, 5], [6, 4, 4, 5], [4, 4, 3, 4], [6, 4, 4, 6], [6, 5, 4, 4], [3, 3, 4, 4], [4, 3, 4, 4], [4, 4, 5, 6], [4, 3, 3, 5], [4, 5, 4, 5], [4, 3, 4, 6], [4, 2, 4, 7], [5, 4, 4, 4]]}}