{"protected": {"ver": "v1", "alg": "HS256", "iat": 1608146411.7708714}, "signature": "d19fe6d91d765d74b27b3a8e36f5601a6c213e9d8d66dc9533fd3c26aee10fe9", "payload": {"device_name": "2A:68:65:37:E0:6A:9D:38", "device_type": "MANUAL-CAPTURE", "interval_ms": 3.389830508474576, "sensors": [{"name": "u", "units": "N/A"}, {"name": "d", "units": "N/A"}, {"name": "l", "units": "N/A"}, {"name": "r", "units": "N/A"}], "values": [[8, 22, 11, 21], [7, 35, 25, 38], [16, 64, 52, 67], [44, 104, 93, 100], [82, 147, 143, 136], [135, 189, 192, 168], [184, 214, 231, 187], [230, 212, 245, 185], [250, 178, 230, 163], [237, 129, 191, 131], [198, 79, 142, 90], [143, 38, 86, 55], [89, 14, 47, 32], [47, 6, 20, 15], [23, 4, 7, 8], [11, 4, 4, 4], [8, 5, 4, 5], [5, 4, 4, 6], [5, 4, 1, 5], [4, 2, 3, 4], [5, 5, 2, 4], [6, 3, 4, 5], [7, 4, 4, 5], [7, 4, 4, 5], [5, 5, 1, 3], [4, 4, 6, 7], [6, 4, 3, 3], [7, 4, 5, 4], [4, 3, 4, 4], [4, 3, 5, 6], [4, 4, 2, 5], [5, 4, 4, 6], [5, 4, 4, 5], [4, 5, 3, 4], [4, 4, 5, 6], [10, 8, 3, 5], [4, 2, 4, 4], [4, 4, 3, 4], [5, 4, 3, 3], [3, 0, 3, 4], [5, 4, 4, 5], [4, 3, 2, 4], [4, 3, 3, 5], [6, 4, 1, 3], [6, 4, 4, 4], [4, 4, 1, 3], [5, 4, 2, 3], [4, 4, 5, 6]]}}