{"protected": {"ver": "v1", "alg": "HS256", "iat": 1608146411.801867}, "signature": "b5ff30991136c08f2105cc6e021889194b86e13e67b3178c56b0b5d4b30db50d", "payload": {"device_name": "2A:68:65:37:E0:6A:9D:38", "device_type": "MANUAL-CAPTURE", "interval_ms": 3.389830508474576, "sensors": [{"name": "u", "units": "N/A"}, {"name": "d", "units": "N/A"}, {"name": "l", "units": "N/A"}, {"name": "r", "units": "N/A"}], "values": [[11, 23, 16, 28], [15, 54, 50, 57], [48, 107, 112, 101], [107, 161, 173, 136], [169, 182, 203, 146], [198, 153, 187, 125], [181, 95, 136, 90], [128, 39, 76, 48], [68, 11, 33, 24], [28, 4, 11, 9], [14, 4, 4, 5], [6, 4, 2, 4], [6, 2, 4, 4], [6, 4, 3, 4], [8, 4, 3, 4], [6, 4, 3, 5], [4, 2, 2, 4], [5, 4, 2, 4], [6, 4, 4, 4], [6, 5, 4, 3], [4, 2, 3, 4], [2, 1, 3, 4], [5, 4, 5, 5], [5, 3, 2, 4], [6, 3, 2, 4], [4, 4, 4, 5], [5, 3, 3, 4], [3, 3, 2, 5], [4, 4, 4, 4], [5, 3, 1, 5], [3, 3, 2, 4], [4, 4, 5, 4], [4, 3, 4, 4], [5, 4, 2, 2], [5, 4, 4, 4], [4, 3, 4, 5], [6, 4, 3, 8], [4, 3, 4, 4], [4, 4, 5, 6], [4, 4, 5, 7], [6, 4, 4, 4], [6, 4, 4, 5], [5, 4, 4, 4], [5, 5, 2, 4], [3, 3, 6, 6], [5, 3, 4, 6], [4, 4, 3, 4], [4, 3, 4, 5]]}}