{"protected": {"ver": "v1", "alg": "HS256", "iat": 1608146411.767869}, "signature": "739e24b10b3b91dda5b720ac83f3e190fe156f5c7074928d9ce7316e9e5ff3b3", "payload": {"device_name": "2A:68:65:37:E0:6A:9D:38", "device_type": "MANUAL-CAPTURE", "interval_ms": 3.389830508474576, "sensors": [{"name": "u", "units": "N/A"}, {"name": "d", "units": "N/A"}, {"name": "l", "units": "N/A"}, {"name": "r", "units": "N/A"}], "values": [[8, 26, 25, 29], [17, 44, 38, 39], [30, 60, 56, 51], [48, 74, 71, 62], [67, 79, 78, 65], [79, 77, 77, 65], [85, 62, 74, 61], [80, 45, 61, 50], [67, 27, 44, 37], [48, 13, 25, 24], [29, 4, 13, 13], [19, 4, 8, 8], [10, 4, 5, 7], [8, 4, 4, 4], [4, 4, 4, 6], [5, 4, 4, 5], [5, 2, 4, 5], [5, 3, 4, 7], [4, 2, 4, 5], [5, 4, 3, 4], [6, 3, 2, 4], [7, 5, 1, 4], [7, 4, 7, 6], [5, 3, 4, 4], [4, 4, 5, 4], [5, 3, 4, 4], [7, 4, 0, 3], [3, 2, 3, 4], [6, 4, 3, 4], [3, 3, 5, 8], [5, 2, 4, 4], [5, 3, 6, 4], [6, 4, 4, 4], [7, 5, 7, 6], [5, 4, 4, 5], [4, 2, 4, 6], [4, 3, 3, 4], [4, 4, 4, 4], [5, 4, 4, 5], [4, 2, 5, 5], [5, 5, 4, 6], [4, 2, 4, 4], [8, 4, 6, 5], [6, 5, 1, 4], [4, 4, 4, 4], [4, 3, 4, 5], [6, 4, 5, 4], [5, 3, 4, 6]]}}