{"protected": {"ver": "v1", "alg": "HS256", "iat": 1608146411.7798684}, "signature": "49964318a0017de7b9c1add23682b3b62da7536d4d6cac7d3e82276a92af7b68", "payload": {"device_name": "2A:68:65:37:E0:6A:9D:38", "device_type": "MANUAL-CAPTURE", "interval_ms": 3.389830508474576, "sensors": [{"name": "u", "units": "N/A"}, {"name": "d", "units": "N/A"}, {"name": "l", "units": "N/A"}, {"name": "r", "units": "N/A"}], "values": [[6, 27, 26, 40], [26, 77, 79, 84], [80, 143, 154, 134], [160, 201, 224, 177], [234, 205, 239, 174], [244, 143, 192, 133], [191, 68, 115, 76], [106, 18, 49, 35], [41, 5, 14, 11], [13, 3, 6, 8], [7, 4, 5, 8], [7, 4, 4, 6], [6, 3, 4, 4], [4, 2, 2, 4], [6, 4, 4, 4], [6, 4, 2, 4], [6, 6, 3, 4], [7, 5, 5, 5], [4, 4, 4, 5], [4, 4, 4, 4], [6, 4, 4, 5], [7, 4, 4, 3], [7, 4, 4, 5], [4, 4, 4, 4], [4, 4, 4, 4], [3, 0, 2, 3], [4, 3, 4, 6], [5, 4, 5, 6], [3, 4, 5, 5], [6, 4, 8, 6], [5, 4, 4, 5], [5, 4, 3, 4], [5, 4, 2, 2], [6, 4, 4, 4], [5, 3, 5, 6], [5, 5, 4, 6], [4, 2, 3, 4], [3, 4, 4, 4], [8, 4, 3, 4], [5, 4, 5, 4], [6, 4, 4, 5], [4, 4, 3, 4], [7, 4, 4, 4], [5, 3, 2, 4], [5, 4, 2, 4], [6, 3, 4, 5], [4, 4, 6, 6], [4, 3, 4, 5]]}}