{"protected": {"ver": "v1", "alg": "HS256", "iat": 1608146411.7938683}, "signature": "300d320fce5cdb8b24199fcf0310e48c2175c303eae3ae1da48911a0e50aa683", "payload": {"device_name": "2A:68:65:37:E0:6A:9D:38", "device_type": "MANUAL-CAPTURE", "interval_ms": 3.389830508474576, "sensors": [{"name": "u", "units": "N/A"}, {"name": "d", "units": "N/A"}, {"name": "l", "units": "N/A"}, {"name": "r", "units": "N/A"}], "values": [[6, 22, 16, 25], [11, 37, 27, 39], [25, 63, 52, 57], [44, 88, 81, 77], [70, 111, 113, 97], [105, 135, 139, 110], [130, 137, 150, 112], [149, 125, 148, 107], [149, 96, 132, 89], [135, 65, 104, 67], [109, 37, 77, 49], [78, 18, 46, 30], [48, 9, 25, 18], [26, 4, 11, 11], [13, 5, 7, 8], [5, 1, 4, 7], [8, 4, 5, 4], [4, 2, 4, 7], [5, 3, 2, 5], [8, 4, 4, 5], [6, 4, 4, 4], [4, 3, 4, 5], [5, 4, 3, 5], [7, 2, 3, 5], [6, 2, 4, 4], [4, 3, 3, 3], [4, 3, 6, 5], [8, 4, 1, 4], [6, 4, 3, 5], [5, 3, 4, 3], [6, 5, 3, 4], [5, 4, 4, 5], [5, 3, 5, 6], [3, 1, 4, 5], [4, 2, 3, 4], [5, 5, 4, 4], [4, 3, 3, 6], [5, 4, 5, 6], [5, 4, 4, 6], [7, 4, 3, 4], [4, 2, 5, 4], [4, 3, 3, 5], [4, 2, 4, 6], [5, 5, 4, 5], [7, 4, 5, 7], [7, 4, 4, 4], [4, 4, 4, 7], [3, 3, 6, 6]]}}