{"protected": {"ver": "v1", "alg": "HS256", "iat": 1608146411.8148668}, "signature": "be6a3e0d4f81ede8745773dfa960b7b2bd5de538c6043bb9c20cd5bf26236e0e", "payload": {"device_name": "2A:68:65:37:E0:6A:9D:38", "device_type": "MANUAL-CAPTURE", "interval_ms": 3.389830508474576, "sensors": [{"name": "u", "units": "N/A"}, {"name": "d", "units": "N/A"}, {"name": "l", "units": "N/A"}, {"name": "r", "units": "N/A"}], "values": [[11, 35, 42, 50], [50, 106, 130, 115], [148, 185, 214, 162], [226, 163, 192, 133], [172, 60, 87, 57], [63, 10, 18, 13], [11, 4, 3, 5], [7, 4, 3, 4], [4, 3, 3, 4], [6, 4, 6, 7], [5, 3, 3, 3], [5, 4, 3, 5], [4, 1, 6, 6], [4, 4, 4, 6], [6, 4, 5, 6], [5, 4, 1, 2], [3, 3, 4, 4], [5, 2, 4, 5], [5, 2, 3, 5], [4, 2, 4, 6], [4, 4, 5, 7], [4, 3, 3, 4], [5, 4, 3, 5], [5, 4, 5, 6], [5, 4, 4, 4], [6, 3, 3, 5], [8, 5, 0, 2], [6, 4, 4, 5], [3, 3, 2, 5], [4, 3, 2, 5], [4, 2, 4, 4], [7, 4, 5, 5], [8, 7, 3, 3], [3, 2, 4, 3], [4, 1, 4, 3], [4, 4, 1, 4], [3, 4, 4, 4], [5, 4, 3, 4], [5, 4, 5, 8], [4, 3, 3, 4], [4, 2, 4, 4], [4, 3, 2, 3], [3, 2, 4, 6], [6, 4, 7, 8], [5, 2, 5, 6], [6, 4, 4, 4], [7, 4, 5, 5], [5, 3, 1, 5]]}}