{"protected": {"ver": "v1", "alg": "HS256", "iat": 1608146411.8248677}, "signature": "6bda2037cce5945f106ebf3de27d557b5cdf043b062e8917eb2c1d9f138f7d1c", "payload": {"device_name": "2A:68:65:37:E0:6A:9D:38", "device_type": "MANUAL-CAPTURE", "interval_ms": 3.389830508474576, "sensors": [{"name": "u", "units": "N/A"}, {"name": "d", "units": "N/A"}, {"name": "l", "units": "N/A"}, {"name": "r", "units": "N/A"}], "values": [[5, 14, 11, 22], [10, 38, 37, 44], [33, 77, 80, 76], [76, 115, 124, 98], [120, 129, 143, 105], [141, 107, 126, 88], [124, 62, 88, 59], [81, 23, 45, 31], [39, 4, 17, 13], [16, 4, 4, 4], [8, 4, 2, 4], [5, 4, 4, 4], [5, 4, 3, 5], [7, 5, 4, 5], [5, 4, 4, 4], [5, 4, 3, 4], [4, 3, 5, 8], [4, 3, 3, 6], [7, 4, 4, 7], [4, 3, 1, 3], [8, 4, 3, 4], [7, 4, 4, 4], [4, 2, 2, 4], [4, 4, 4, 6], [4, 4, 6, 7], [4, 5, 3, 4], [4, 3, 0, 4], [4, 4, 7, 7], [4, 3, 3, 3], [3, 3, 6, 5], [4, 4, 4, 4], [6, 4, 3, 5], [5, 4, 3, 4], [6, 4, 4, 5], [4, 4, 4, 5], [6, 4, 6, 6], [6, 4, 4, 6], [5, 4, 4, 4], [6, 4, 5, 7], [3, 2, 4, 4], [5, 5, 4, 5], [4, 1, 5, 6], [6, 5, 4, 4], [5, 3, 4, 5], [5, 5, 4, 5], [4, 4, 4, 6], [7, 5, 3, 4], [5, 3, 3, 3]]}}