{"protected": {"ver": "v1", "alg": "HS256", "iat": 1608146411.7868676}, "signature": "ae6853548c55175a6d05b99f73e20a39a55ff27a186826126bfe21c8d499aa1b", "payload": {"device_name": "2A:68:65:37:E0:6A:9D:38", "device_type": "MANUAL-CAPTURE", "interval_ms": 3.389830508474576, "sensors": [{"name": "u", "units": "N/A"}, {"name": "d", "units": "N/A"}, {"name": "l", "units": "N/A"}, {"name": "r", "units": "N/A"}], "values": [[7, 18, 11, 22], [12, 31, 22, 30], [14, 45, 36, 44], [29, 67, 59, 61], [49, 85, 82, 76], [70, 102, 100, 83], [92, 111, 115, 88], [108, 105, 121, 86], [115, 90, 112, 75], [113, 66, 96, 63], [97, 42, 72, 44], [75, 25, 50, 31], [45, 9, 27, 16], [27, 3, 13, 12], [12, 4, 8, 7], [10, 4, 5, 6], [5, 3, 1, 4], [7, 4, 4, 4], [5, 2, 2, 4], [6, 4, 2, 5], [4, 4, 2, 4], [4, 2, 6, 8], [5, 4, 3, 5], [3, 2, 2, 6], [5, 3, 3, 5], [5, 2, 3, 5], [6, 4, 1, 4], [4, 3, 3, 3], [5, 2, 2, 3], [4, 3, 3, 4], [4, 2, 5, 7], [6, 4, 4, 4], [3, 0, 3, 3], [4, 4, 3, 6], [7, 4, 3, 4], [5, 3, 5, 5], [6, 5, 4, 5], [6, 4, 4, 6], [5, 4, 5, 6], [5, 4, 3, 6], [4, 4, 5, 4], [4, 3, 4, 6], [7, 4, 4, 5], [5, 4, 4, 4], [4, 4, 4, 4], [4, 4, 5, 5], [4, 2, 4, 4], [5, 5, 5, 6]]}}