{"protected": {"ver": "v1", "alg": "HS256", "iat": 1608146411.7768729}, "signature": "5cf9688edb6111260280d9c98ba827504442564941b7d0af24a3d3fcb0d07244", "payload": {"device_name": "2A:68:65:37:E0:6A:9D:38", "device_type": "MANUAL-CAPTURE", "interval_ms": 3.389830508474576, "sensors": [{"name": "u", "units": "N/A"}, {"name": "d", "units": "N/A"}, {"name": "l", "units": "N/A"}, {"name": "r", "units": "N/A"}], "values": [[8, 24, 15, 24], [13, 38, 29, 39], [21, 55, 45, 52], [38, 75, 67, 64], [60, 94, 91, 77], [81, 103, 106, 87], [100, 102, 109, 83], [108, 90, 104, 76], [109, 73, 93, 65], [98, 49, 77, 54], [80, 27, 55, 37], [59, 14, 33, 23], [39, 8, 19, 15], [22, 4, 11, 9], [11, 5, 4, 5], [6, 3, 4, 6], [6, 3, 4, 5], [7, 4, 2, 4], [5, 1, 2, 4], [7, 6, 4, 4], [6, 4, 3, 4], [6, 4, 4, 6], [5, 5, 4, 4], [5, 4, 4, 6], [5, 5, 4, 6], [5, 4, 4, 4], [4, 4, 4, 4], [5, 3, 2, 5], [3, 2, 6, 8], [5, 4, 4, 3], [5, 2, 3, 5], [6, 4, 3, 5], [3, 3, 4, 4], [4, 3, 4, 8], [5, 4, 4, 4], [5, 1, 4, 5], [4, 3, 1, 4], [5, 4, 4, 6], [4, 2, 4, 4], [6, 4, 2, 5], [4, 4, 4, 5], [5, 3, 3, 4], [7, 5, 4, 4], [4, 4, 4, 5], [5, 4, 5, 5], [7, 4, 3, 5], [7, 3, 3, 4], [4, 4, 0, 4]]}}