{"protected": {"ver": "v1", "alg": "HS256", "iat": 1608146411.8228803}, "signature": "9abfe65fe2db43f6ec916db7580c9b0e5bd45701117801ce361d83c90861a850", "payload": {"device_name": "2A:68:65:37:E0:6A:9D:38", "device_type": "MANUAL-CAPTURE", "interval_ms": 3.389830508474576, "sensors": [{"name": "u", "units": "N/A"}, {"name": "d", "units": "N/A"}, {"name": "l", "units": "N/A"}, {"name": "r", "units": "N/A"}], "values": [[7, 18, 13, 25], [14, 44, 40, 47], [38, 81, 80, 80], [82, 119, 125, 111], [130, 134, 148, 120], [157, 115, 136, 101], [143, 68, 101, 67], [99, 26, 53, 35], [45, 5, 17, 12], [14, 3, 5, 6], [8, 4, 5, 5], [6, 5, 2, 4], [8, 4, 4, 5], [5, 2, 5, 5], [7, 4, 4, 6], [6, 5, 4, 5], [5, 5, 4, 4], [7, 3, 3, 3], [7, 5, 4, 5], [5, 2, 7, 6], [4, 2, 3, 4], [4, 2, 3, 3], [6, 3, 4, 4], [7, 4, 4, 5], [4, 3, 3, 6], [4, 3, 4, 3], [4, 4, 4, 2], [4, 3, 5, 2], [2, 1, 5, 6], [5, 4, 2, 3], [5, 3, 4, 5], [4, 4, 4, 5], [4, 4, 4, 5], [5, 4, 5, 7], [4, 1, 4, 4], [5, 1, 6, 6], [4, 4, 3, 6], [5, 3, 5, 6], [4, 4, 3, 6], [4, 3, 4, 6], [5, 4, 3, 4], [6, 2, 3, 5], [5, 4, 4, 6], [7, 4, 5, 7], [3, 1, 3, 5], [2, 4, 4, 6], [5, 4, 4, 4], [4, 1, 4, 5]]}}