{"protected": {"ver": "v1", "alg": "HS256", "iat": 1608146411.7638695}, "signature": "05d7ab5f3075d2c990bcca4ed68dbf7506d680674210876f04a9a3951627e35d", "payload": {"device_name": "2A:68:65:37:E0:6A:9D:38", "device_type": "MANUAL-CAPTURE", "interval_ms": 3.389830508474576, "sensors": [{"name": "u", "units": "N/A"}, {"name": "d", "units": "N/A"}, {"name": "l", "units": "N/A"}, {"name": "r", "units": "N/A"}], "values": [[5, 18, 13, 20], [10, 36, 26, 34], [20, 58, 51, 54], [43, 84, 75, 73], [71, 104, 100, 91], [99, 110, 108, 94], [115, 101, 106, 87], [114, 75, 93, 74], [104, 48, 71, 56], [77, 23, 46, 34], [48, 8, 25, 20], [23, 1, 11, 10], [10, 2, 6, 8], [8, 7, 2, 4], [4, 2, 4, 6], [10, 4, 4, 4], [7, 5, 4, 6], [5, 2, 4, 5], [6, 4, 3, 5], [3, 1, 3, 4], [4, 4, 2, 4], [4, 4, 2, 5], [4, 4, 4, 6], [7, 4, 3, 4], [8, 7, 6, 6], [7, 4, 4, 5], [3, 1, 4, 6], [7, 4, 4, 5], [7, 4, 3, 5], [7, 4, 4, 4], [4, 4, 4, 4], [5, 4, 6, 7], [6, 3, 4, 7], [7, 6, 1, 3], [5, 4, 3, 6], [8, 5, 4, 4], [4, 4, 5, 6], [7, 4, 4, 4], [6, 4, 5, 6], [5, 4, 3, 5], [6, 4, 2, 4], [4, 4, 4, 4], [4, 3, 6, 7], [4, 2, 4, 4], [4, 4, 4, 6], [7, 4, 2, 5], [7, 4, 4, 4], [4, 3, 3, 4]]}}