{"protected": {"ver": "v1", "alg": "HS256", "iat": 1608146411.7978697}, "signature": "246090741129f9c6f82776938540676c12a08343d6fe4b3544f332a1f08fe2a7", "payload": {"device_name": "2A:68:65:37:E0:6A:9D:38", "device_type": "MANUAL-CAPTURE", "interval_ms": 3.389830508474576, "sensors": [{"name": "u", "units": "N/A"}, {"name": "d", "units": "N/A"}, {"name": "l", "units": "N/A"}, {"name": "r", "units": "N/A"}], "values": [[4, 14, 13, 24], [11, 41, 41, 55], [41, 100, 101, 101], [101, 161, 173, 148], [172, 195, 214, 167], [216, 171, 199, 142], [199, 105, 149, 97], [137, 44, 84, 52], [71, 9, 32, 21], [27, 4, 11, 12], [9, 5, 4, 5], [5, 2, 4, 3], [6, 3, 4, 5], [7, 4, 4, 6], [4, 5, 4, 4], [4, 4, 6, 6], [4, 4, 4, 5], [5, 4, 2, 2], [5, 3, 3, 3], [5, 4, 5, 5], [7, 6, 4, 4], [7, 5, 3, 5], [5, 4, 3, 5], [5, 4, 4, 4], [8, 4, 2, 5], [5, 4, 3, 4], [5, 3, 3, 5], [7, 3, 4, 8], [5, 3, 3, 5], [4, 3, 5, 5], [4, 3, 3, 5], [6, 4, 4, 6], [6, 4, 0, 3], [6, 5, 6, 8], [4, 3, 4, 4], [5, 6, 4, 4], [6, 6, 2, 3], [7, 4, 5, 4], [5, 4, 4, 4], [6, 4, 4, 6], [5, 4, 3, 5], [5, 5, 4, 5], [6, 3, 3, 4], [4, 4, 5, 4], [5, 4, 4, 5], [6, 4, 1, 4], [7, 6, 3, 4], [2, 1, 4, 4]]}}