{"protected": {"ver": "v1", "alg": "HS256", "iat": 1608146411.7758684}, "signature": "964c30ac420b06326b0b47e03cf5e94c28f71aa4a6b0d307095b931d72d61410", "payload": {"device_name": "2A:68:65:37:E0:6A:9D:38", "device_type": "MANUAL-CAPTURE", "interval_ms": 3.389830508474576, "sensors": [{"name": "u", "units": "N/A"}, {"name": "d", "units": "N/A"}, {"name": "l", "units": "N/A"}, {"name": "r", "units": "N/A"}], "values": [[8, 21, 12, 25], [13, 46, 43, 53], [40, 88, 92, 89], [88, 134, 144, 123], [145, 158, 170, 130], [173, 135, 157, 110], [159, 80, 117, 79], [111, 32, 67, 46], [60, 12, 27, 20], [23, 6, 7, 9], [10, 4, 4, 7], [5, 4, 4, 4], [4, 4, 3, 5], [4, 2, 4, 4], [6, 4, 4, 5], [4, 3, 4, 4], [6, 3, 3, 4], [6, 4, 4, 4], [4, 3, 2, 4], [5, 4, 2, 4], [4, 4, 6, 5], [4, 3, 4, 4], [6, 3, 4, 4], [6, 6, 4, 4], [5, 4, 5, 4], [8, 6, 5, 4], [4, 2, 1, 3], [6, 7, 3, 5], [6, 4, 4, 7], [4, 4, 2, 4], [4, 4, 4, 4], [5, 4, 3, 3], [4, 4, 3, 5], [4, 4, 5, 6], [5, 4, 3, 5], [4, 4, 5, 5], [3, 2, 4, 5], [5, 4, 4, 4], [5, 3, 2, 6], [6, 6, 4, 4], [3, 4, 5, 5], [5, 5, 2, 5], [5, 4, 4, 4], [3, 3, 3, 5], [3, 1, 4, 5], [4, 3, 4, 6], [7, 5, 3, 4], [6, 4, 4, 4]]}}