{"protected": {"ver": "v1", "alg": "HS256", "iat": 1608146411.81787}, "signature": "83710a9defd5a74463f64bdb41ff2f79c811b28a29522505bdc38b9c30befbe9", "payload": {"device_name": "2A:68:65:37:E0:6A:9D:38", "device_type": "MANUAL-CAPTURE", "interval_ms": 3.389830508474576, "sensors": [{"name": "u", "units": "N/A"}, {"name": "d", "units": "N/A"}, {"name": "l", "units": "N/A"}, {"name": "r", "units": "N/A"}], "values": [[6, 24, 26, 33], [27, 75, 87, 83], [94, 142, 159, 132], [170, 161, 179, 135], [180, 103, 128, 90], [115, 31, 53, 38], [45, 5, 14, 11], [9, 3, 2, 4], [5, 4, 4, 7], [6, 3, 4, 4], [5, 4, 4, 5], [4, 4, 4, 7], [4, 4, 4, 4], [5, 4, 4, 4], [5, 4, 4, 4], [7, 5, 4, 6], [4, 3, 4, 4], [4, 4, 5, 6], [4, 0, 4, 4], [4, 3, 5, 7], [2, 2, 4, 6], [4, 0, 4, 4], [7, 4, 3, 4], [4, 2, 3, 3], [2, 4, 3, 4], [4, 3, 4, 6], [5, 3, 3, 5], [4, 3, 4, 7], [4, 4, 2, 6], [4, 3, 3, 5], [5, 3, 5, 7], [4, 2, 4, 5], [5, 3, 3, 4], [5, 4, 4, 4], [5, 5, 3, 4], [4, 2, 4, 4], [7, 3, 4, 6], [6, 6, 2, 4], [5, 3, 5, 5], [5, 4, 4, 5], [4, 1, 4, 4], [4, 4, 2, 4], [4, 0, 3, 7], [4, 4, 4, 6], [7, 4, 4, 5], [8, 5, 3, 4], [6, 4, 0, 4], [3, 2, 4, 5]]}}