{"protected": {"ver": "v1", "alg": "HS256", "iat": 1608146411.7898667}, "signature": "7018a6853e6a6fcbe6860a24e5dde9d1da70bb8b83f9b79aa8850928395247e8", "payload": {"device_name": "2A:68:65:37:E0:6A:9D:38", "device_type": "MANUAL-CAPTURE", "interval_ms": 3.389830508474576, "sensors": [{"name": "u", "units": "N/A"}, {"name": "d", "units": "N/A"}, {"name": "l", "units": "N/A"}, {"name": "r", "units": "N/A"}], "values": [[5, 19, 18, 31], [16, 61, 58, 77], [63, 134, 140, 137], [151, 216, 239, 199], [250, 254, 255, 220], [255, 207, 255, 180], [255, 115, 177, 114], [162, 40, 84, 54], [74, 11, 31, 21], [23, 3, 9, 9], [7, 3, 4, 7], [6, 3, 4, 6], [6, 4, 4, 4], [5, 6, 4, 6], [3, 2, 4, 4], [5, 4, 3, 4], [5, 4, 4, 5], [5, 4, 4, 7], [5, 3, 4, 4], [6, 3, 2, 4], [5, 4, 5, 8], [6, 4, 4, 4], [7, 5, 5, 4], [4, 4, 6, 6], [5, 3, 3, 4], [5, 4, 4, 7], [3, 3, 3, 2], [6, 4, 4, 4], [4, 3, 4, 6], [5, 2, 2, 4], [5, 2, 3, 4], [4, 2, 6, 6], [5, 2, 4, 6], [5, 3, 5, 7], [4, 4, 6, 7], [4, 4, 6, 7], [5, 2, 4, 5], [5, 3, 4, 6], [4, 5, 4, 5], [4, 4, 3, 4], [4, 2, 4, 5], [8, 7, 4, 4], [3, 3, 4, 7], [6, 2, 4, 5], [3, 4, 4, 6], [7, 4, 4, 4], [6, 4, 3, 4], [5, 4, 2, 4]]}}