{"protected": {"ver": "v1", "alg": "HS256", "iat": 1608146411.7738693}, "signature": "6794da7ff6ff9332502990aa9a5ba03c56edbe29e9b642e3f2c499aeb2cc164a", "payload": {"device_name": "2A:68:65:37:E0:6A:9D:38", "device_type": "MANUAL-CAPTURE", "interval_ms": 3.389830508474576, "sensors": [{"name": "u", "units": "N/A"}, {"name": "d", "units": "N/A"}, {"name": "l", "units": "N/A"}, {"name": "r", "units": "N/A"}], "values": [[9, 19, 11, 20], [11, 28, 23, 27], [20, 44, 38, 39], [33, 54, 53, 47], [46, 59, 58, 51], [61, 60, 60, 49], [65, 48, 60, 46], [59, 33, 48, 35], [52, 19, 32, 25], [39, 11, 20, 18], [22, 4, 11, 11], [13, 4, 4, 6], [6, 1, 5, 5], [6, 4, 5, 7], [4, 4, 4, 5], [4, 4, 4, 5], [7, 4, 4, 3], [5, 4, 5, 4], [4, 4, 3, 3], [7, 5, 4, 7], [6, 4, 4, 5], [4, 3, 2, 4], [3, 4, 4, 5], [4, 2, 3, 4], [5, 4, 3, 5], [7, 6, 4, 5], [5, 4, 4, 5], [5, 3, 4, 5], [3, 2, 5, 6], [7, 6, 7, 7], [4, 2, 4, 4], [5, 3, 4, 3], [5, 4, 4, 4], [7, 5, 2, 3], [4, 2, 3, 5], [6, 4, 4, 6], [11, 6, 4, 4], [4, 4, 2, 4], [7, 4, 4, 4], [5, 4, 5, 6], [5, 4, 4, 4], [4, 4, 4, 5], [7, 6, 4, 4], [6, 6, 2, 3], [5, 4, 4, 4], [8, 4, 4, 5], [5, 5, 6, 7], [5, 4, 2, 3]]}}