{"protected": {"ver": "v1", "alg": "HS256", "iat": 1608146411.810868}, "signature": "bfb1cd8b16acead626f37c4250bb7b7a81e5d3d61852b70700bc69ae99a39814", "payload": {"device_name": "2A:68:65:37:E0:6A:9D:38", "device_type": "MANUAL-CAPTURE", "interval_ms": 3.389830508474576, "sensors": [{"name": "u", "units": "N/A"}, {"name": "d", "units": "N/A"}, {"name": "l", "units": "N/A"}, {"name": "r", "units": "N/A"}], "values": [[5, 18, 21, 45], [36, 108, 144, 166], [229, 255, 255, 255], [255, 255, 255, 255], [255, 255, 255, 255], [255, 215, 255, 185], [213, 22, 63, 39], [28, 4, 4, 5], [7, 4, 3, 4], [7, 5, 2, 4], [6, 4, 3, 5], [4, 5, 6, 5], [3, 0, 4, 4], [4, 5, 4, 6], [5, 4, 4, 5], [5, 3, 3, 4], [5, 4, 4, 4], [4, 2, 4, 5], [6, 4, 4, 6], [7, 6, 3, 4], [6, 5, 5, 6], [4, 2, 4, 4], [7, 4, 4, 5], [6, 3, 2, 3], [6, 4, 3, 4], [6, 4, 4, 4], [5, 5, 4, 5], [5, 4, 4, 6], [6, 4, 5, 7], [4, 3, 3, 5], [3, 0, 5, 6], [6, 5, 4, 4], [7, 4, 6, 6], [4, 3, 2, 4], [6, 4, 6, 7], [4, 4, 4, 4], [5, 4, 3, 3], [4, 3, 4, 4], [4, 3, 4, 6], [4, 3, 4, 7], [4, 3, 4, 7], [5, 3, 5, 6], [6, 4, 2, 4], [6, 5, 4, 6], [5, 4, 5, 4], [4, 4, 4, 4], [7, 2, 4, 5], [4, 3, 3, 4]]}}