{"protected": {"ver": "v1", "alg": "HS256", "iat": 1608146411.7828777}, "signature": "fab6aa215df1f35f0970efaf5266a7caac60b7badf106c10e9adaa556da6de1a", "payload": {"device_name": "2A:68:65:37:E0:6A:9D:38", "device_type": "MANUAL-CAPTURE", "interval_ms": 3.389830508474576, "sensors": [{"name": "u", "units": "N/A"}, {"name": "d", "units": "N/A"}, {"name": "l", "units": "N/A"}, {"name": "r", "units": "N/A"}], "values": [[6, 17, 11, 19], [10, 32, 24, 38], [21, 61, 54, 60], [48, 94, 92, 84], [88, 124, 130, 108], [125, 132, 143, 108], [146, 119, 139, 99], [141, 82, 113, 76], [113, 44, 80, 53], [78, 17, 46, 32], [47, 8, 24, 17], [19, 4, 10, 10], [9, 4, 3, 6], [6, 3, 3, 5], [6, 4, 4, 7], [4, 2, 2, 3], [6, 4, 4, 4], [6, 3, 4, 4], [6, 3, 2, 4], [6, 6, 5, 7], [4, 4, 4, 4], [4, 4, 4, 4], [7, 4, 4, 6], [4, 4, 3, 5], [5, 4, 6, 6], [4, 3, 2, 3], [6, 5, 4, 5], [5, 2, 3, 4], [6, 4, 4, 4], [4, 4, 5, 6], [7, 4, 4, 4], [5, 5, 3, 6], [3, 3, 2, 4], [4, 2, 4, 4], [6, 4, 3, 4], [5, 2, 4, 4], [4, 3, 3, 6], [5, 4, 3, 5], [7, 4, 3, 3], [6, 4, 6, 6], [4, 4, 2, 3], [5, 6, 3, 4], [4, 2, 4, 5], [6, 5, 2, 4], [5, 3, 1, 4], [4, 4, 5, 7], [4, 3, 2, 4], [6, 4, 2, 3]]}}