{"protected": {"ver": "v1", "alg": "HS256", "iat": 1608146411.7958677}, "signature": "c2fa957275419b3786e5e9a45cfcedbd7d3bf296ef67202b24b181180b2ac2a7", "payload": {"device_name": "2A:68:65:37:E0:6A:9D:38", "device_type": "MANUAL-CAPTURE", "interval_ms": 3.389830508474576, "sensors": [{"name": "u", "units": "N/A"}, {"name": "d", "units": "N/A"}, {"name": "l", "units": "N/A"}, {"name": "r", "units": "N/A"}], "values": [[8, 16, 10, 22], [8, 33, 27, 45], [26, 77, 70, 83], [69, 138, 144, 129], [136, 201, 222, 171], [209, 240, 255, 192], [255, 223, 255, 175], [255, 158, 223, 132], [208, 88, 152, 85], [140, 38, 87, 49], [80, 15, 36, 22], [36, 6, 14, 12], [16, 4, 5, 7], [7, 3, 6, 6], [5, 3, 4, 4], [5, 5, 4, 6], [4, 2, 4, 6], [6, 4, 5, 6], [6, 4, 4, 6], [4, 3, 5, 6], [4, 2, 4, 6], [3, 3, 2, 5], [4, 4, 2, 4], [6, 5, 3, 5], [7, 4, 4, 4], [6, 6, 3, 4], [4, 3, 4, 4], [5, 4, 3, 4], [4, 5, 1, 4], [4, 4, 2, 4], [5, 2, 4, 4], [4, 2, 3, 4], [4, 4, 4, 5], [4, 4, 4, 5], [5, 4, 3, 4], [5, 4, 4, 6], [4, 4, 1, 3], [7, 5, 4, 5], [5, 5, 4, 5], [4, 2, 3, 4], [4, 3, 4, 5], [5, 4, 4, 5], [5, 4, 4, 6], [4, 3, 3, 4], [6, 4, 5, 4], [4, 4, 4, 4], [5, 3, 3, 4], [4, 3, 3, 6]]}}