{"protected": {"ver": "v1", "alg": "HS256", "iat": 1608146411.790867}, "signature": "e2ce7273bbd2b8228d55f699246477a291de358ba9a82f965719c07140175f8d", "payload": {"device_name": "2A:68:65:37:E0:6A:9D:38", "device_type": "MANUAL-CAPTURE", "interval_ms": 3.389830508474576, "sensors": [{"name": "u", "units": "N/A"}, {"name": "d", "units": "N/A"}, {"name": "l", "units": "N/A"}, {"name": "r", "units": "N/A"}], "values": [[11, 42, 43, 55], [41, 107, 114, 115], [115, 189, 203, 185], [212, 249, 255, 220], [255, 239, 255, 211], [255, 162, 219, 158], [220, 81, 134, 92], [129, 25, 65, 46], [54, 5, 20, 15], [23, 5, 6, 6], [9, 3, 4, 6], [8, 5, 4, 5], [6, 4, 5, 7], [5, 4, 4, 6], [5, 4, 4, 4], [4, 0, 1, 1], [7, 4, 1, 5], [3, 3, 4, 6], [4, 6, 3, 5], [4, 1, 4, 5], [9, 6, 4, 6], [7, 4, 3, 5], [5, 4, 4, 6], [5, 3, 4, 4], [5, 3, 2, 4], [4, 4, 4, 4], [3, 3, 4, 6], [6, 4, 4, 6], [6, 4, 2, 4], [7, 7, 2, 5], [8, 4, 2, 4], [6, 4, 3, 3], [6, 4, 4, 4], [5, 1, 3, 4], [4, 4, 4, 4], [3, 0, 5, 6], [6, 5, 4, 4], [3, 2, 2, 1], [5, 4, 4, 4], [4, 6, 4, 4], [5, 4, 4, 5], [4, 1, 3, 5], [7, 5, 5, 8], [8, 6, 4, 7], [5, 5, 4, 3], [3, 0, 5, 7], [4, 3, 5, 5], [6, 3, 4, 5]]}}