{"protected": {"ver": "v1", "alg": "HS256", "iat": 1608146411.8068717}, "signature": "2d1f92f537ebfa9a4517e6366ff1b6a10f395ae2d6876bc461f3bff4b1f654e6", "payload": {"device_name": "2A:68:65:37:E0:6A:9D:38", "device_type": "MANUAL-CAPTURE", "interval_ms": 3.389830508474576, "sensors": [{"name": "u", "units": "N/A"}, {"name": "d", "units": "N/A"}, {"name": "l", "units": "N/A"}, {"name": "r", "units": "N/A"}], "values": [[8, 25, 22, 30], [19, 60, 60, 63], [56, 105, 108, 101], [106, 137, 141, 122], [143, 133, 140, 111], [143, 94, 111, 84], [111, 44, 74, 54], [70, 18, 35, 27], [31, 5, 11, 11], [11, 2, 6, 7], [5, 4, 5, 7], [7, 4, 5, 5], [6, 4, 3, 4], [6, 3, 5, 6], [4, 2, 2, 5], [6, 3, 4, 6], [4, 3, 5, 5], [6, 4, 5, 5], [4, 2, 3, 4], [7, 4, 4, 6], [4, 5, 3, 4], [5, 2, 4, 5], [4, 1, 3, 4], [6, 3, 4, 4], [6, 4, 4, 4], [6, 3, 3, 4], [6, 3, 5, 8], [5, 4, 4, 5], [5, 4, 3, 3], [5, 3, 5, 5], [6, 3, 3, 3], [4, 4, 5, 5], [4, 3, 3, 3], [6, 5, 4, 4], [4, 0, 5, 5], [5, 4, 7, 8], [5, 4, 3, 5], [6, 4, 4, 4], [7, 5, 2, 5], [4, 4, 2, 4], [6, 4, 4, 4], [4, 4, 3, 4], [5, 4, 4, 4], [5, 3, 2, 4], [5, 5, 4, 5], [5, 4, 4, 7], [5, 4, 4, 5], [5, 4, 4, 5]]}}