{"protected": {"ver": "v1", "alg": "HS256", "iat": 1608146411.8028736}, "signature": "14b1a9db74538bef17b3af7ac7d4343bbe609ede926368401ce76f0f7802144d", "payload": {"device_name": "2A:68:65:37:E0:6A:9D:38", "device_type": "MANUAL-CAPTURE", "interval_ms": 3.389830508474576, "sensors": [{"name": "u", "units": "N/A"}, {"name": "d", "units": "N/A"}, {"name": "l", "units": "N/A"}, {"name": "r", "units": "N/A"}], "values": [[8, 19, 10, 23], [12, 44, 38, 47], [34, 79, 82, 80], [74, 125, 141, 114], [128, 156, 172, 123], [167, 150, 172, 116], [165, 107, 139, 88], [131, 53, 92, 57], [83, 19, 44, 31], [43, 7, 18, 12], [18, 6, 3, 5], [6, 1, 4, 3], [6, 4, 0, 3], [5, 4, 4, 6], [5, 4, 4, 6], [4, 0, 4, 5], [3, 1, 4, 6], [6, 4, 3, 4], [6, 3, 5, 6], [5, 6, 3, 4], [8, 7, 5, 4], [4, 4, 6, 5], [5, 6, 2, 4], [6, 4, 3, 8], [5, 4, 2, 3], [5, 4, 1, 4], [5, 3, 4, 4], [6, 4, 5, 7], [4, 2, 3, 4], [5, 3, 4, 4], [6, 4, 2, 2], [5, 4, 3, 7], [6, 4, 4, 5], [5, 3, 3, 4], [4, 2, 4, 5], [4, 4, 4, 7], [6, 4, 3, 4], [4, 3, 0, 4], [4, 4, 4, 5], [4, 3, 4, 4], [4, 4, 6, 8], [4, 3, 3, 4], [4, 2, 5, 5], [4, 3, 4, 7], [4, 4, 4, 4], [5, 2, 3, 4], [5, 4, 4, 4], [5, 4, 5, 4]]}}