{"protected": {"ver": "v1", "alg": "HS256", "iat": 1608146411.820867}, "signature": "6110a6413b66e06132224196d8f982e167ac42f5eebb8b7a3e5305643f5b80f1", "payload": {"device_name": "2A:68:65:37:E0:6A:9D:38", "device_type": "MANUAL-CAPTURE", "interval_ms": 3.389830508474576, "sensors": [{"name": "u", "units": "N/A"}, {"name": "d", "units": "N/A"}, {"name": "l", "units": "N/A"}, {"name": "r", "units": "N/A"}], "values": [[5, 18, 21, 26], [21, 57, 62, 60], [62, 96, 107, 88], [114, 112, 123, 94], [125, 79, 96, 66], [92, 29, 46, 32], [39, 5, 14, 11], [11, 2, 3, 5], [7, 6, 0, 1], [5, 4, 4, 3], [4, 4, 4, 7], [4, 4, 4, 5], [6, 5, 6, 6], [6, 4, 4, 5], [4, 1, 3, 5], [5, 3, 4, 4], [6, 4, 2, 3], [5, 4, 4, 5], [8, 5, 4, 4], [4, 4, 4, 6], [4, 3, 4, 4], [5, 4, 3, 4], [5, 6, 5, 6], [5, 4, 3, 5], [6, 3, 4, 4], [4, 2, 3, 4], [3, 4, 3, 4], [4, 2, 4, 7], [5, 5, 4, 4], [5, 1, 5, 5], [5, 4, 3, 4], [4, 4, 4, 6], [4, 3, 2, 4], [5, 5, 2, 4], [5, 1, 4, 6], [4, 2, 5, 5], [4, 5, 4, 4], [5, 5, 4, 4], [4, 4, 4, 7], [5, 4, 4, 5], [6, 4, 3, 5], [5, 4, 4, 5], [5, 2, 3, 4], [7, 3, 2, 2], [6, 5, 3, 4], [4, 4, 4, 4], [6, 6, 2, 4], [4, 2, 4, 7]]}}