{"protected": {"ver": "v1", "alg": "HS256", "iat": 1608146411.7658675}, "signature": "69056a72f28e2627720955fb73c90be1ecf78a1521d979d9cbed62020d679fcc", "payload": {"device_name": "2A:68:65:37:E0:6A:9D:38", "device_type": "MANUAL-CAPTURE", "interval_ms": 3.389830508474576, "sensors": [{"name": "u", "units": "N/A"}, {"name": "d", "units": "N/A"}, {"name": "l", "units": "N/A"}, {"name": "r", "units": "N/A"}], "values": [[8, 16, 14, 24], [11, 46, 45, 53], [43, 101, 113, 101], [108, 164, 182, 145], [185, 196, 219, 159], [217, 156, 188, 129], [182, 83, 122, 80], [114, 31, 59, 40], [53, 9, 20, 18], [18, 4, 4, 7], [10, 4, 5, 6], [7, 6, 3, 6], [5, 4, 4, 4], [6, 2, 4, 4], [5, 5, 4, 4], [3, 0, 4, 7], [3, 2, 4, 5], [6, 4, 4, 5], [6, 4, 4, 6], [6, 4, 1, 4], [5, 2, 4, 4], [5, 4, 3, 4], [6, 6, 1, 3], [4, 4, 2, 5], [6, 4, 1, 4], [6, 4, 3, 3], [6, 6, 7, 6], [5, 4, 3, 5], [6, 5, 4, 5], [4, 4, 7, 6], [7, 8, 4, 5], [4, 3, 3, 4], [4, 1, 4, 4], [5, 4, 5, 5], [4, 4, 5, 7], [4, 4, 3, 4], [4, 3, 4, 5], [3, 0, 4, 5], [4, 3, 4, 7], [7, 4, 6, 6], [4, 2, 4, 4], [6, 4, 2, 4], [7, 4, 4, 7], [6, 4, 4, 7], [4, 3, 4, 6], [4, 4, 2, 3], [5, 3, 5, 5], [5, 4, 4, 5]]}}