{"protected": {"ver": "v1", "alg": "HS256", "iat": 1608146411.7788677}, "signature": "b603c61b6e76c36e7e45fc549cb0c2b46b7a060708465f779980e91cc6efe80f", "payload": {"device_name": "2A:68:65:37:E0:6A:9D:38", "device_type": "MANUAL-CAPTURE", "interval_ms": 3.389830508474576, "sensors": [{"name": "u", "units": "N/A"}, {"name": "d", "units": "N/A"}, {"name": "l", "units": "N/A"}, {"name": "r", "units": "N/A"}], "values": [[8, 29, 32, 53], [40, 118, 154, 170], [221, 255, 255, 255], [255, 255, 255, 255], [255, 255, 255, 255], [255, 255, 255, 255], [255, 79, 158, 100], [107, 8, 29, 21], [14, 4, 5, 5], [5, 3, 4, 4], [6, 4, 6, 8], [8, 4, 4, 6], [4, 3, 1, 3], [5, 2, 5, 7], [5, 5, 1, 4], [5, 4, 3, 5], [3, 2, 4, 6], [4, 4, 4, 5], [4, 4, 4, 4], [7, 4, 2, 4], [6, 5, 4, 5], [5, 3, 5, 4], [5, 4, 4, 5], [7, 6, 4, 5], [5, 5, 4, 6], [4, 2, 0, 4], [4, 3, 5, 7], [4, 4, 5, 7], [5, 3, 4, 4], [4, 3, 0, 1], [5, 4, 4, 4], [3, 1, 4, 4], [7, 5, 0, 3], [4, 4, 4, 4], [5, 3, 5, 6], [5, 4, 4, 4], [4, 4, 2, 3], [3, 2, 6, 5], [5, 2, 4, 6], [5, 4, 5, 6], [7, 5, 3, 4], [3, 3, 4, 4], [4, 4, 5, 5], [6, 3, 3, 4], [4, 5, 4, 5], [6, 4, 4, 4], [4, 3, 1, 5], [5, 3, 4, 4]]}}