{"protected": {"ver": "v1", "alg": "HS256", "iat": 1608146411.7848673}, "signature": "8217931dc37bf23ea98a87b00635e968646a8ee888ea3da80a7f62f70c5678e1", "payload": {"device_name": "2A:68:65:37:E0:6A:9D:38", "device_type": "MANUAL-CAPTURE", "interval_ms": 3.389830508474576, "sensors": [{"name": "u", "units": "N/A"}, {"name": "d", "units": "N/A"}, {"name": "l", "units": "N/A"}, {"name": "r", "units": "N/A"}], "values": [[6, 21, 18, 25], [11, 38, 33, 37], [28, 59, 52, 51], [46, 74, 71, 63], [66, 78, 80, 67], [80, 74, 77, 60], [80, 57, 69, 50], [73, 36, 52, 37], [54, 16, 33, 25], [34, 7, 17, 13], [19, 4, 7, 8], [11, 4, 5, 6], [6, 4, 3, 5], [5, 1, 4, 6], [4, 3, 4, 7], [5, 4, 5, 6], [5, 5, 4, 4], [5, 3, 4, 7], [6, 4, 2, 5], [4, 3, 2, 4], [4, 4, 5, 5], [7, 6, 4, 5], [4, 2, 4, 4], [5, 4, 4, 5], [6, 4, 7, 7], [5, 4, 1, 4], [5, 4, 4, 4], [5, 4, 3, 5], [6, 4, 2, 3], [4, 5, 5, 4], [5, 4, 4, 6], [4, 4, 4, 5], [5, 4, 4, 5], [4, 3, 4, 3], [4, 2, 4, 6], [4, 4, 5, 6], [4, 4, 4, 6], [4, 2, 2, 5], [6, 4, 4, 7], [5, 4, 2, 5], [7, 7, 4, 4], [5, 3, 2, 4], [6, 4, 4, 4], [4, 4, 4, 5], [3, 1, 5, 5], [4, 4, 4, 5], [4, 4, 4, 5], [3, 4, 2, 5]]}}