{"protected": {"ver": "v1", "alg": "HS256", "iat": 1608146411.8238666}, "signature": "531c5ffb2c19e5c7f30e985d5e68ab2ee37db7983e305219177c132af090b943", "payload": {"device_name": "2A:68:65:37:E0:6A:9D:38", "device_type": "MANUAL-CAPTURE", "interval_ms": 3.389830508474576, "sensors": [{"name": "u", "units": "N/A"}, {"name": "d", "units": "N/A"}, {"name": "l", "units": "N/A"}, {"name": "r", "units": "N/A"}], "values": [[8, 26, 25, 32], [22, 56, 51, 54], [49, 86, 88, 78], [84, 102, 109, 88], [115, 102, 109, 82], [110, 65, 89, 62], [87, 30, 53, 37], [52, 11, 23, 17], [19, 1, 9, 11], [7, 3, 4, 4], [6, 4, 2, 3], [4, 4, 4, 6], [7, 6, 3, 4], [4, 3, 1, 2], [5, 4, 4, 4], [4, 3, 4, 5], [4, 3, 2, 4], [4, 4, 4, 6], [7, 5, 4, 6], [5, 4, 1, 4], [4, 3, 4, 5], [5, 4, 2, 5], [6, 5, 4, 4], [7, 4, 3, 5], [4, 4, 4, 4], [5, 5, 5, 5], [6, 4, 4, 5], [4, 2, 3, 4], [4, 3, 4, 6], [4, 4, 4, 4], [5, 4, 4, 4], [8, 6, 4, 5], [4, 4, 2, 4], [4, 2, 4, 4], [5, 4, 4, 5], [6, 4, 2, 5], [7, 4, 1, 4], [5, 3, 5, 5], [4, 1, 4, 5], [4, 4, 4, 4], [2, 1, 4, 5], [6, 4, 4, 6], [5, 4, 6, 7], [5, 4, 6, 4], [2, 2, 3, 3], [6, 5, 3, 5], [7, 7, 4, 5], [5, 3, 3, 4]]}}