{"protected": {"ver": "v1", "alg": "HS256", "iat": 1608146411.8268654}, "signature": "61c750a61224f7a3415cdd5493878a49e98f12913aa3cc361e4be978618da978", "payload": {"device_name": "2A:68:65:37:E0:6A:9D:38", "device_type": "MANUAL-CAPTURE", "interval_ms": 3.389830508474576, "sensors": [{"name": "u", "units": "N/A"}, {"name": "d", "units": "N/A"}, {"name": "l", "units": "N/A"}, {"name": "r", "units": "N/A"}], "values": [[5, 13, 14, 21], [11, 40, 42, 47], [37, 90, 107, 93], [103, 161, 183, 136], [180, 196, 226, 155], [219, 157, 199, 126], [189, 84, 126, 81], [115, 26, 54, 38], [44, 4, 16, 15], [16, 4, 6, 8], [7, 4, 1, 4], [4, 4, 3, 5], [5, 5, 3, 4], [5, 4, 5, 5], [4, 2, 5, 7], [4, 3, 4, 5], [4, 3, 4, 5], [4, 4, 1, 3], [4, 1, 4, 5], [3, 4, 5, 7], [6, 3, 3, 5], [5, 6, 4, 6], [7, 6, 4, 5], [4, 4, 5, 5], [5, 4, 4, 5], [4, 4, 4, 4], [5, 4, 2, 4], [6, 4, 6, 6], [4, 3, 4, 4], [4, 2, 4, 6], [6, 5, 4, 4], [5, 4, 2, 4], [6, 3, 3, 4], [5, 1, 3, 6], [3, 1, 5, 5], [6, 4, 4, 4], [6, 5, 5, 4], [2, 3, 3, 8], [5, 3, 2, 5], [5, 4, 6, 7], [7, 4, 4, 5], [4, 4, 5, 7], [7, 4, 4, 4], [4, 3, 4, 4], [4, 4, 4, 4], [4, 3, 5, 4], [4, 4, 4, 5], [5, 4, 5, 5]]}}