{"protected": {"ver": "v1", "alg": "HS256", "iat": 1608146411.8188674}, "signature": "aad33dbc17e38f6c0c1948f7166880cc83e944883dbdcad8ea99e66a2015e61d", "payload": {"device_name": "2A:68:65:37:E0:6A:9D:38", "device_type": "MANUAL-CAPTURE", "interval_ms": 3.389830508474576, "sensors": [{"name": "u", "units": "N/A"}, {"name": "d", "units": "N/A"}, {"name": "l", "units": "N/A"}, {"name": "r", "units": "N/A"}], "values": [[10, 37, 45, 66], [64, 136, 147, 174], [200, 243, 250, 255], [255, 229, 237, 218], [244, 97, 123, 100], [102, 12, 28, 22], [18, 4, 4, 5], [6, 3, 4, 4], [4, 3, 4, 6], [4, 3, 3, 4], [5, 3, 3, 5], [5, 4, 5, 3], [4, 4, 4, 4], [3, 2, 2, 4], [4, 3, 5, 4], [4, 3, 3, 4], [4, 4, 4, 5], [5, 3, 4, 6], [6, 4, 4, 6], [6, 5, 5, 4], [5, 4, 4, 5], [4, 3, 4, 4], [8, 6, 4, 5], [7, 4, 3, 4], [5, 4, 2, 4], [4, 4, 1, 5], [5, 3, 4, 6], [4, 1, 4, 3], [4, 2, 3, 5], [6, 5, 4, 5], [4, 2, 4, 5], [4, 4, 4, 4], [3, 3, 4, 6], [6, 4, 4, 4], [5, 2, 5, 4], [4, 5, 4, 7], [4, 4, 3, 6], [7, 1, 3, 4], [5, 4, 4, 4], [6, 6, 2, 4], [4, 3, 4, 5], [5, 3, 4, 5], [5, 4, 5, 5], [5, 4, 5, 5], [4, 4, 4, 7], [4, 1, 3, 6], [6, 4, 4, 4], [4, 2, 4, 5]]}}