{"protected": {"ver": "v1", "alg": "HS256", "iat": 1608146411.798866}, "signature": "b388d4f7e58eefc2b72fc0285f61cb9c576113cad5bd404c679c1a3fc7d3add7", "payload": {"device_name": "2A:68:65:37:E0:6A:9D:38", "device_type": "MANUAL-CAPTURE", "interval_ms": 3.389830508474576, "sensors": [{"name": "u", "units": "N/A"}, {"name": "d", "units": "N/A"}, {"name": "l", "units": "N/A"}, {"name": "r", "units": "N/A"}], "values": [[5, 18, 16, 25], [17, 51, 43, 56], [43, 97, 100, 97], [91, 149, 157, 130], [153, 185, 203, 150], [198, 173, 204, 136], [198, 121, 160, 101], [151, 60, 101, 62], [94, 19, 49, 32], [43, 5, 20, 16], [17, 4, 9, 10], [4, 4, 4, 5], [6, 3, 4, 4], [4, 5, 2, 4], [4, 4, 3, 6], [7, 4, 3, 4], [6, 4, 3, 4], [6, 6, 3, 5], [7, 4, 4, 5], [6, 3, 2, 3], [3, 1, 4, 4], [6, 3, 4, 7], [5, 4, 5, 4], [5, 4, 2, 3], [5, 4, 3, 4], [4, 3, 2, 5], [4, 3, 3, 5], [4, 0, 2, 4], [6, 4, 1, 4], [6, 3, 2, 3], [4, 4, 4, 6], [4, 3, 5, 5], [4, 3, 3, 4], [5, 4, 4, 5], [5, 2, 6, 4], [6, 5, 4, 4], [6, 6, 6, 7], [5, 3, 5, 5], [4, 4, 0, 3], [4, 4, 4, 4], [6, 4, 3, 5], [5, 3, 4, 4], [5, 3, 3, 4], [4, 4, 4, 5], [3, 4, 3, 1], [6, 4, 1, 3], [4, 3, 3, 4], [8, 4, 4, 5]]}}