{"protected": {"ver": "v1", "alg": "HS256", "iat": 1608146411.8038688}, "signature": "5a11e28271b9b881fed5f985971ac65ab4dc15b30a2b969a9c5896b6dfe172dd", "payload": {"device_name": "2A:68:65:37:E0:6A:9D:38", "device_type": "MANUAL-CAPTURE", "interval_ms": 3.389830508474576, "sensors": [{"name": "u", "units": "N/A"}, {"name": "d", "units": "N/A"}, {"name": "l", "units": "N/A"}, {"name": "r", "units": "N/A"}], "values": [[8, 22, 18, 23], [11, 38, 36, 39], [26, 63, 57, 54], [49, 80, 80, 66], [72, 91, 94, 73], [88, 89, 96, 71], [95, 72, 87, 64], [87, 49, 67, 48], [73, 30, 50, 35], [51, 12, 29, 25], [31, 6, 13, 13], [17, 3, 7, 10], [8, 3, 4, 5], [7, 4, 4, 4], [5, 4, 4, 4], [6, 4, 2, 4], [8, 6, 4, 5], [5, 4, 6, 5], [3, 4, 4, 4], [5, 3, 0, 3], [3, 3, 4, 5], [2, 3, 0, 4], [4, 4, 5, 5], [5, 4, 4, 6], [4, 3, 3, 4], [5, 4, 4, 7], [4, 4, 4, 5], [4, 2, 4, 4], [5, 4, 4, 4], [4, 2, 3, 3], [5, 3, 5, 6], [6, 5, 3, 4], [4, 2, 4, 4], [6, 3, 5, 7], [8, 6, 1, 2], [7, 4, 4, 4], [4, 1, 4, 3], [4, 4, 3, 7], [5, 4, 4, 5], [6, 4, 5, 5], [4, 4, 7, 8], [4, 4, 3, 4], [5, 5, 4, 4], [5, 3, 4, 5], [4, 3, 5, 3], [5, 3, 4, 6], [4, 3, 4, 5], [5, 4, 3, 4]]}}