{"protected": {"ver": "v1", "alg": "HS256", "iat": 1608146411.8078732}, "signature": "5fa9e465de8b7756b2398062bde9121b8b008fefb67a61175f057d5d3436085b", "payload": {"device_name": "2A:68:65:37:E0:6A:9D:38", "device_type": "MANUAL-CAPTURE", "interval_ms": 3.389830508474576, "sensors": [{"name": "u", "units": "N/A"}, {"name": "d", "units": "N/A"}, {"name": "l", "units": "N/A"}, {"name": "r", "units": "N/A"}], "values": [[8, 27, 26, 43], [28, 87, 93, 102], [109, 191, 220, 191], [236, 255, 255, 255], [255, 255, 255, 241], [255, 178, 249, 157], [216, 60, 110, 68], [86, 10, 31, 23], [21, 4, 9, 9], [6, 3, 4, 4], [5, 4, 4, 4], [5, 4, 5, 7], [5, 3, 2, 5], [5, 4, 2, 5], [5, 4, 4, 5], [6, 4, 4, 6], [5, 3, 4, 5], [3, 2, 4, 6], [5, 2, 3, 4], [4, 4, 4, 5], [6, 4, 3, 4], [5, 4, 2, 4], [4, 1, 4, 4], [6, 4, 4, 4], [5, 4, 3, 5], [4, 3, 3, 5], [5, 4, 5, 5], [9, 6, 5, 6], [5, 3, 4, 7], [6, 7, 4, 6], [4, 3, 3, 4], [5, 5, 4, 6], [5, 4, 3, 4], [9, 4, 3, 5], [4, 3, 4, 5], [5, 4, 3, 4], [4, 5, 4, 6], [6, 4, 4, 5], [4, 2, 6, 7], [5, 4, 3, 4], [4, 2, 3, 4], [4, 4, 4, 5], [4, 4, 5, 5], [5, 4, 4, 4], [4, 3, 4, 4], [4, 3, 4, 7], [4, 4, 5, 7], [5, 3, 2, 3]]}}