{"protected": {"ver": "v1", "alg": "HS256", "iat": 1608146411.828867}, "signature": "6c05ab3b2ee6c0caa569d6c3beceab749afe8ad4824727472ccfef0b347eb33f", "payload": {"device_name": "2A:68:65:37:E0:6A:9D:38", "device_type": "MANUAL-CAPTURE", "interval_ms": 3.389830508474576, "sensors": [{"name": "u", "units": "N/A"}, {"name": "d", "units": "N/A"}, {"name": "l", "units": "N/A"}, {"name": "r", "units": "N/A"}], "values": [[6, 25, 25, 31], [25, 61, 60, 60], [63, 94, 94, 80], [97, 95, 98, 76], [100, 64, 79, 60], [74, 25, 40, 32], [36, 6, 15, 13], [12, 4, 4, 5], [6, 4, 4, 4], [6, 1, 2, 4], [7, 4, 3, 5], [7, 4, 4, 4], [7, 4, 4, 5], [4, 3, 3, 5], [6, 4, 4, 4], [5, 0, 4, 4], [5, 4, 4, 3], [4, 4, 2, 4], [6, 4, 3, 6], [8, 4, 4, 6], [5, 5, 4, 5], [6, 4, 5, 7], [5, 3, 0, 3], [5, 4, 3, 5], [5, 4, 3, 4], [5, 4, 4, 5], [5, 4, 4, 7], [7, 4, 2, 5], [4, 2, 4, 5], [6, 4, 3, 4], [6, 4, 6, 7], [5, 4, 3, 6], [1, 2, 3, 4], [4, 3, 4, 5], [8, 5, 4, 4], [4, 4, 4, 6], [5, 2, 4, 6], [5, 4, 3, 4], [5, 4, 4, 7], [7, 4, 5, 5], [5, 4, 4, 7], [4, 3, 5, 4], [4, 3, 5, 4], [5, 4, 3, 4], [5, 4, 4, 4], [6, 4, 3, 5], [2, 1, 5, 6], [4, 4, 2, 3]]}}