{"protected": {"ver": "v1", "alg": "HS256", "iat": 1608146411.808868}, "signature": "3f1f5f896e437970d8dbea9fde5125ca0c616ae0755771642cc276dac0c3314c", "payload": {"device_name": "2A:68:65:37:E0:6A:9D:38", "device_type": "MANUAL-CAPTURE", "interval_ms": 3.389830508474576, "sensors": [{"name": "u", "units": "N/A"}, {"name": "d", "units": "N/A"}, {"name": "l", "units": "N/A"}, {"name": "r", "units": "N/A"}], "values": [[5, 18, 14, 25], [13, 48, 42, 57], [39, 102, 102, 102], [99, 165, 176, 149], [174, 212, 233, 178], [235, 210, 246, 174], [246, 156, 208, 140], [204, 86, 143, 94], [137, 35, 76, 52], [74, 11, 32, 24], [32, 4, 11, 9], [11, 2, 4, 5], [8, 4, 5, 6], [5, 6, 4, 7], [5, 3, 5, 6], [6, 3, 3, 3], [7, 6, 4, 5], [2, 1, 3, 3], [6, 4, 4, 6], [4, 2, 1, 5], [4, 4, 4, 4], [3, 3, 2, 4], [4, 3, 1, 3], [4, 2, 4, 6], [5, 3, 4, 8], [4, 4, 6, 8], [5, 4, 3, 4], [6, 6, 3, 7], [7, 5, 4, 5], [5, 1, 2, 4], [5, 4, 5, 6], [5, 4, 4, 6], [4, 3, 4, 4], [6, 4, 2, 3], [4, 2, 4, 4], [4, 4, 2, 5], [4, 3, 3, 4], [4, 2, 4, 5], [5, 4, 4, 4], [4, 4, 2, 4], [4, 4, 4, 6], [4, 4, 2, 4], [4, 5, 5, 5], [4, 2, 3, 5], [6, 3, 1, 4], [5, 4, 4, 5], [6, 5, 2, 4], [7, 5, 2, 4]]}}