{"protected": {"ver": "v1", "alg": "HS256", "iat": 1608146411.8278658}, "signature": "b460d2d0bf92977ad5e917e0aca9a1a75268f0c989bfb4da7d8fa9234a643c4c", "payload": {"device_name": "2A:68:65:37:E0:6A:9D:38", "device_type": "MANUAL-CAPTURE", "interval_ms": 3.389830508474576, "sensors": [{"name": "u", "units": "N/A"}, {"name": "d", "units": "N/A"}, {"name": "l", "units": "N/A"}, {"name": "r", "units": "N/A"}], "values": [[7, 24, 23, 33], [23, 65, 73, 74], [73, 129, 139, 115], [141, 160, 171, 125], [171, 127, 148, 101], [137, 60, 86, 56], [75, 15, 36, 28], [28, 6, 9, 11], [12, 5, 1, 4], [7, 4, 5, 6], [5, 0, 4, 5], [4, 5, 3, 4], [6, 3, 2, 3], [3, 3, 6, 8], [4, 4, 4, 4], [4, 3, 3, 4], [7, 5, 6, 6], [3, 3, 4, 6], [4, 4, 4, 4], [4, 3, 5, 7], [4, 3, 4, 6], [4, 4, 5, 5], [4, 2, 2, 2], [5, 4, 3, 5], [5, 4, 4, 6], [2, 1, 4, 5], [6, 4, 4, 4], [5, 3, 1, 3], [8, 4, 6, 6], [6, 4, 6, 6], [4, 3, 3, 5], [5, 5, 4, 6], [6, 4, 3, 4], [6, 4, 1, 4], [7, 4, 5, 5], [3, 3, 0, 5], [7, 6, 3, 4], [5, 3, 4, 5], [4, 3, 4, 8], [6, 5, 2, 3], [6, 2, 5, 4], [4, 4, 3, 4], [4, 3, 6, 8], [6, 4, 3, 5], [6, 3, 6, 7], [6, 4, 4, 5], [6, 5, 3, 5], [4, 3, 2, 2]]}}