{"protected": {"ver": "v1", "alg": "HS256", "iat": 1608146411.805867}, "signature": "7890918789628c7ab2aa704f3d995616776c70aa70282af5948b0c16bb60d1bf", "payload": {"device_name": "2A:68:65:37:E0:6A:9D:38", "device_type": "MANUAL-CAPTURE", "interval_ms": 3.389830508474576, "sensors": [{"name": "u", "units": "N/A"}, {"name": "d", "units": "N/A"}, {"name": "l", "units": "N/A"}, {"name": "r", "units": "N/A"}], "values": [[9, 31, 24, 38], [24, 70, 67, 77], [59, 128, 129, 124], [123, 184, 192, 164], [187, 214, 226, 181], [234, 199, 229, 170], [231, 145, 192, 136], [195, 86, 137, 90], [134, 37, 81, 52], [80, 13, 43, 27], [37, 4, 18, 15], [18, 5, 6, 6], [9, 4, 4, 6], [6, 2, 4, 5], [6, 3, 5, 6], [6, 5, 6, 8], [5, 4, 4, 5], [6, 6, 5, 5], [5, 4, 4, 4], [5, 4, 3, 4], [4, 3, 4, 4], [5, 3, 4, 5], [6, 5, 4, 5], [7, 5, 3, 4], [4, 1, 4, 5], [6, 4, 2, 4], [3, 2, 3, 5], [6, 4, 4, 5], [5, 3, 4, 5], [6, 4, 3, 4], [4, 4, 4, 7], [5, 4, 4, 4], [8, 8, 7, 5], [4, 2, 4, 4], [7, 6, 4, 4], [7, 4, 4, 6], [6, 3, 3, 4], [4, 4, 3, 4], [2, 1, 4, 5], [4, 4, 4, 5], [4, 2, 4, 7], [4, 2, 5, 5], [4, 2, 3, 5], [6, 7, 2, 5], [4, 2, 4, 7], [5, 2, 4, 6], [5, 3, 3, 4], [6, 3, 4, 4]]}}