{"protected": {"ver": "v1", "alg": "HS256", "iat": 1608146411.796867}, "signature": "a8aacc19ea760508d283272bf05649e5603b1e94dfdfbb1a4e959199db03a231", "payload": {"device_name": "2A:68:65:37:E0:6A:9D:38", "device_type": "MANUAL-CAPTURE", "interval_ms": 3.389830508474576, "sensors": [{"name": "u", "units": "N/A"}, {"name": "d", "units": "N/A"}, {"name": "l", "units": "N/A"}, {"name": "r", "units": "N/A"}], "values": [[6, 17, 14, 24], [11, 38, 36, 46], [30, 73, 75, 78], [74, 119, 122, 106], [119, 138, 149, 117], [151, 126, 143, 103], [147, 82, 112, 76], [110, 36, 67, 42], [62, 13, 29, 19], [26, 5, 12, 10], [11, 6, 4, 5], [5, 4, 2, 4], [4, 2, 0, 2], [5, 4, 4, 8], [5, 5, 5, 6], [3, 2, 4, 6], [4, 2, 5, 8], [4, 2, 4, 5], [4, 3, 6, 9], [3, 3, 3, 4], [5, 4, 2, 4], [5, 4, 4, 5], [6, 4, 5, 6], [6, 4, 3, 4], [5, 4, 3, 5], [4, 1, 3, 6], [5, 4, 3, 4], [6, 6, 1, 4], [6, 5, 2, 4], [4, 4, 4, 5], [5, 2, 5, 5], [4, 2, 5, 4], [5, 3, 2, 4], [4, 3, 4, 4], [6, 5, 3, 4], [4, 4, 3, 4], [5, 4, 4, 6], [4, 4, 5, 5], [6, 4, 4, 6], [5, 4, 4, 5], [4, 2, 3, 4], [7, 3, 4, 7], [6, 3, 4, 6], [5, 2, 3, 3], [4, 3, 4, 5], [4, 3, 5, 6], [4, 4, 4, 4], [4, 2, 5, 5]]}}