{"protected": {"ver": "v1", "alg": "HS256", "iat": 1608146411.78587}, "signature": "f58fb97a01fa4403f0ccff3f75aedf4e48df13992b5104035c0aa82b91f2321e", "payload": {"device_name": "2A:68:65:37:E0:6A:9D:38", "device_type": "MANUAL-CAPTURE", "interval_ms": 3.389830508474576, "sensors": [{"name": "u", "units": "N/A"}, {"name": "d", "units": "N/A"}, {"name": "l", "units": "N/A"}, {"name": "r", "units": "N/A"}], "values": [[7, 25, 18, 37], [18, 66, 55, 78], [52, 130, 123, 133], [122, 207, 213, 194], [208, 255, 255, 240], [255, 255, 255, 255], [255, 255, 255, 228], [255, 194, 255, 177], [255, 117, 192, 119], [183, 53, 115, 71], [109, 19, 57, 36], [53, 7, 25, 18], [21, 4, 10, 9], [12, 4, 5, 7], [7, 4, 4, 5], [6, 4, 4, 5], [6, 7, 2, 4], [4, 4, 2, 7], [5, 4, 4, 8], [4, 3, 1, 3], [4, 5, 5, 8], [5, 4, 3, 4], [4, 1, 3, 4], [4, 4, 2, 4], [4, 2, 4, 5], [7, 5, 4, 4], [2, 2, 5, 6], [8, 4, 3, 4], [5, 4, 4, 4], [5, 4, 3, 5], [5, 3, 2, 4], [5, 2, 3, 3], [4, 1, 5, 6], [5, 3, 5, 4], [6, 4, 4, 3], [6, 4, 4, 4], [5, 4, 4, 4], [6, 3, 4, 6], [6, 4, 4, 4], [6, 4, 6, 5], [5, 3, 3, 5], [5, 4, 4, 5], [4, 4, 4, 5], [3, 3, 4, 6], [6, 4, 4, 7], [4, 4, 2, 2], [8, 4, 4, 6], [5, 3, 3, 4]]}}