{"protected": {"ver": "v1", "alg": "HS256", "iat": 1608146411.8568678}, "signature": "b1f8f231cdcb0376528eedeaf61245e60fce9dd6027fb84460960e550bfc0a9e", "payload": {"device_name": "2A:68:65:37:E0:6A:9D:38", "device_type": "MANUAL-CAPTURE", "interval_ms": 3.389830508474576, "sensors": [{"name": "u", "units": "N/A"}, {"name": "d", "units": "N/A"}, {"name": "l", "units": "N/A"}, {"name": "r", "units": "N/A"}], "values": [[7, 31, 32, 36], [31, 59, 52, 60], [65, 81, 71, 81], [90, 78, 74, 80], [89, 51, 58, 64], [67, 25, 33, 41], [38, 27, 26, 36], [27, 48, 46, 50], [49, 71, 70, 62], [74, 73, 81, 68], [87, 65, 74, 58], [80, 35, 54, 38], [50, 12, 24, 18], [22, 4, 11, 9], [9, 5, 2, 4], [6, 4, 3, 4], [4, 5, 2, 5], [5, 3, 4, 4], [5, 3, 2, 4], [5, 4, 3, 6], [5, 4, 4, 3], [4, 2, 3, 3], [4, 3, 5, 5], [4, 4, 2, 4], [4, 3, 1, 4], [6, 6, 4, 4], [4, 4, 5, 5], [4, 2, 4, 4], [4, 3, 4, 4], [8, 5, 3, 4], [7, 5, 4, 4], [4, 3, 2, 5], [4, 5, 4, 5], [4, 5, 3, 4], [4, 4, 3, 4], [5, 3, 3, 4], [5, 4, 4, 7], [4, 2, 5, 5], [6, 2, 3, 4], [4, 3, 6, 8], [4, 4, 2, 4], [3, 4, 2, 4], [4, 3, 2, 4], [5, 4, 3, 3], [5, 3, 3, 6], [4, 4, 7, 7], [5, 4, 3, 4], [4, 4, 4, 5]]}}