{"protected": {"ver": "v1", "alg": "HS256", "iat": 1608146411.8498678}, "signature": "e43a1fd58661b29e5206bfce2cfc7298555109b229fadfe45d0137a6e96125de", "payload": {"device_name": "2A:68:65:37:E0:6A:9D:38", "device_type": "MANUAL-CAPTURE", "interval_ms": 3.389830508474576, "sensors": [{"name": "u", "units": "N/A"}, {"name": "d", "units": "N/A"}, {"name": "l", "units": "N/A"}, {"name": "r", "units": "N/A"}], "values": [[3, 15, 16, 19], [10, 30, 25, 30], [23, 44, 38, 45], [42, 54, 46, 54], [57, 55, 51, 59], [63, 48, 46, 53], [59, 34, 35, 43], [47, 19, 27, 32], [32, 21, 25, 31], [23, 32, 29, 34], [27, 47, 43, 45], [42, 55, 57, 51], [61, 62, 63, 53], [68, 52, 61, 49], [67, 38, 52, 39], [56, 17, 33, 25], [33, 6, 16, 12], [15, 3, 6, 7], [6, 2, 7, 6], [4, 2, 4, 6], [4, 3, 2, 5], [5, 4, 3, 3], [5, 4, 4, 4], [6, 5, 4, 5], [3, 4, 4, 6], [4, 4, 2, 3], [6, 5, 4, 4], [4, 3, 4, 6], [5, 3, 5, 5], [6, 4, 4, 5], [3, 2, 5, 8], [4, 1, 4, 4], [4, 4, 4, 5], [4, 4, 3, 5], [5, 2, 3, 3], [5, 4, 2, 2], [7, 5, 4, 6], [4, 3, 4, 2], [4, 4, 5, 7], [6, 4, 4, 4], [3, 1, 4, 7], [3, 3, 4, 2], [4, 1, 4, 4], [5, 5, 4, 4], [4, 1, 3, 4], [4, 3, 4, 4], [4, 4, 4, 5], [5, 5, 4, 4]]}}