{"protected": {"ver": "v1", "alg": "HS256", "iat": 1608146411.8968668}, "signature": "5cd1e1c114a8d56e51c3275c22861aaf6fb7fa006254192147fd9c39bee4c074", "payload": {"device_name": "2A:68:65:37:E0:6A:9D:38", "device_type": "MANUAL-CAPTURE", "interval_ms": 3.389830508474576, "sensors": [{"name": "u", "units": "N/A"}, {"name": "d", "units": "N/A"}, {"name": "l", "units": "N/A"}, {"name": "r", "units": "N/A"}], "values": [[5, 20, 33, 36], [33, 94, 108, 115], [127, 203, 206, 216], [246, 255, 254, 255], [255, 208, 218, 221], [249, 110, 133, 136], [146, 31, 59, 61], [61, 11, 19, 23], [19, 7, 8, 14], [7, 16, 12, 25], [16, 42, 37, 52], [42, 89, 92, 92], [95, 138, 146, 122], [147, 157, 170, 129], [172, 125, 154, 104], [153, 71, 111, 71], [101, 25, 55, 33], [46, 8, 21, 14], [15, 2, 6, 5], [7, 4, 4, 5], [9, 4, 4, 5], [4, 2, 1, 4], [4, 3, 2, 4], [4, 6, 3, 5], [6, 4, 4, 4], [4, 1, 2, 4], [7, 4, 5, 4], [5, 4, 6, 5], [4, 4, 4, 4], [5, 2, 7, 8], [4, 3, 4, 6], [6, 4, 3, 5], [5, 4, 4, 4], [6, 4, 1, 5], [4, 0, 2, 5], [4, 4, 3, 3], [5, 4, 4, 5], [6, 3, 4, 4], [5, 5, 5, 5], [4, 4, 1, 4], [6, 4, 4, 4], [4, 5, 4, 4], [8, 6, 4, 4], [6, 3, 8, 8], [4, 4, 2, 3], [4, 4, 6, 6], [5, 4, 4, 4], [5, 2, 3, 5]]}}