{"protected": {"ver": "v1", "alg": "HS256", "iat": 1608146411.8798673}, "signature": "686f6e898ed6e8ffa02989d263b54812c144d8a8b3b2c825d1f71c768ff92fcc", "payload": {"device_name": "2A:68:65:37:E0:6A:9D:38", "device_type": "MANUAL-CAPTURE", "interval_ms": 3.389830508474576, "sensors": [{"name": "u", "units": "N/A"}, {"name": "d", "units": "N/A"}, {"name": "l", "units": "N/A"}, {"name": "r", "units": "N/A"}], "values": [[7, 22, 33, 31], [31, 86, 106, 107], [121, 176, 177, 185], [215, 190, 177, 195], [216, 113, 115, 130], [129, 35, 43, 55], [48, 8, 10, 17], [11, 5, 4, 8], [7, 11, 10, 21], [12, 40, 42, 53], [44, 87, 97, 93], [104, 126, 137, 115], [140, 114, 129, 100], [131, 63, 86, 59], [78, 18, 37, 25], [32, 5, 11, 9], [11, 4, 3, 4], [4, 2, 4, 3], [4, 4, 3, 5], [4, 1, 4, 5], [4, 3, 4, 6], [4, 3, 4, 5], [4, 4, 1, 4], [5, 3, 1, 4], [6, 5, 4, 3], [4, 2, 7, 7], [5, 4, 1, 4], [7, 4, 4, 6], [5, 3, 2, 4], [6, 4, 5, 6], [5, 4, 4, 4], [6, 3, 6, 6], [4, 2, 4, 6], [4, 1, 3, 4], [4, 1, 4, 6], [6, 3, 3, 3], [5, 4, 4, 5], [5, 4, 4, 4], [3, 4, 4, 4], [6, 3, 5, 5], [6, 5, 4, 4], [5, 3, 4, 4], [4, 3, 4, 4], [4, 0, 4, 4], [4, 4, 4, 5], [5, 3, 4, 5], [6, 3, 4, 6], [6, 3, 4, 4]]}}