{"protected": {"ver": "v1", "alg": "HS256", "iat": 1608146411.889868}, "signature": "3665fdce67e8c9a75727e3e63dd6d0611387d2d3664c40badb26c9107d1c009c", "payload": {"device_name": "2A:68:65:37:E0:6A:9D:38", "device_type": "MANUAL-CAPTURE", "interval_ms": 3.389830508474576, "sensors": [{"name": "u", "units": "N/A"}, {"name": "d", "units": "N/A"}, {"name": "l", "units": "N/A"}, {"name": "r", "units": "N/A"}], "values": [[7, 17, 13, 17], [13, 39, 34, 39], [35, 65, 59, 65], [67, 80, 76, 77], [89, 80, 79, 79], [92, 57, 66, 68], [77, 32, 44, 45], [48, 21, 25, 35], [27, 32, 35, 40], [32, 59, 63, 57], [60, 86, 94, 77], [92, 94, 108, 80], [109, 78, 98, 68], [98, 43, 69, 43], [66, 16, 32, 22], [28, 4, 11, 10], [11, 4, 5, 6], [4, 1, 3, 4], [5, 4, 4, 4], [4, 4, 4, 5], [3, 4, 2, 4], [5, 3, 4, 6], [4, 5, 6, 4], [6, 4, 1, 3], [4, 4, 4, 4], [4, 3, 2, 4], [4, 2, 4, 8], [5, 1, 2, 4], [5, 3, 4, 7], [4, 4, 2, 4], [6, 8, 4, 6], [6, 5, 5, 7], [6, 5, 3, 4], [3, 3, 4, 4], [5, 3, 3, 4], [5, 4, 4, 5], [7, 6, 4, 5], [7, 4, 3, 4], [4, 3, 4, 6], [4, 4, 4, 5], [3, 3, 5, 6], [5, 4, 2, 3], [5, 2, 3, 5], [5, 4, 3, 5], [4, 3, 4, 5], [6, 6, 3, 4], [4, 2, 4, 5], [4, 2, 4, 6]]}}