{"protected": {"ver": "v1", "alg": "HS256", "iat": 1608146411.8358715}, "signature": "a57a2f1d0394202f9b31180075b0342c56856856a19eaa268a33067967cdf7a3", "payload": {"device_name": "2A:68:65:37:E0:6A:9D:38", "device_type": "MANUAL-CAPTURE", "interval_ms": 3.389830508474576, "sensors": [{"name": "u", "units": "N/A"}, {"name": "d", "units": "N/A"}, {"name": "l", "units": "N/A"}, {"name": "r", "units": "N/A"}], "values": [[4, 12, 18, 18], [17, 45, 43, 54], [56, 85, 76, 95], [104, 101, 92, 114], [125, 71, 73, 89], [93, 31, 34, 45], [37, 9, 9, 16], [10, 18, 16, 26], [21, 57, 63, 71], [73, 115, 126, 118], [148, 145, 160, 135], [175, 102, 128, 96], [122, 34, 55, 39], [42, 5, 12, 11], [9, 4, 4, 5], [6, 6, 4, 4], [4, 1, 5, 6], [5, 4, 4, 4], [4, 4, 4, 4], [4, 3, 4, 5], [4, 3, 4, 5], [5, 4, 4, 5], [4, 1, 4, 7], [4, 3, 5, 4], [4, 3, 3, 3], [4, 3, 3, 4], [3, 3, 4, 4], [3, 2, 4, 4], [4, 3, 4, 3], [7, 4, 3, 5], [5, 3, 3, 4], [4, 4, 3, 5], [5, 4, 4, 4], [4, 4, 6, 5], [4, 4, 5, 5], [4, 1, 4, 7], [4, 4, 6, 6], [5, 4, 3, 4], [4, 4, 4, 5], [6, 4, 2, 5], [6, 4, 2, 4], [5, 2, 4, 6], [5, 2, 5, 7], [4, 2, 4, 4], [5, 3, 3, 4], [6, 4, 5, 6], [4, 4, 1, 4], [5, 4, 3, 3]]}}