{"protected": {"ver": "v1", "alg": "HS256", "iat": 1608146411.8458714}, "signature": "48fbdc6bb045dc9bf4e5875e8ca913868b12fa99ee8e079b248e22b22922100a", "payload": {"device_name": "2A:68:65:37:E0:6A:9D:38", "device_type": "MANUAL-CAPTURE", "interval_ms": 3.389830508474576, "sensors": [{"name": "u", "units": "N/A"}, {"name": "d", "units": "N/A"}, {"name": "l", "units": "N/A"}, {"name": "r", "units": "N/A"}], "values": [[7, 15, 17, 17], [11, 42, 50, 44], [42, 83, 87, 81], [95, 114, 114, 104], [128, 102, 109, 101], [121, 62, 71, 71], [79, 32, 35, 46], [37, 38, 39, 45], [37, 64, 67, 62], [69, 88, 92, 80], [100, 90, 95, 76], [107, 66, 83, 63], [84, 26, 48, 37], [44, 7, 18, 18], [16, 2, 7, 7], [5, 3, 6, 7], [5, 4, 3, 5], [4, 3, 4, 5], [5, 4, 4, 5], [6, 4, 2, 0], [5, 3, 3, 6], [6, 4, 1, 5], [6, 4, 3, 5], [5, 2, 5, 4], [5, 4, 5, 6], [6, 5, 4, 5], [6, 5, 4, 5], [3, 2, 2, 4], [6, 3, 4, 5], [4, 2, 4, 5], [4, 2, 4, 4], [6, 5, 4, 5], [5, 3, 6, 8], [4, 2, 4, 5], [7, 4, 4, 5], [5, 5, 4, 5], [5, 4, 6, 6], [6, 5, 2, 4], [4, 3, 4, 4], [4, 4, 3, 5], [4, 4, 4, 7], [5, 3, 1, 5], [5, 4, 4, 4], [3, 2, 3, 5], [5, 2, 3, 4], [5, 4, 5, 4], [6, 4, 2, 5], [6, 4, 4, 4]]}}