{"protected": {"ver": "v1", "alg": "HS256", "iat": 1608146411.859871}, "signature": "be5dc996735bf4a1d1aa4bbc347eac3106756a9d87f026b3804c8bd2e3ba9e77", "payload": {"device_name": "2A:68:65:37:E0:6A:9D:38", "device_type": "MANUAL-CAPTURE", "interval_ms": 3.389830508474576, "sensors": [{"name": "u", "units": "N/A"}, {"name": "d", "units": "N/A"}, {"name": "l", "units": "N/A"}, {"name": "r", "units": "N/A"}], "values": [[14, 34, 27, 43], [40, 62, 53, 75], [79, 74, 59, 92], [89, 48, 41, 67], [63, 17, 17, 32], [24, 6, 5, 10], [7, 5, 4, 7], [4, 6, 4, 11], [9, 29, 36, 44], [47, 110, 136, 132], [178, 213, 241, 213], [255, 192, 223, 179], [212, 67, 100, 72], [74, 9, 18, 17], [11, 4, 3, 5], [6, 4, 4, 5], [5, 4, 5, 5], [7, 4, 3, 4], [6, 5, 4, 5], [4, 2, 3, 5], [5, 4, 4, 5], [4, 4, 4, 6], [6, 4, 2, 3], [4, 3, 3, 4], [4, 4, 4, 3], [5, 4, 2, 4], [4, 2, 3, 5], [4, 1, 3, 3], [7, 5, 3, 4], [6, 4, 4, 4], [6, 4, 4, 5], [6, 5, 3, 3], [4, 2, 4, 5], [5, 6, 5, 5], [4, 2, 4, 4], [5, 4, 6, 5], [6, 5, 3, 5], [6, 4, 3, 5], [6, 4, 2, 3], [4, 4, 2, 4], [7, 2, 4, 5], [7, 5, 2, 4], [5, 4, 5, 6], [4, 2, 3, 5], [5, 4, 4, 2], [1, 2, 4, 5], [4, 3, 4, 5], [4, 4, 2, 2]]}}