{"protected": {"ver": "v1", "alg": "HS256", "iat": 1608146411.8788686}, "signature": "08daa706ff8fb11ea24239d86efff9dfcd4fc159fbffaa84342f594a958ea77c", "payload": {"device_name": "2A:68:65:37:E0:6A:9D:38", "device_type": "MANUAL-CAPTURE", "interval_ms": 3.389830508474576, "sensors": [{"name": "u", "units": "N/A"}, {"name": "d", "units": "N/A"}, {"name": "l", "units": "N/A"}, {"name": "r", "units": "N/A"}], "values": [[5, 15, 17, 16], [11, 40, 43, 42], [39, 88, 91, 84], [89, 124, 122, 113], [132, 126, 125, 114], [141, 89, 100, 91], [110, 44, 62, 61], [63, 17, 26, 32], [29, 15, 18, 25], [15, 26, 22, 32], [22, 49, 45, 50], [42, 71, 74, 66], [73, 83, 87, 69], [87, 73, 84, 60], [81, 48, 67, 44], [66, 23, 44, 29], [38, 9, 18, 11], [16, 4, 6, 6], [5, 2, 4, 5], [4, 3, 4, 4], [3, 2, 4, 4], [6, 4, 4, 4], [4, 4, 2, 4], [4, 3, 1, 4], [6, 3, 2, 4], [6, 4, 5, 7], [5, 4, 4, 7], [5, 2, 3, 4], [4, 4, 4, 4], [8, 5, 3, 7], [4, 3, 4, 5], [4, 4, 3, 5], [6, 4, 3, 5], [4, 4, 2, 4], [6, 6, 4, 5], [3, 2, 6, 6], [5, 5, 4, 7], [4, 4, 4, 5], [5, 2, 5, 7], [5, 2, 4, 6], [5, 3, 3, 5], [6, 4, 3, 4], [5, 5, 2, 5], [5, 4, 0, 2], [3, 2, 3, 6], [4, 3, 4, 6], [4, 2, 5, 5], [6, 6, 0, 2]]}}