{"protected": {"ver": "v1", "alg": "HS256", "iat": 1608146411.8688707}, "signature": "e2229d4898ba33a714e41ced68c674471dc611992f5f7a658867d4784e7e83cf", "payload": {"device_name": "2A:68:65:37:E0:6A:9D:38", "device_type": "MANUAL-CAPTURE", "interval_ms": 3.389830508474576, "sensors": [{"name": "u", "units": "N/A"}, {"name": "d", "units": "N/A"}, {"name": "l", "units": "N/A"}, {"name": "r", "units": "N/A"}], "values": [[8, 21, 14, 21], [15, 31, 24, 35], [32, 39, 28, 39], [39, 36, 28, 41], [39, 25, 23, 33], [32, 13, 13, 22], [20, 7, 9, 13], [13, 7, 7, 12], [6, 17, 18, 24], [16, 39, 39, 42], [40, 58, 54, 56], [62, 62, 59, 60], [69, 48, 50, 48], [58, 24, 34, 32], [35, 6, 13, 14], [17, 4, 8, 9], [7, 5, 4, 3], [7, 4, 4, 7], [4, 3, 5, 5], [5, 2, 5, 5], [4, 4, 4, 4], [4, 3, 4, 5], [6, 4, 4, 8], [4, 2, 3, 5], [5, 5, 4, 5], [4, 3, 4, 6], [4, 2, 4, 4], [6, 4, 3, 4], [5, 4, 6, 6], [5, 4, 3, 4], [5, 4, 4, 4], [5, 4, 5, 7], [5, 4, 3, 6], [4, 3, 2, 6], [5, 4, 4, 4], [4, 1, 3, 2], [5, 4, 4, 4], [3, 1, 4, 5], [4, 3, 4, 5], [4, 2, 4, 5], [6, 5, 4, 5], [5, 4, 3, 4], [4, 3, 5, 5], [6, 4, 3, 5], [4, 4, 4, 4], [7, 4, 6, 4], [4, 2, 4, 5], [4, 3, 5, 4]]}}