{"protected": {"ver": "v1", "alg": "HS256", "iat": 1608146411.8528702}, "signature": "244781d13b660e414ddea7476ffe7dc3a9a3deee72af210857c5929a51aa4b61", "payload": {"device_name": "2A:68:65:37:E0:6A:9D:38", "device_type": "MANUAL-CAPTURE", "interval_ms": 3.389830508474576, "sensors": [{"name": "u", "units": "N/A"}, {"name": "d", "units": "N/A"}, {"name": "l", "units": "N/A"}, {"name": "r", "units": "N/A"}], "values": [[8, 29, 23, 39], [32, 58, 41, 69], [66, 70, 52, 81], [78, 60, 51, 72], [73, 34, 31, 45], [48, 14, 20, 27], [22, 16, 14, 22], [13, 37, 36, 46], [41, 77, 73, 78], [84, 98, 93, 95], [110, 91, 93, 88], [110, 57, 70, 61], [74, 18, 34, 29], [34, 5, 14, 14], [9, 1, 4, 4], [5, 4, 5, 4], [5, 4, 2, 4], [5, 3, 4, 5], [8, 6, 3, 4], [4, 3, 2, 3], [6, 3, 4, 5], [6, 4, 3, 5], [5, 3, 4, 3], [5, 3, 3, 3], [3, 1, 4, 5], [4, 1, 5, 6], [4, 4, 2, 6], [5, 4, 2, 4], [6, 6, 4, 5], [5, 4, 3, 5], [3, 4, 5, 3], [5, 4, 2, 4], [4, 5, 3, 5], [5, 4, 4, 5], [5, 4, 2, 3], [6, 2, 2, 3], [5, 4, 4, 4], [5, 4, 1, 3], [5, 4, 2, 4], [4, 4, 4, 7], [4, 4, 2, 2], [7, 4, 3, 5], [7, 4, 4, 6], [4, 2, 3, 2], [4, 3, 1, 4], [4, 3, 3, 4], [4, 1, 3, 5], [6, 4, 3, 4]]}}