{"protected": {"ver": "v1", "alg": "HS256", "iat": 1608146411.880868}, "signature": "613c6bdc8dc57a84e780c8d5c9d51d3c22a8807c33715623b9586878928c89c1", "payload": {"device_name": "2A:68:65:37:E0:6A:9D:38", "device_type": "MANUAL-CAPTURE", "interval_ms": 3.389830508474576, "sensors": [{"name": "u", "units": "N/A"}, {"name": "d", "units": "N/A"}, {"name": "l", "units": "N/A"}, {"name": "r", "units": "N/A"}], "values": [[5, 15, 18, 18], [14, 47, 56, 58], [57, 101, 101, 109], [115, 134, 123, 134], [153, 118, 113, 127], [138, 67, 73, 88], [90, 25, 34, 44], [38, 8, 13, 21], [14, 12, 11, 16], [10, 28, 23, 33], [23, 55, 52, 54], [54, 80, 78, 74], [88, 91, 93, 81], [100, 76, 84, 69], [94, 45, 62, 48], [65, 19, 34, 25], [30, 4, 12, 9], [12, 2, 7, 9], [6, 3, 4, 3], [5, 4, 2, 4], [4, 4, 4, 5], [5, 4, 3, 4], [4, 3, 4, 5], [5, 4, 4, 5], [4, 4, 8, 8], [2, 2, 3, 4], [6, 4, 4, 7], [7, 4, 4, 6], [5, 4, 3, 4], [4, 1, 4, 6], [3, 3, 3, 4], [6, 4, 5, 7], [5, 2, 4, 4], [4, 4, 2, 4], [6, 5, 4, 4], [3, 0, 3, 4], [4, 3, 2, 5], [5, 4, 3, 4], [3, 3, 4, 6], [3, 3, 4, 6], [5, 4, 3, 5], [4, 4, 0, 3], [4, 3, 5, 4], [7, 4, 3, 5], [5, 5, 5, 6], [5, 4, 4, 6], [4, 2, 2, 3], [4, 1, 3, 4]]}}