{"protected": {"ver": "v1", "alg": "HS256", "iat": 1608146411.8538678}, "signature": "0bb7c2f3539caea123e940b8d40add2e0d942373c930951c82526a6df2a43a3c", "payload": {"device_name": "2A:68:65:37:E0:6A:9D:38", "device_type": "MANUAL-CAPTURE", "interval_ms": 3.389830508474576, "sensors": [{"name": "u", "units": "N/A"}, {"name": "d", "units": "N/A"}, {"name": "l", "units": "N/A"}, {"name": "r", "units": "N/A"}], "values": [[5, 21, 21, 25], [19, 45, 43, 50], [50, 66, 62, 71], [78, 73, 68, 77], [85, 52, 53, 60], [66, 25, 31, 39], [35, 18, 20, 32], [18, 35, 36, 45], [35, 67, 68, 68], [75, 92, 98, 84], [110, 94, 104, 83], [114, 60, 82, 60], [80, 20, 40, 30], [37, 5, 12, 10], [11, 4, 3, 5], [6, 4, 4, 6], [7, 4, 4, 5], [5, 5, 4, 5], [4, 2, 4, 4], [6, 4, 3, 4], [5, 4, 5, 6], [4, 4, 4, 4], [5, 2, 1, 1], [3, 2, 3, 5], [2, 3, 0, 3], [4, 5, 4, 5], [5, 3, 3, 4], [6, 4, 5, 6], [4, 2, 4, 5], [4, 3, 2, 4], [4, 4, 4, 3], [5, 3, 2, 6], [4, 2, 2, 4], [5, 4, 3, 4], [7, 4, 4, 4], [6, 4, 2, 4], [5, 4, 4, 4], [5, 4, 3, 6], [5, 5, 3, 4], [5, 4, 4, 4], [5, 4, 3, 4], [5, 3, 3, 4], [6, 4, 4, 6], [6, 2, 3, 4], [4, 2, 4, 4], [4, 4, 4, 7], [6, 4, 5, 6], [4, 2, 4, 4]]}}