{"protected": {"ver": "v1", "alg": "HS256", "iat": 1608146411.8558664}, "signature": "dbd5d5ae969e54faf514c0d0e0af15a83db324415ec0e71638ef91ceb3cf27df", "payload": {"device_name": "2A:68:65:37:E0:6A:9D:38", "device_type": "MANUAL-CAPTURE", "interval_ms": 3.389830508474576, "sensors": [{"name": "u", "units": "N/A"}, {"name": "d", "units": "N/A"}, {"name": "l", "units": "N/A"}, {"name": "r", "units": "N/A"}], "values": [[6, 20, 19, 26], [18, 36, 28, 37], [34, 48, 39, 53], [47, 47, 42, 57], [57, 39, 39, 50], [53, 25, 26, 38], [39, 12, 13, 22], [21, 8, 9, 15], [11, 17, 15, 22], [12, 39, 37, 41], [37, 70, 71, 67], [78, 93, 95, 86], [107, 90, 96, 83], [107, 57, 76, 60], [78, 22, 38, 31], [32, 2, 13, 12], [12, 1, 4, 5], [6, 4, 3, 4], [6, 5, 1, 4], [4, 1, 3, 5], [6, 3, 2, 4], [4, 3, 5, 4], [5, 4, 4, 5], [5, 2, 6, 6], [3, 2, 4, 5], [7, 4, 3, 4], [4, 3, 4, 4], [5, 4, 4, 6], [4, 3, 4, 5], [5, 4, 3, 6], [5, 3, 6, 7], [5, 3, 2, 3], [6, 3, 2, 5], [4, 3, 6, 4], [5, 4, 3, 5], [4, 5, 6, 6], [6, 4, 4, 4], [3, 1, 4, 4], [5, 1, 2, 3], [6, 4, 1, 2], [4, 4, 4, 4], [5, 2, 3, 4], [6, 5, 2, 4], [4, 3, 4, 5], [4, 6, 4, 6], [4, 4, 4, 4], [4, 4, 0, 3], [6, 5, 4, 5]]}}