{"protected": {"ver": "v1", "alg": "HS256", "iat": 1608146411.8998682}, "signature": "94c519006c1c7a9a9fc3cb1efb47e04a2a41f6c113ed82148280ce76a9855063", "payload": {"device_name": "2A:68:65:37:E0:6A:9D:38", "device_type": "MANUAL-CAPTURE", "interval_ms": 3.389830508474576, "sensors": [{"name": "u", "units": "N/A"}, {"name": "d", "units": "N/A"}, {"name": "l", "units": "N/A"}, {"name": "r", "units": "N/A"}], "values": [[7, 33, 37, 37], [28, 90, 101, 87], [95, 164, 178, 152], [183, 223, 233, 202], [254, 216, 238, 209], [255, 152, 185, 165], [202, 77, 109, 105], [119, 30, 47, 55], [52, 18, 18, 30], [21, 29, 25, 36], [24, 59, 54, 60], [49, 94, 96, 89], [94, 124, 131, 108], [136, 135, 148, 110], [155, 108, 139, 97], [139, 66, 101, 68], [101, 29, 58, 39], [53, 8, 24, 18], [20, 2, 8, 9], [9, 6, 6, 7], [5, 4, 3, 5], [7, 3, 2, 4], [5, 4, 4, 5], [5, 3, 2, 3], [6, 4, 3, 3], [4, 0, 2, 2], [4, 4, 4, 4], [2, 2, 3, 5], [6, 5, 4, 5], [5, 4, 3, 4], [5, 5, 4, 5], [4, 4, 4, 6], [5, 4, 4, 4], [4, 3, 3, 2], [5, 2, 4, 6], [5, 4, 4, 4], [6, 4, 4, 6], [6, 4, 4, 4], [7, 4, 5, 4], [5, 4, 3, 3], [7, 5, 3, 3], [5, 4, 3, 5], [4, 4, 5, 7], [5, 4, 4, 5], [5, 2, 5, 5], [6, 5, 3, 4], [6, 3, 3, 4], [6, 4, 2, 5]]}}