{"protected": {"ver": "v1", "alg": "HS256", "iat": 1608146411.8398707}, "signature": "ada6e05ce1fcf7a627972ecbe34fd60f0706373ebaea6b6f243032bbd3c59a42", "payload": {"device_name": "2A:68:65:37:E0:6A:9D:38", "device_type": "MANUAL-CAPTURE", "interval_ms": 3.389830508474576, "sensors": [{"name": "u", "units": "N/A"}, {"name": "d", "units": "N/A"}, {"name": "l", "units": "N/A"}, {"name": "r", "units": "N/A"}], "values": [[11, 25, 16, 28], [23, 32, 25, 40], [36, 38, 26, 41], [40, 30, 24, 38], [35, 18, 18, 28], [28, 10, 11, 17], [16, 7, 5, 11], [8, 15, 14, 20], [14, 36, 29, 38], [32, 54, 47, 53], [59, 60, 55, 59], [67, 52, 53, 53], [62, 30, 39, 36], [44, 11, 18, 18], [22, 6, 8, 8], [6, 3, 5, 5], [6, 2, 4, 4], [5, 4, 4, 7], [4, 0, 4, 6], [4, 5, 3, 4], [6, 4, 1, 3], [5, 5, 3, 3], [7, 4, 2, 6], [4, 3, 2, 3], [5, 4, 3, 4], [4, 4, 3, 4], [2, 4, 4, 4], [6, 4, 6, 5], [5, 4, 4, 5], [7, 2, 6, 8], [7, 3, 3, 4], [4, 4, 3, 4], [3, 3, 4, 5], [6, 4, 2, 5], [7, 4, 1, 5], [4, 4, 3, 4], [3, 1, 4, 5], [7, 4, 2, 4], [4, 4, 4, 8], [6, 4, 5, 7], [5, 4, 2, 3], [4, 3, 2, 4], [3, 4, 3, 4], [6, 7, 3, 5], [6, 3, 4, 4], [6, 5, 2, 4], [4, 2, 3, 4], [6, 5, 1, 4]]}}