{"protected": {"ver": "v1", "alg": "HS256", "iat": 1608146411.8958678}, "signature": "ca17070e6a2bd71fa8a45fbfe916baffaab62db6073fdbe712834f894376f921", "payload": {"device_name": "2A:68:65:37:E0:6A:9D:38", "device_type": "MANUAL-CAPTURE", "interval_ms": 3.389830508474576, "sensors": [{"name": "u", "units": "N/A"}, {"name": "d", "units": "N/A"}, {"name": "l", "units": "N/A"}, {"name": "r", "units": "N/A"}], "values": [[6, 32, 41, 44], [37, 96, 105, 109], [115, 176, 178, 187], [207, 216, 209, 220], [255, 176, 179, 186], [213, 85, 107, 112], [121, 25, 43, 48], [44, 7, 11, 14], [11, 9, 8, 12], [6, 16, 13, 27], [17, 60, 74, 90], [101, 187, 232, 216], [255, 255, 255, 255], [255, 255, 255, 255], [255, 149, 218, 143], [169, 28, 60, 39], [35, 6, 7, 9], [6, 3, 4, 5], [5, 3, 4, 5], [4, 4, 3, 5], [2, 2, 6, 7], [4, 4, 3, 8], [8, 4, 5, 6], [5, 2, 4, 6], [7, 4, 2, 4], [5, 4, 2, 5], [7, 6, 3, 3], [4, 4, 2, 4], [4, 2, 4, 6], [5, 6, 3, 5], [4, 2, 4, 4], [5, 3, 4, 4], [7, 6, 3, 5], [3, 3, 5, 5], [4, 3, 2, 3], [7, 6, 4, 6], [5, 4, 2, 4], [4, 3, 4, 3], [4, 4, 4, 4], [4, 3, 4, 6], [6, 4, 2, 5], [4, 4, 3, 5], [4, 4, 4, 5], [4, 4, 4, 5], [6, 4, 4, 5], [7, 5, 3, 5], [6, 3, 5, 7], [6, 4, 0, 5]]}}