{"protected": {"ver": "v1", "alg": "HS256", "iat": 1608146411.8328714}, "signature": "4826811b819f3242d1415fc1e615cd3fcb28ebe228475c967878df6e5067ae74", "payload": {"device_name": "2A:68:65:37:E0:6A:9D:38", "device_type": "MANUAL-CAPTURE", "interval_ms": 3.389830508474576, "sensors": [{"name": "u", "units": "N/A"}, {"name": "d", "units": "N/A"}, {"name": "l", "units": "N/A"}, {"name": "r", "units": "N/A"}], "values": [[9, 20, 15, 21], [14, 31, 25, 33], [31, 43, 35, 46], [45, 48, 42, 53], [54, 42, 39, 50], [51, 25, 29, 37], [39, 13, 16, 25], [25, 16, 11, 18], [12, 30, 31, 37], [31, 67, 75, 67], [78, 109, 122, 99], [129, 121, 136, 106], [144, 82, 109, 80], [109, 33, 58, 43], [48, 6, 18, 16], [16, 5, 5, 5], [4, 3, 3, 4], [6, 4, 4, 4], [6, 5, 4, 4], [5, 4, 4, 5], [6, 4, 4, 5], [7, 5, 4, 4], [5, 4, 4, 6], [5, 5, 4, 5], [5, 4, 3, 5], [5, 4, 5, 5], [5, 5, 4, 4], [2, 1, 3, 2], [5, 3, 2, 3], [6, 5, 4, 4], [4, 3, 5, 7], [3, 3, 2, 4], [6, 4, 4, 4], [5, 4, 5, 6], [5, 4, 3, 4], [5, 4, 4, 6], [5, 2, 5, 6], [4, 4, 3, 4], [6, 2, 1, 4], [4, 3, 4, 6], [4, 3, 3, 3], [5, 4, 4, 7], [5, 3, 2, 6], [5, 4, 4, 4], [4, 3, 3, 4], [4, 2, 4, 4], [6, 4, 2, 4], [3, 2, 3, 2]]}}