{"protected": {"ver": "v1", "alg": "HS256", "iat": 1608146411.8708677}, "signature": "5ac3eb645f709dba0df68a27e75d8a5d9ad9d23ca75940963812ad8e221c3734", "payload": {"device_name": "2A:68:65:37:E0:6A:9D:38", "device_type": "MANUAL-CAPTURE", "interval_ms": 3.389830508474576, "sensors": [{"name": "u", "units": "N/A"}, {"name": "d", "units": "N/A"}, {"name": "l", "units": "N/A"}, {"name": "r", "units": "N/A"}], "values": [[10, 19, 14, 23], [17, 28, 18, 29], [24, 26, 20, 33], [31, 24, 17, 26], [28, 14, 16, 25], [21, 8, 8, 17], [14, 11, 11, 17], [11, 22, 19, 24], [20, 30, 25, 29], [32, 33, 28, 32], [39, 32, 29, 30], [36, 24, 25, 25], [34, 14, 16, 17], [21, 7, 10, 12], [11, 1, 5, 5], [6, 3, 1, 5], [5, 4, 4, 4], [4, 4, 1, 4], [4, 4, 4, 4], [8, 4, 4, 5], [6, 5, 2, 5], [5, 4, 0, 3], [4, 4, 3, 5], [4, 4, 5, 6], [4, 3, 3, 5], [4, 0, 3, 5], [5, 2, 3, 4], [5, 3, 4, 4], [2, 2, 4, 5], [6, 4, 5, 6], [4, 3, 4, 6], [5, 4, 4, 8], [4, 2, 4, 4], [6, 4, 4, 1], [4, 4, 4, 7], [4, 3, 1, 3], [3, 2, 4, 5], [6, 5, 3, 5], [5, 5, 2, 3], [4, 3, 4, 6], [4, 4, 4, 5], [4, 1, 4, 6], [7, 4, 4, 6], [5, 4, 6, 6], [5, 4, 4, 3], [4, 4, 3, 3], [5, 2, 4, 6], [5, 4, 4, 5]]}}