{"protected": {"ver": "v1", "alg": "HS256", "iat": 1608146411.8438697}, "signature": "f97b69e099f006368930233bb6d86c67e8bc8cf23e86b7b931e13bb69edb706e", "payload": {"device_name": "2A:68:65:37:E0:6A:9D:38", "device_type": "MANUAL-CAPTURE", "interval_ms": 3.389830508474576, "sensors": [{"name": "u", "units": "N/A"}, {"name": "d", "units": "N/A"}, {"name": "l", "units": "N/A"}, {"name": "r", "units": "N/A"}], "values": [[5, 18, 14, 25], [17, 34, 24, 39], [37, 43, 31, 49], [47, 40, 28, 45], [42, 21, 21, 34], [33, 12, 11, 20], [15, 8, 10, 17], [11, 28, 25, 34], [27, 56, 51, 57], [61, 75, 71, 77], [85, 72, 70, 75], [83, 44, 51, 50], [60, 17, 27, 26], [25, 5, 9, 10], [10, 3, 3, 4], [6, 3, 2, 6], [4, 3, 3, 4], [5, 3, 1, 3], [5, 4, 4, 5], [5, 4, 2, 5], [5, 6, 3, 4], [2, 1, 3, 6], [5, 4, 4, 4], [6, 3, 4, 5], [5, 3, 3, 1], [3, 1, 2, 5], [6, 3, 2, 5], [6, 5, 4, 4], [7, 4, 4, 7], [4, 2, 4, 4], [7, 4, 3, 4], [8, 4, 1, 4], [3, 3, 2, 4], [4, 4, 2, 3], [4, 3, 3, 4], [7, 4, 2, 4], [4, 3, 4, 4], [6, 4, 4, 5], [5, 4, 4, 5], [6, 4, 3, 2], [5, 4, 4, 6], [5, 4, 3, 3], [7, 6, 4, 5], [4, 4, 4, 6], [5, 3, 3, 5], [4, 4, 3, 4], [6, 5, 3, 5], [5, 4, 5, 9]]}}