{"protected": {"ver": "v1", "alg": "HS256", "iat": 1608146411.866868}, "signature": "cea88abe76870eae4b3e60e6f6a69749e012dd86ce724f50fcfe4c4777a93234", "payload": {"device_name": "2A:68:65:37:E0:6A:9D:38", "device_type": "MANUAL-CAPTURE", "interval_ms": 3.389830508474576, "sensors": [{"name": "u", "units": "N/A"}, {"name": "d", "units": "N/A"}, {"name": "l", "units": "N/A"}, {"name": "r", "units": "N/A"}], "values": [[9, 32, 33, 37], [33, 66, 60, 72], [75, 87, 75, 89], [93, 72, 66, 80], [82, 36, 40, 50], [50, 13, 16, 25], [19, 8, 7, 11], [10, 22, 24, 30], [27, 67, 76, 74], [85, 124, 136, 115], [150, 139, 151, 120], [155, 81, 106, 77], [99, 25, 46, 32], [36, 6, 11, 9], [10, 5, 4, 6], [6, 5, 2, 4], [4, 3, 3, 6], [5, 4, 3, 3], [5, 4, 3, 4], [4, 5, 4, 6], [4, 2, 2, 4], [5, 2, 1, 2], [6, 4, 4, 5], [6, 3, 4, 6], [5, 5, 3, 6], [4, 4, 3, 4], [5, 2, 7, 7], [5, 2, 2, 4], [4, 3, 4, 5], [5, 3, 3, 4], [4, 4, 7, 5], [2, 3, 5, 4], [4, 2, 3, 4], [5, 4, 4, 5], [6, 4, 4, 4], [2, 3, 4, 5], [4, 2, 4, 4], [4, 3, 4, 4], [6, 5, 3, 4], [4, 2, 2, 3], [7, 3, 3, 4], [7, 4, 4, 4], [4, 4, 3, 6], [7, 6, 4, 4], [5, 5, 2, 3], [5, 3, 4, 4], [5, 2, 3, 3], [6, 5, 4, 4]]}}