{"protected": {"ver": "v1", "alg": "HS256", "iat": 1608146411.8828719}, "signature": "8086d79295a830c5aeb0fec2c965d8cbc2289b570188bbcba7f6326a6fc31457", "payload": {"device_name": "2A:68:65:37:E0:6A:9D:38", "device_type": "MANUAL-CAPTURE", "interval_ms": 3.389830508474576, "sensors": [{"name": "u", "units": "N/A"}, {"name": "d", "units": "N/A"}, {"name": "l", "units": "N/A"}, {"name": "r", "units": "N/A"}], "values": [[9, 30, 31, 32], [24, 62, 64, 62], [61, 91, 84, 83], [96, 99, 93, 93], [111, 81, 82, 82], [99, 46, 59, 61], [70, 21, 32, 37], [39, 13, 14, 23], [18, 17, 16, 25], [12, 30, 26, 33], [25, 46, 43, 45], [44, 55, 54, 50], [57, 60, 59, 48], [62, 49, 58, 45], [61, 34, 45, 33], [48, 15, 32, 23], [33, 9, 15, 14], [17, 4, 9, 7], [7, 3, 5, 5], [7, 4, 4, 4], [5, 2, 4, 4], [5, 2, 5, 7], [3, 4, 4, 5], [5, 4, 1, 3], [7, 4, 4, 4], [4, 4, 3, 5], [5, 4, 4, 4], [6, 4, 4, 6], [5, 3, 4, 6], [5, 3, 3, 4], [4, 0, 4, 3], [6, 6, 4, 4], [4, 4, 4, 4], [8, 4, 4, 4], [5, 3, 4, 4], [4, 4, 4, 3], [6, 7, 1, 3], [5, 3, 3, 5], [4, 4, 4, 4], [5, 3, 4, 6], [4, 4, 4, 5], [4, 5, 0, 2], [3, 0, 4, 5], [4, 1, 4, 4], [4, 3, 3, 4], [5, 3, 6, 3], [4, 2, 5, 6], [4, 3, 5, 5]]}}