{"protected": {"ver": "v1", "alg": "HS256", "iat": 1608146411.8748677}, "signature": "ac4edc04a1942b71d0386e1891c068ecec2661f3d57fbffae192ed5d9122948e", "payload": {"device_name": "2A:68:65:37:E0:6A:9D:38", "device_type": "MANUAL-CAPTURE", "interval_ms": 3.389830508474576, "sensors": [{"name": "u", "units": "N/A"}, {"name": "d", "units": "N/A"}, {"name": "l", "units": "N/A"}, {"name": "r", "units": "N/A"}], "values": [[5, 16, 16, 21], [17, 48, 52, 56], [63, 88, 82, 90], [103, 92, 89, 95], [109, 57, 60, 65], [66, 20, 22, 29], [22, 20, 20, 32], [21, 50, 51, 56], [59, 81, 90, 79], [99, 93, 102, 81], [106, 60, 77, 55], [74, 21, 33, 23], [29, 6, 10, 7], [8, 4, 4, 5], [4, 2, 5, 6], [6, 5, 4, 4], [5, 5, 3, 4], [4, 4, 4, 5], [7, 3, 5, 8], [4, 1, 3, 4], [4, 3, 4, 4], [5, 4, 4, 5], [5, 4, 5, 5], [4, 0, 3, 3], [4, 3, 5, 7], [5, 4, 3, 5], [6, 4, 2, 4], [5, 4, 5, 6], [6, 6, 2, 4], [4, 3, 1, 4], [6, 4, 4, 4], [5, 2, 4, 7], [5, 3, 4, 5], [4, 4, 4, 3], [6, 4, 4, 5], [5, 2, 3, 5], [3, 4, 2, 2], [2, 3, 4, 5], [4, 3, 3, 4], [5, 3, 4, 7], [4, 2, 7, 7], [5, 2, 0, 3], [5, 4, 4, 6], [4, 3, 4, 4], [5, 6, 4, 5], [4, 2, 4, 5], [7, 4, 4, 7], [5, 4, 3, 3]]}}