{"protected": {"ver": "v1", "alg": "HS256", "iat": 1608146411.8678675}, "signature": "0a143bb771ed027f7e61dd49e18c8692be44bcf857d454be4615cce0f67ca9f1", "payload": {"device_name": "2A:68:65:37:E0:6A:9D:38", "device_type": "MANUAL-CAPTURE", "interval_ms": 3.389830508474576, "sensors": [{"name": "u", "units": "N/A"}, {"name": "d", "units": "N/A"}, {"name": "l", "units": "N/A"}, {"name": "r", "units": "N/A"}], "values": [[10, 15, 10, 17], [14, 17, 11, 19], [17, 17, 11, 22], [18, 15, 9, 18], [19, 11, 10, 18], [17, 9, 7, 14], [13, 7, 8, 15], [12, 16, 11, 16], [11, 21, 17, 22], [18, 26, 25, 29], [27, 29, 28, 32], [33, 28, 25, 29], [33, 22, 25, 28], [28, 11, 15, 18], [22, 5, 11, 10], [15, 5, 8, 7], [6, 4, 4, 4], [3, 0, 2, 4], [6, 3, 4, 4], [4, 3, 4, 5], [5, 4, 1, 4], [4, 3, 2, 5], [6, 4, 3, 4], [4, 3, 2, 4], [4, 1, 2, 5], [4, 4, 4, 6], [4, 2, 3, 5], [4, 2, 4, 5], [4, 2, 4, 6], [5, 3, 4, 4], [4, 4, 1, 4], [5, 4, 4, 5], [6, 4, 5, 7], [4, 2, 3, 4], [5, 4, 4, 6], [4, 2, 2, 4], [4, 4, 3, 4], [4, 3, 5, 7], [6, 4, 4, 4], [4, 3, 2, 5], [6, 2, 4, 4], [4, 4, 3, 4], [5, 4, 2, 4], [5, 4, 4, 7], [5, 4, 4, 6], [4, 4, 3, 4], [5, 4, 2, 4], [4, 4, 3, 4]]}}