{"protected": {"ver": "v1", "alg": "HS256", "iat": 1608146411.8638678}, "signature": "d5fc165781da18931b93e24be3e775ec9222fc521517b46cfec247a11384a509", "payload": {"device_name": "2A:68:65:37:E0:6A:9D:38", "device_type": "MANUAL-CAPTURE", "interval_ms": 3.389830508474576, "sensors": [{"name": "u", "units": "N/A"}, {"name": "d", "units": "N/A"}, {"name": "l", "units": "N/A"}, {"name": "r", "units": "N/A"}], "values": [[7, 28, 35, 32], [27, 80, 95, 85], [96, 146, 154, 143], [177, 174, 177, 169], [205, 130, 142, 142], [159, 58, 74, 78], [82, 15, 25, 34], [25, 5, 9, 15], [7, 13, 9, 21], [14, 43, 39, 53], [46, 98, 109, 101], [117, 161, 185, 147], [193, 181, 213, 149], [214, 122, 164, 103], [147, 44, 80, 48], [63, 9, 23, 17], [18, 5, 5, 8], [8, 4, 4, 7], [6, 4, 5, 6], [7, 3, 2, 4], [6, 5, 3, 6], [5, 1, 3, 5], [4, 4, 5, 7], [7, 4, 5, 5], [5, 3, 4, 6], [6, 4, 3, 4], [5, 3, 4, 4], [4, 4, 3, 4], [4, 2, 1, 4], [7, 3, 4, 4], [4, 2, 4, 2], [5, 3, 5, 6], [4, 4, 1, 4], [5, 4, 3, 4], [3, 2, 4, 6], [7, 5, 4, 4], [4, 4, 1, 2], [5, 4, 3, 5], [3, 2, 1, 4], [3, 1, 0, 3], [4, 5, 4, 4], [5, 4, 4, 6], [5, 3, 4, 5], [5, 4, 4, 4], [7, 5, 6, 6], [4, 3, 4, 4], [5, 2, 4, 5], [4, 3, 5, 5]]}}