{"protected": {"ver": "v1", "alg": "HS256", "iat": 1608146411.836868}, "signature": "4a70dda645804b0d49c8f6358427740e73c23fa86f61da95e3d91df28e4b4c3b", "payload": {"device_name": "2A:68:65:37:E0:6A:9D:38", "device_type": "MANUAL-CAPTURE", "interval_ms": 3.389830508474576, "sensors": [{"name": "u", "units": "N/A"}, {"name": "d", "units": "N/A"}, {"name": "l", "units": "N/A"}, {"name": "r", "units": "N/A"}], "values": [[10, 21, 22, 23], [18, 45, 41, 50], [48, 65, 57, 69], [73, 66, 57, 73], [78, 45, 45, 57], [55, 18, 20, 28], [24, 5, 9, 15], [13, 16, 10, 21], [12, 36, 34, 42], [39, 66, 66, 65], [77, 82, 84, 78], [96, 68, 79, 66], [86, 33, 49, 39], [44, 6, 20, 17], [16, 4, 5, 7], [5, 4, 4, 4], [6, 4, 4, 3], [4, 4, 4, 4], [4, 3, 4, 4], [4, 4, 4, 7], [6, 4, 5, 6], [7, 4, 4, 4], [5, 3, 2, 5], [4, 2, 5, 4], [4, 4, 3, 4], [4, 2, 4, 5], [7, 7, 2, 3], [6, 5, 2, 6], [5, 1, 4, 6], [4, 5, 5, 7], [6, 4, 1, 2], [7, 3, 2, 3], [5, 4, 4, 5], [4, 4, 4, 5], [5, 3, 3, 4], [3, 3, 4, 6], [5, 4, 4, 5], [4, 2, 4, 5], [6, 4, 5, 5], [4, 3, 4, 5], [7, 5, 1, 2], [4, 4, 4, 4], [4, 2, 6, 5], [4, 4, 4, 4], [4, 3, 3, 4], [4, 4, 4, 5], [4, 4, 4, 4], [5, 3, 3, 4]]}}