{"protected": {"ver": "v1", "alg": "HS256", "iat": 1608146411.862876}, "signature": "ee7948df6b963f4a7223588b7b22f4c7ae1613e57317fc4248c81550f0dd4fb4", "payload": {"device_name": "2A:68:65:37:E0:6A:9D:38", "device_type": "MANUAL-CAPTURE", "interval_ms": 3.389830508474576, "sensors": [{"name": "u", "units": "N/A"}, {"name": "d", "units": "N/A"}, {"name": "l", "units": "N/A"}, {"name": "r", "units": "N/A"}], "values": [[7, 20, 22, 24], [18, 51, 50, 54], [49, 85, 78, 88], [92, 104, 90, 104], [113, 88, 81, 95], [106, 56, 60, 71], [75, 22, 33, 42], [45, 12, 17, 26], [19, 17, 14, 25], [13, 38, 34, 41], [31, 66, 70, 66], [67, 90, 93, 80], [93, 95, 101, 80], [104, 74, 89, 67], [97, 47, 67, 50], [70, 19, 40, 30], [39, 7, 15, 16], [19, 6, 7, 6], [9, 4, 4, 4], [4, 4, 4, 5], [6, 4, 4, 4], [3, 2, 4, 4], [4, 4, 4, 4], [6, 5, 4, 4], [3, 3, 5, 9], [4, 4, 4, 5], [4, 2, 4, 5], [4, 4, 4, 5], [4, 2, 4, 5], [3, 2, 1, 4], [8, 6, 2, 4], [4, 3, 4, 5], [5, 4, 4, 3], [5, 4, 3, 5], [4, 2, 5, 8], [5, 4, 4, 4], [4, 4, 4, 5], [4, 4, 4, 4], [4, 3, 6, 6], [7, 5, 2, 2], [4, 2, 3, 5], [4, 2, 3, 5], [3, 3, 4, 6], [5, 4, 2, 4], [5, 4, 2, 5], [4, 3, 3, 4], [3, 0, 4, 4], [5, 6, 3, 3]]}}