{"protected": {"ver": "v1", "alg": "HS256", "iat": 1608146411.90287}, "signature": "baf351082d2784cf4463c5f82677774967d3735cd1f544d5bb29571b7e9aeaf2", "payload": {"device_name": "2A:68:65:37:E0:6A:9D:38", "device_type": "MANUAL-CAPTURE", "interval_ms": 3.389830508474576, "sensors": [{"name": "u", "units": "N/A"}, {"name": "d", "units": "N/A"}, {"name": "l", "units": "N/A"}, {"name": "r", "units": "N/A"}], "values": [[8, 34, 37, 39], [24, 82, 88, 82], [80, 140, 147, 129], [146, 181, 184, 158], [195, 177, 195, 163], [209, 129, 163, 137], [174, 74, 107, 95], [115, 35, 55, 58], [61, 25, 30, 39], [30, 37, 29, 40], [27, 55, 50, 56], [46, 77, 78, 72], [74, 97, 98, 80], [100, 101, 114, 88], [115, 91, 106, 74], [112, 63, 89, 59], [90, 29, 59, 37], [57, 12, 28, 20], [27, 3, 13, 12], [9, 1, 5, 6], [5, 1, 4, 5], [7, 4, 6, 7], [7, 4, 4, 7], [5, 4, 3, 4], [3, 0, 3, 4], [5, 4, 4, 6], [4, 4, 4, 5], [5, 3, 4, 7], [5, 6, 2, 4], [4, 2, 4, 4], [8, 6, 3, 4], [5, 4, 4, 4], [5, 1, 1, 3], [6, 4, 2, 3], [4, 5, 4, 5], [5, 4, 4, 5], [5, 4, 2, 3], [6, 2, 2, 5], [6, 5, 2, 3], [6, 3, 2, 3], [4, 4, 4, 4], [5, 4, 2, 6], [4, 3, 2, 4], [8, 4, 4, 4], [4, 2, 4, 7], [6, 4, 4, 5], [3, 5, 4, 5], [6, 3, 2, 4]]}}