{"protected": {"ver": "v1", "alg": "HS256", "iat": 1608146411.9008691}, "signature": "5246f1db5942315bb7097eff0abb3c03caff8ecfc3a678171952bb65b3bd448e", "payload": {"device_name": "2A:68:65:37:E0:6A:9D:38", "device_type": "MANUAL-CAPTURE", "interval_ms": 3.389830508474576, "sensors": [{"name": "u", "units": "N/A"}, {"name": "d", "units": "N/A"}, {"name": "l", "units": "N/A"}, {"name": "r", "units": "N/A"}], "values": [[10, 31, 34, 34], [22, 68, 76, 69], [70, 115, 116, 102], [120, 132, 132, 119], [148, 115, 124, 111], [139, 72, 87, 83], [95, 34, 48, 51], [51, 20, 25, 33], [24, 26, 22, 34], [24, 45, 42, 47], [41, 68, 73, 62], [68, 81, 86, 69], [88, 80, 88, 64], [92, 57, 77, 53], [78, 32, 49, 32], [48, 11, 25, 18], [21, 4, 8, 9], [8, 4, 4, 6], [4, 2, 2, 4], [4, 1, 4, 4], [4, 4, 0, 4], [4, 4, 3, 4], [4, 3, 5, 5], [5, 4, 4, 4], [4, 3, 3, 5], [4, 5, 6, 6], [4, 3, 3, 4], [6, 5, 4, 4], [5, 5, 4, 5], [4, 2, 3, 4], [4, 2, 3, 5], [3, 3, 3, 5], [4, 1, 2, 4], [4, 3, 4, 5], [5, 4, 4, 4], [3, 3, 2, 4], [7, 4, 4, 4], [4, 4, 6, 5], [5, 5, 3, 5], [5, 3, 4, 6], [5, 6, 4, 6], [6, 3, 3, 5], [5, 3, 3, 4], [5, 5, 4, 5], [7, 7, 5, 5], [5, 4, 2, 3], [5, 3, 3, 5], [4, 3, 3, 4]]}}