{"protected": {"ver": "v1", "alg": "HS256", "iat": 1608146411.8608685}, "signature": "98383a884931224b1bdd32e84fe49be5bbbe40fb582c991a257c600f2ffa2048", "payload": {"device_name": "2A:68:65:37:E0:6A:9D:38", "device_type": "MANUAL-CAPTURE", "interval_ms": 3.389830508474576, "sensors": [{"name": "u", "units": "N/A"}, {"name": "d", "units": "N/A"}, {"name": "l", "units": "N/A"}, {"name": "r", "units": "N/A"}], "values": [[6, 14, 15, 18], [11, 28, 27, 37], [28, 46, 39, 49], [47, 53, 42, 54], [59, 45, 39, 52], [53, 28, 31, 40], [39, 11, 17, 22], [21, 8, 7, 12], [11, 13, 10, 16], [12, 32, 29, 34], [30, 57, 56, 56], [62, 71, 70, 61], [78, 66, 67, 58], [76, 45, 53, 42], [55, 15, 31, 25], [28, 7, 11, 11], [12, 4, 4, 6], [8, 4, 4, 6], [7, 5, 4, 4], [7, 6, 4, 4], [4, 4, 1, 4], [7, 4, 3, 4], [3, 4, 5, 7], [6, 5, 4, 5], [5, 4, 5, 6], [6, 5, 4, 5], [5, 5, 5, 5], [6, 4, 4, 6], [4, 4, 3, 5], [6, 4, 4, 4], [5, 4, 3, 4], [5, 5, 3, 4], [4, 4, 4, 3], [6, 4, 4, 7], [5, 4, 5, 6], [4, 6, 4, 4], [3, 4, 2, 4], [3, 3, 3, 5], [5, 3, 4, 4], [6, 2, 4, 4], [3, 2, 5, 5], [5, 3, 4, 4], [5, 3, 2, 5], [5, 4, 3, 4], [5, 4, 5, 5], [4, 3, 4, 5], [4, 3, 4, 5], [6, 4, 3, 5]]}}