{"protected": {"ver": "v1", "alg": "HS256", "iat": 1608146411.8938673}, "signature": "a22fc6d2c89a348d3ae81c1434b832f87add91de74f0c9335153c7a361c09037", "payload": {"device_name": "2A:68:65:37:E0:6A:9D:38", "device_type": "MANUAL-CAPTURE", "interval_ms": 3.389830508474576, "sensors": [{"name": "u", "units": "N/A"}, {"name": "d", "units": "N/A"}, {"name": "l", "units": "N/A"}, {"name": "r", "units": "N/A"}], "values": [[8, 22, 29, 30], [30, 72, 78, 82], [91, 111, 105, 110], [125, 87, 84, 89], [90, 32, 38, 41], [32, 10, 11, 17], [13, 26, 31, 40], [38, 81, 97, 91], [116, 132, 144, 115], [152, 98, 111, 79], [94, 23, 41, 27], [23, 4, 7, 7], [5, 2, 2, 3], [6, 4, 4, 5], [5, 4, 1, 5], [2, 1, 2, 4], [5, 4, 4, 7], [5, 4, 4, 5], [4, 1, 4, 5], [3, 3, 4, 3], [3, 2, 3, 5], [6, 4, 1, 5], [3, 0, 4, 4], [5, 4, 3, 6], [4, 4, 3, 6], [3, 2, 2, 4], [6, 4, 4, 4], [4, 4, 4, 3], [4, 3, 3, 4], [6, 4, 3, 4], [6, 4, 4, 5], [4, 3, 2, 3], [4, 4, 4, 7], [5, 4, 5, 5], [5, 4, 4, 4], [5, 4, 4, 3], [3, 1, 2, 3], [6, 4, 4, 5], [5, 4, 1, 4], [5, 3, 2, 4], [7, 5, 3, 5], [6, 4, 4, 7], [4, 3, 2, 4], [5, 4, 3, 5], [6, 4, 2, 4], [4, 4, 1, 4], [7, 5, 2, 5], [5, 5, 2, 2]]}}