{"protected": {"ver": "v1", "alg": "HS256", "iat": 1608146411.897868}, "signature": "e9760759841fe19e570c2bf08cc1c71c220bf6190cbe8c01e02442a326441b73", "payload": {"device_name": "2A:68:65:37:E0:6A:9D:38", "device_type": "MANUAL-CAPTURE", "interval_ms": 3.389830508474576, "sensors": [{"name": "u", "units": "N/A"}, {"name": "d", "units": "N/A"}, {"name": "l", "units": "N/A"}, {"name": "r", "units": "N/A"}], "values": [[9, 31, 32, 33], [25, 72, 69, 67], [69, 113, 112, 108], [121, 140, 132, 127], [155, 125, 133, 128], [154, 83, 102, 97], [116, 40, 58, 59], [62, 16, 24, 32], [25, 18, 18, 30], [18, 42, 33, 46], [35, 73, 73, 70], [73, 105, 115, 96], [120, 121, 135, 104], [143, 103, 126, 87], [128, 54, 88, 55], [81, 18, 40, 26], [33, 5, 14, 9], [10, 4, 5, 5], [4, 1, 4, 7], [5, 4, 4, 3], [4, 3, 4, 5], [7, 3, 4, 6], [4, 4, 2, 4], [5, 3, 4, 6], [4, 4, 3, 4], [8, 4, 3, 4], [3, 3, 2, 5], [4, 1, 4, 4], [4, 5, 2, 4], [5, 4, 3, 4], [4, 2, 3, 5], [4, 4, 3, 4], [4, 4, 3, 5], [5, 3, 5, 5], [5, 4, 4, 3], [4, 3, 0, 3], [8, 4, 4, 5], [6, 3, 3, 4], [4, 4, 3, 5], [7, 5, 4, 3], [4, 4, 4, 5], [4, 2, 3, 4], [6, 4, 3, 4], [5, 4, 0, 3], [7, 4, 4, 7], [5, 3, 3, 5], [7, 4, 2, 3], [3, 2, 4, 6]]}}