{"protected": {"ver": "v1", "alg": "HS256", "iat": 1608146411.8868685}, "signature": "e24c019414ab2367a3247c324e7343a3b9136a48332520f956d14b1e516a7dbd", "payload": {"device_name": "2A:68:65:37:E0:6A:9D:38", "device_type": "MANUAL-CAPTURE", "interval_ms": 3.389830508474576, "sensors": [{"name": "u", "units": "N/A"}, {"name": "d", "units": "N/A"}, {"name": "l", "units": "N/A"}, {"name": "r", "units": "N/A"}], "values": [[5, 15, 20, 21], [16, 52, 59, 63], [63, 110, 111, 120], [134, 147, 136, 148], [171, 125, 124, 134], [148, 61, 75, 84], [86, 20, 29, 34], [35, 8, 8, 13], [7, 10, 6, 14], [9, 32, 25, 37], [32, 74, 76, 81], [83, 123, 130, 112], [140, 138, 149, 117], [155, 101, 127, 88], [122, 44, 77, 48], [65, 13, 30, 18], [25, 4, 9, 8], [7, 4, 6, 7], [6, 4, 4, 5], [6, 4, 3, 3], [6, 4, 3, 3], [4, 4, 4, 5], [5, 2, 4, 6], [5, 4, 6, 7], [4, 4, 5, 5], [5, 4, 1, 3], [4, 3, 2, 2], [4, 3, 4, 7], [6, 4, 5, 6], [4, 2, 4, 5], [6, 4, 3, 4], [5, 4, 2, 5], [6, 4, 3, 4], [4, 4, 4, 6], [4, 1, 4, 3], [5, 4, 5, 6], [4, 2, 4, 4], [8, 5, 3, 3], [4, 2, 2, 3], [4, 4, 2, 4], [4, 6, 3, 4], [6, 5, 5, 6], [6, 4, 4, 4], [2, 0, 3, 6], [5, 2, 4, 4], [5, 4, 3, 3], [4, 5, 2, 2], [3, 4, 5, 5]]}}