{"protected": {"ver": "v1", "alg": "HS256", "iat": 1608146411.8578706}, "signature": "11d0243dccfe3241de5fa5f11942e8b6371e90bf2a3634eb3fa3a9957fd8383d", "payload": {"device_name": "2A:68:65:37:E0:6A:9D:38", "device_type": "MANUAL-CAPTURE", "interval_ms": 3.389830508474576, "sensors": [{"name": "u", "units": "N/A"}, {"name": "d", "units": "N/A"}, {"name": "l", "units": "N/A"}, {"name": "r", "units": "N/A"}], "values": [[8, 32, 39, 39], [35, 80, 81, 88], [94, 132, 129, 138], [157, 147, 143, 150], [178, 103, 114, 122], [131, 45, 62, 68], [66, 24, 32, 44], [30, 50, 51, 59], [51, 102, 113, 108], [120, 159, 171, 148], [188, 175, 194, 158], [209, 126, 159, 122], [163, 58, 93, 68], [88, 17, 35, 30], [32, 4, 10, 10], [8, 3, 4, 4], [6, 4, 5, 4], [3, 3, 4, 5], [6, 3, 4, 3], [5, 6, 6, 7], [6, 3, 4, 5], [7, 4, 3, 5], [5, 3, 4, 5], [5, 2, 4, 4], [4, 3, 4, 2], [5, 4, 5, 5], [4, 3, 4, 4], [5, 2, 4, 6], [8, 4, 5, 5], [5, 3, 3, 3], [6, 2, 4, 6], [4, 4, 4, 5], [3, 3, 5, 6], [5, 6, 4, 6], [7, 1, 1, 4], [4, 4, 4, 5], [5, 5, 4, 4], [8, 5, 3, 4], [4, 3, 4, 4], [6, 4, 5, 5], [4, 3, 3, 5], [7, 6, 3, 4], [5, 4, 4, 5], [5, 4, 4, 4], [4, 3, 4, 4], [4, 3, 2, 5], [5, 4, 3, 4], [5, 4, 4, 4]]}}