{"protected": {"ver": "v1", "alg": "HS256", "iat": 1608146411.8338702}, "signature": "c3206b1f462c688773b924557c1087eeedc58f36ae39b7dfdf504ab3d2ebc0a3", "payload": {"device_name": "2A:68:65:37:E0:6A:9D:38", "device_type": "MANUAL-CAPTURE", "interval_ms": 3.389830508474576, "sensors": [{"name": "u", "units": "N/A"}, {"name": "d", "units": "N/A"}, {"name": "l", "units": "N/A"}, {"name": "r", "units": "N/A"}], "values": [[6, 20, 20, 25], [18, 39, 32, 41], [40, 52, 48, 56], [59, 57, 49, 59], [63, 42, 46, 52], [57, 24, 31, 35], [38, 15, 17, 25], [18, 22, 21, 32], [24, 49, 50, 53], [52, 81, 82, 71], [88, 91, 100, 80], [106, 75, 91, 67], [90, 37, 57, 39], [53, 11, 23, 17], [18, 3, 5, 7], [10, 3, 4, 5], [5, 3, 4, 5], [6, 3, 5, 7], [4, 1, 3, 4], [6, 4, 4, 6], [5, 4, 3, 4], [6, 4, 4, 4], [5, 1, 2, 3], [4, 2, 1, 4], [4, 2, 6, 5], [8, 5, 5, 4], [3, 2, 3, 4], [6, 5, 4, 5], [5, 4, 1, 4], [4, 4, 4, 5], [6, 6, 3, 5], [7, 3, 5, 4], [4, 4, 3, 4], [6, 5, 4, 4], [4, 2, 4, 2], [4, 4, 6, 5], [5, 3, 2, 4], [4, 5, 3, 5], [5, 4, 2, 3], [4, 2, 4, 5], [5, 4, 3, 2], [6, 6, 4, 6], [4, 4, 5, 5], [4, 4, 5, 4], [4, 0, 4, 4], [3, 3, 2, 4], [6, 4, 3, 4], [4, 3, 4, 5]]}}