{"protected": {"ver": "v1", "alg": "HS256", "iat": 1608146411.8428779}, "signature": "3661db2d80e7cb13021b5f766a778a7d360d552309cf0aeb0d81b958734f2aab", "payload": {"device_name": "2A:68:65:37:E0:6A:9D:38", "device_type": "MANUAL-CAPTURE", "interval_ms": 3.389830508474576, "sensors": [{"name": "u", "units": "N/A"}, {"name": "d", "units": "N/A"}, {"name": "l", "units": "N/A"}, {"name": "r", "units": "N/A"}], "values": [[11, 35, 36, 44], [40, 68, 63, 75], [81, 81, 71, 84], [93, 58, 53, 65], [67, 21, 25, 31], [27, 13, 14, 23], [16, 46, 60, 63], [71, 118, 138, 128], [162, 164, 180, 150], [198, 113, 135, 103], [124, 30, 51, 39], [38, 5, 9, 9], [8, 4, 3, 5], [3, 1, 3, 4], [4, 2, 3, 4], [5, 4, 2, 4], [5, 3, 4, 4], [4, 3, 1, 4], [4, 4, 3, 4], [8, 6, 5, 5], [8, 8, 1, 5], [5, 4, 4, 6], [5, 4, 2, 3], [6, 4, 3, 4], [5, 3, 3, 4], [7, 3, 4, 5], [5, 4, 6, 5], [4, 4, 3, 4], [4, 4, 4, 4], [4, 5, 4, 5], [4, 2, 3, 4], [8, 4, 2, 5], [4, 3, 3, 6], [4, 4, 2, 4], [4, 4, 5, 7], [7, 5, 4, 4], [4, 4, 3, 6], [4, 4, 5, 4], [7, 4, 3, 5], [5, 4, 3, 4], [2, 2, 2, 3], [4, 4, 2, 4], [6, 4, 4, 5], [6, 6, 3, 4], [4, 4, 2, 3], [4, 5, 4, 4], [4, 3, 5, 6], [5, 3, 6, 7]]}}