{"protected": {"ver": "v1", "alg": "HS256", "iat": 1608146411.8658683}, "signature": "a9f0980cd4bf35cba5563b219712663fbce4c390d6ea4a2510e581ced3999b73", "payload": {"device_name": "2A:68:65:37:E0:6A:9D:38", "device_type": "MANUAL-CAPTURE", "interval_ms": 3.389830508474576, "sensors": [{"name": "u", "units": "N/A"}, {"name": "d", "units": "N/A"}, {"name": "l", "units": "N/A"}, {"name": "r", "units": "N/A"}], "values": [[6, 28, 30, 35], [29, 68, 70, 75], [82, 108, 101, 109], [129, 112, 106, 110], [129, 66, 75, 81], [83, 22, 32, 42], [32, 15, 14, 24], [15, 35, 37, 47], [40, 85, 95, 88], [106, 133, 146, 119], [160, 135, 158, 115], [163, 78, 112, 76], [100, 23, 45, 32], [36, 5, 10, 12], [10, 4, 4, 5], [4, 2, 3, 4], [4, 4, 4, 3], [7, 4, 2, 4], [4, 3, 4, 7], [4, 3, 5, 4], [1, 3, 4, 4], [4, 4, 4, 8], [4, 2, 4, 4], [5, 4, 2, 5], [3, 2, 5, 5], [6, 4, 4, 6], [7, 5, 4, 4], [5, 4, 2, 4], [5, 2, 3, 5], [8, 5, 2, 4], [3, 2, 2, 5], [6, 6, 3, 5], [4, 3, 4, 4], [3, 5, 3, 3], [6, 4, 3, 5], [1, 3, 5, 6], [4, 4, 4, 4], [6, 4, 2, 3], [5, 1, 1, 4], [6, 3, 4, 5], [5, 4, 1, 5], [3, 2, 2, 4], [4, 4, 0, 2], [7, 5, 4, 5], [5, 5, 4, 4], [4, 4, 3, 4], [4, 1, 3, 4], [6, 5, 5, 6]]}}