{"protected": {"ver": "v1", "alg": "HS256", "iat": 1608146411.846869}, "signature": "48d7b638afea987d01144b07b4f107033af18afe29b02da830b7f0845d8c24c9", "payload": {"device_name": "2A:68:65:37:E0:6A:9D:38", "device_type": "MANUAL-CAPTURE", "interval_ms": 3.389830508474576, "sensors": [{"name": "u", "units": "N/A"}, {"name": "d", "units": "N/A"}, {"name": "l", "units": "N/A"}, {"name": "r", "units": "N/A"}], "values": [[7, 20, 13, 27], [22, 38, 26, 49], [42, 47, 33, 59], [55, 39, 28, 53], [47, 19, 18, 33], [28, 8, 10, 19], [11, 19, 25, 34], [28, 67, 69, 81], [93, 115, 107, 120], [136, 102, 99, 107], [116, 43, 54, 55], [51, 9, 11, 12], [12, 5, 4, 6], [9, 6, 1, 4], [5, 4, 4, 5], [5, 4, 3, 4], [7, 4, 4, 4], [5, 4, 4, 4], [2, 0, 4, 3], [4, 4, 4, 4], [6, 3, 3, 4], [4, 3, 3, 5], [6, 5, 1, 4], [5, 4, 2, 4], [5, 2, 2, 5], [4, 2, 0, 3], [2, 1, 4, 4], [4, 2, 2, 4], [5, 4, 5, 5], [5, 4, 3, 7], [3, 2, 4, 4], [4, 3, 1, 4], [7, 4, 5, 4], [5, 4, 4, 7], [4, 1, 5, 4], [5, 4, 4, 6], [7, 6, 4, 4], [6, 4, 5, 5], [6, 4, 2, 3], [3, 3, 4, 4], [6, 5, 4, 4], [5, 3, 4, 4], [4, 3, 3, 5], [3, 2, 4, 6], [4, 4, 4, 4], [5, 2, 4, 6], [6, 4, 3, 5], [3, 3, 1, 5]]}}