{"protected": {"ver": "v1", "alg": "HS256", "iat": 1608146411.8408701}, "signature": "40442f470de8c7b13979f78938decf6d4afe67baaddb6b5dde5b809853eec8dd", "payload": {"device_name": "2A:68:65:37:E0:6A:9D:38", "device_type": "MANUAL-CAPTURE", "interval_ms": 3.389830508474576, "sensors": [{"name": "u", "units": "N/A"}, {"name": "d", "units": "N/A"}, {"name": "l", "units": "N/A"}, {"name": "r", "units": "N/A"}], "values": [[9, 40, 48, 54], [56, 104, 108, 113], [133, 149, 144, 150], [177, 117, 120, 123], [136, 49, 59, 62], [59, 10, 15, 18], [12, 10, 8, 18], [12, 34, 39, 59], [57, 126, 168, 155], [209, 255, 255, 246], [255, 254, 255, 203], [255, 96, 143, 83], [96, 11, 27, 18], [13, 2, 4, 4], [3, 3, 4, 4], [4, 1, 3, 3], [5, 4, 2, 4], [7, 6, 1, 2], [4, 2, 2, 5], [4, 0, 3, 4], [6, 4, 1, 3], [4, 3, 4, 5], [7, 6, 4, 4], [5, 2, 3, 4], [4, 3, 3, 5], [4, 4, 6, 7], [5, 3, 4, 6], [4, 4, 6, 7], [4, 4, 5, 5], [5, 3, 1, 2], [5, 3, 4, 4], [5, 4, 4, 7], [4, 4, 3, 7], [5, 4, 4, 4], [4, 3, 4, 7], [3, 3, 3, 4], [4, 1, 3, 5], [7, 8, 3, 5], [4, 4, 4, 5], [5, 6, 2, 4], [4, 3, 1, 4], [7, 4, 7, 6], [6, 2, 3, 5], [6, 4, 5, 6], [4, 5, 4, 4], [5, 4, 3, 4], [5, 4, 4, 5], [7, 6, 6, 6]]}}