{"protected": {"ver": "v1", "alg": "HS256", "iat": 1608146411.8908665}, "signature": "b17090d50f46c01cb9163e6bc7aed0b6316bf8e34eb351812e230a649b5114d2", "payload": {"device_name": "2A:68:65:37:E0:6A:9D:38", "device_type": "MANUAL-CAPTURE", "interval_ms": 3.389830508474576, "sensors": [{"name": "u", "units": "N/A"}, {"name": "d", "units": "N/A"}, {"name": "l", "units": "N/A"}, {"name": "r", "units": "N/A"}], "values": [[11, 28, 25, 37], [27, 41, 32, 50], [44, 45, 32, 53], [48, 37, 28, 46], [43, 23, 18, 32], [33, 11, 13, 23], [18, 7, 8, 12], [11, 9, 6, 12], [9, 24, 23, 30], [21, 51, 46, 51], [51, 70, 67, 68], [73, 71, 69, 68], [82, 52, 58, 56], [67, 26, 39, 34], [37, 7, 17, 15], [16, 1, 4, 5], [8, 4, 4, 4], [7, 5, 4, 4], [5, 4, 3, 5], [5, 4, 4, 8], [5, 5, 2, 4], [6, 3, 2, 4], [4, 4, 4, 6], [4, 3, 4, 6], [4, 4, 3, 2], [5, 3, 3, 6], [4, 4, 3, 3], [5, 6, 3, 5], [7, 4, 4, 4], [4, 4, 5, 6], [5, 5, 4, 4], [4, 3, 4, 5], [5, 4, 4, 6], [4, 4, 3, 5], [6, 3, 4, 5], [6, 6, 4, 4], [3, 1, 5, 7], [4, 4, 4, 5], [4, 4, 4, 6], [5, 4, 3, 5], [5, 3, 4, 4], [5, 3, 1, 5], [6, 4, 2, 5], [7, 4, 2, 3], [7, 4, 4, 6], [5, 3, 1, 4], [3, 2, 4, 4], [4, 2, 4, 6]]}}