{"protected": {"ver": "v1", "alg": "HS256", "iat": 1608146411.8488686}, "signature": "2fcf85a03847759166eedadc1abfdae5ec3bdc6ba1832c29a92fd828d9ea238a", "payload": {"device_name": "2A:68:65:37:E0:6A:9D:38", "device_type": "MANUAL-CAPTURE", "interval_ms": 3.389830508474576, "sensors": [{"name": "u", "units": "N/A"}, {"name": "d", "units": "N/A"}, {"name": "l", "units": "N/A"}, {"name": "r", "units": "N/A"}], "values": [[13, 15, 12, 18], [14, 11, 10, 16], [14, 11, 11, 19], [17, 12, 11, 18], [14, 15, 10, 18], [17, 16, 13, 22], [16, 17, 17, 22], [20, 23, 18, 23], [21, 21, 19, 24], [23, 20, 20, 25], [25, 18, 19, 23], [25, 18, 18, 20], [22, 12, 11, 15], [17, 4, 11, 11], [12, 4, 9, 11], [10, 4, 5, 8], [7, 3, 2, 4], [7, 5, 6, 8], [6, 4, 4, 5], [4, 2, 4, 4], [5, 1, 3, 5], [5, 4, 1, 4], [5, 4, 5, 4], [5, 4, 4, 4], [7, 4, 3, 3], [5, 6, 3, 4], [4, 1, 2, 4], [5, 5, 4, 6], [4, 5, 6, 8], [6, 3, 4, 4], [2, 1, 4, 7], [5, 5, 4, 4], [6, 5, 4, 4], [4, 2, 3, 5], [6, 4, 4, 6], [4, 4, 4, 5], [6, 4, 4, 4], [5, 3, 3, 4], [4, 3, 4, 6], [7, 4, 4, 5], [5, 3, 5, 6], [4, 1, 4, 5], [5, 3, 3, 5], [2, 1, 4, 5], [4, 1, 2, 4], [4, 3, 4, 4], [5, 4, 5, 4], [4, 5, 4, 5]]}}