{"protected": {"ver": "v1", "alg": "HS256", "iat": 1608146411.8858707}, "signature": "0ae5394276695768ed23e57a83291b8e70124477f8594e266abdf219728fd787", "payload": {"device_name": "2A:68:65:37:E0:6A:9D:38", "device_type": "MANUAL-CAPTURE", "interval_ms": 3.389830508474576, "sensors": [{"name": "u", "units": "N/A"}, {"name": "d", "units": "N/A"}, {"name": "l", "units": "N/A"}, {"name": "r", "units": "N/A"}], "values": [[4, 20, 26, 29], [21, 59, 62, 62], [66, 95, 89, 92], [108, 100, 95, 98], [114, 68, 77, 78], [88, 32, 40, 47], [45, 15, 16, 25], [18, 19, 17, 26], [14, 32, 31, 35], [35, 49, 46, 43], [48, 54, 58, 49], [57, 48, 54, 46], [58, 34, 44, 32], [46, 17, 25, 18], [27, 7, 15, 11], [15, 4, 4, 5], [4, 4, 4, 6], [4, 3, 4, 3], [6, 5, 3, 4], [5, 6, 3, 4], [6, 4, 3, 5], [4, 2, 4, 5], [5, 4, 3, 4], [3, 2, 3, 6], [5, 4, 4, 4], [4, 4, 2, 4], [7, 5, 4, 4], [4, 4, 4, 7], [1, 0, 4, 4], [8, 4, 2, 3], [6, 4, 4, 4], [5, 4, 3, 4], [5, 3, 4, 5], [4, 5, 3, 4], [7, 6, 3, 4], [5, 4, 5, 6], [4, 4, 1, 1], [4, 1, 4, 4], [5, 3, 3, 2], [4, 2, 3, 4], [6, 4, 4, 4], [3, 1, 4, 4], [7, 7, 4, 6], [4, 3, 2, 4], [5, 4, 4, 5], [3, 2, 2, 3], [5, 3, 4, 6], [6, 4, 3, 6]]}}