{"protected": {"ver": "v1", "alg": "HS256", "iat": 1608146411.850868}, "signature": "b0aa81a25e720830701210bbe8c0e126a8c371efeb3db5c17d1e31afa9107c81", "payload": {"device_name": "2A:68:65:37:E0:6A:9D:38", "device_type": "MANUAL-CAPTURE", "interval_ms": 3.389830508474576, "sensors": [{"name": "u", "units": "N/A"}, {"name": "d", "units": "N/A"}, {"name": "l", "units": "N/A"}, {"name": "r", "units": "N/A"}], "values": [[10, 26, 22, 37], [27, 59, 49, 76], [72, 88, 69, 106], [107, 84, 71, 103], [105, 51, 50, 71], [63, 16, 20, 30], [25, 9, 6, 11], [9, 16, 18, 25], [19, 62, 70, 80], [87, 147, 157, 162], [194, 202, 206, 200], [242, 151, 170, 151], [176, 57, 86, 72], [72, 9, 24, 20], [14, 4, 5, 7], [6, 4, 4, 6], [4, 4, 5, 8], [7, 4, 2, 4], [7, 7, 4, 4], [5, 4, 2, 5], [5, 3, 2, 3], [4, 1, 4, 5], [4, 4, 2, 4], [4, 4, 2, 4], [5, 3, 4, 6], [6, 5, 4, 6], [5, 3, 1, 3], [4, 4, 4, 5], [4, 0, 4, 5], [7, 4, 4, 4], [6, 5, 4, 6], [7, 4, 4, 5], [6, 4, 4, 4], [5, 3, 5, 6], [3, 4, 4, 7], [4, 4, 4, 6], [5, 4, 5, 4], [6, 4, 4, 4], [5, 4, 5, 7], [4, 2, 4, 3], [5, 3, 4, 4], [4, 3, 4, 5], [4, 4, 4, 8], [4, 3, 3, 2], [4, 1, 4, 6], [5, 1, 4, 4], [3, 2, 2, 4], [7, 5, 4, 4]]}}