{"protected": {"ver": "v1", "alg": "HS256", "iat": 1608146411.8728757}, "signature": "fb5617eabf97fb2c9e9baa51d8c755baef7d39e38cdb4e771fdc0fd96bd593c5", "payload": {"device_name": "2A:68:65:37:E0:6A:9D:38", "device_type": "MANUAL-CAPTURE", "interval_ms": 3.389830508474576, "sensors": [{"name": "u", "units": "N/A"}, {"name": "d", "units": "N/A"}, {"name": "l", "units": "N/A"}, {"name": "r", "units": "N/A"}], "values": [[10, 28, 25, 33], [31, 57, 45, 65], [64, 70, 54, 78], [78, 53, 44, 69], [64, 27, 25, 37], [33, 10, 9, 18], [9, 12, 15, 23], [14, 39, 39, 44], [43, 72, 72, 72], [81, 84, 84, 78], [96, 67, 72, 63], [80, 27, 42, 35], [39, 7, 15, 12], [15, 4, 5, 5], [7, 3, 4, 4], [6, 4, 3, 4], [5, 3, 4, 7], [5, 4, 4, 4], [4, 3, 4, 5], [5, 4, 4, 5], [3, 2, 2, 4], [3, 1, 5, 5], [7, 5, 3, 3], [6, 4, 4, 4], [5, 4, 6, 4], [5, 3, 4, 7], [5, 2, 3, 4], [6, 3, 6, 7], [5, 4, 4, 4], [6, 4, 4, 6], [4, 4, 4, 5], [2, 2, 4, 4], [5, 4, 4, 4], [4, 4, 4, 5], [6, 4, 3, 5], [5, 4, 3, 5], [4, 0, 4, 5], [5, 2, 4, 4], [6, 5, 4, 5], [5, 5, 4, 6], [1, 2, 4, 5], [7, 4, 4, 7], [5, 2, 4, 4], [5, 4, 4, 5], [7, 4, 4, 4], [5, 5, 4, 8], [8, 5, 3, 6], [2, 2, 3, 4]]}}