{"protected": {"ver": "v1", "alg": "HS256", "iat": 1608146411.884869}, "signature": "e75c86ff2f9bb887c0da8713b3e2e1220c389cef506ec90ae96def6b2df60036", "payload": {"device_name": "2A:68:65:37:E0:6A:9D:38", "device_type": "MANUAL-CAPTURE", "interval_ms": 3.389830508474576, "sensors": [{"name": "u", "units": "N/A"}, {"name": "d", "units": "N/A"}, {"name": "l", "units": "N/A"}, {"name": "r", "units": "N/A"}], "values": [[4, 13, 25, 23], [19, 62, 74, 71], [75, 138, 141, 143], [164, 190, 177, 190], [214, 163, 156, 175], [189, 88, 101, 116], [118, 32, 44, 58], [52, 8, 12, 19], [17, 6, 5, 11], [9, 16, 12, 22], [13, 39, 32, 44], [34, 77, 74, 76], [79, 112, 115, 102], [122, 122, 133, 108], [143, 97, 115, 86], [119, 47, 77, 52], [72, 17, 33, 26], [32, 5, 11, 11], [9, 2, 5, 6], [5, 4, 5, 6], [4, 2, 2, 5], [2, 2, 4, 6], [6, 4, 3, 5], [5, 2, 4, 4], [5, 3, 4, 4], [7, 4, 4, 6], [3, 3, 4, 5], [5, 4, 3, 5], [9, 4, 4, 4], [5, 4, 3, 4], [4, 4, 5, 4], [6, 4, 3, 7], [5, 4, 5, 6], [4, 3, 5, 7], [4, 4, 4, 4], [4, 1, 4, 6], [5, 5, 1, 2], [3, 3, 4, 7], [5, 4, 4, 4], [4, 2, 4, 7], [5, 4, 4, 5], [4, 3, 3, 4], [5, 5, 5, 6], [3, 2, 3, 5], [5, 2, 5, 4], [6, 4, 1, 3], [4, 2, 4, 4], [6, 4, 4, 4]]}}