{"protected": {"ver": "v1", "alg": "HS256", "iat": 1608146411.8758674}, "signature": "d884f3a470a16b0c6d8139cc26542b691a4406b738aad13a8cf9d7a7746b9d72", "payload": {"device_name": "2A:68:65:37:E0:6A:9D:38", "device_type": "MANUAL-CAPTURE", "interval_ms": 3.389830508474576, "sensors": [{"name": "u", "units": "N/A"}, {"name": "d", "units": "N/A"}, {"name": "l", "units": "N/A"}, {"name": "r", "units": "N/A"}], "values": [[11, 32, 45, 42], [46, 111, 137, 128], [161, 208, 219, 212], [255, 204, 206, 207], [233, 97, 109, 115], [114, 21, 29, 39], [30, 8, 4, 9], [6, 2, 5, 9], [5, 16, 12, 25], [18, 56, 64, 80], [85, 153, 190, 169], [226, 251, 255, 231], [255, 211, 255, 179], [241, 78, 124, 78], [86, 8, 26, 18], [14, 4, 4, 7], [7, 6, 4, 5], [4, 2, 4, 5], [4, 3, 3, 4], [3, 3, 4, 5], [5, 4, 3, 5], [5, 3, 1, 2], [6, 6, 5, 6], [7, 3, 2, 3], [4, 4, 5, 6], [4, 5, 4, 6], [4, 4, 4, 7], [3, 0, 5, 7], [4, 0, 4, 5], [4, 3, 4, 6], [5, 3, 2, 4], [4, 6, 2, 3], [4, 4, 4, 5], [6, 3, 3, 4], [5, 4, 4, 5], [5, 4, 4, 6], [2, 0, 3, 4], [6, 3, 4, 5], [4, 3, 4, 4], [5, 3, 3, 6], [4, 4, 2, 4], [5, 4, 4, 5], [4, 4, 3, 5], [3, 3, 3, 4], [8, 5, 4, 5], [4, 4, 4, 5], [4, 3, 2, 5], [3, 5, 4, 5]]}}