{"protected": {"ver": "v1", "alg": "HS256", "iat": 1608146411.8928733}, "signature": "e529d9bae3ede645b90fdfc996bd53ed8d07abd1938898883ff3efaaf9f635d6", "payload": {"device_name": "2A:68:65:37:E0:6A:9D:38", "device_type": "MANUAL-CAPTURE", "interval_ms": 3.389830508474576, "sensors": [{"name": "u", "units": "N/A"}, {"name": "d", "units": "N/A"}, {"name": "l", "units": "N/A"}, {"name": "r", "units": "N/A"}], "values": [[6, 32, 31, 32], [25, 60, 61, 59], [58, 85, 81, 77], [88, 90, 89, 83], [101, 76, 78, 75], [92, 46, 57, 57], [63, 26, 32, 39], [35, 25, 25, 37], [25, 44, 41, 48], [39, 65, 65, 60], [64, 76, 80, 67], [88, 78, 82, 64], [85, 52, 69, 51], [70, 27, 45, 32], [44, 9, 19, 14], [18, 2, 8, 8], [7, 1, 3, 7], [6, 3, 4, 4], [1, 0, 4, 6], [8, 5, 4, 7], [5, 3, 3, 4], [6, 4, 3, 4], [4, 2, 4, 6], [4, 3, 4, 4], [4, 4, 3, 4], [5, 3, 4, 6], [7, 7, 4, 4], [3, 2, 6, 7], [4, 4, 5, 7], [4, 3, 3, 4], [5, 4, 3, 4], [5, 3, 4, 4], [4, 2, 3, 4], [5, 3, 4, 5], [5, 4, 3, 3], [4, 2, 4, 5], [4, 4, 4, 5], [7, 4, 3, 4], [4, 2, 4, 5], [4, 4, 3, 6], [8, 5, 4, 4], [5, 2, 4, 4], [5, 4, 4, 4], [5, 2, 4, 4], [5, 4, 4, 5], [5, 4, 4, 5], [4, 4, 3, 4], [5, 4, 4, 4]]}}