{"protected": {"ver": "v1", "alg": "HS256", "iat": 1608146411.8768668}, "signature": "4ca93ce684dc5dec21a4fbda552ebf412843f98294edd1199641de4a702b8d83", "payload": {"device_name": "2A:68:65:37:E0:6A:9D:38", "device_type": "MANUAL-CAPTURE", "interval_ms": 3.389830508474576, "sensors": [{"name": "u", "units": "N/A"}, {"name": "d", "units": "N/A"}, {"name": "l", "units": "N/A"}, {"name": "r", "units": "N/A"}], "values": [[5, 11, 18, 18], [11, 46, 53, 53], [46, 111, 122, 122], [129, 188, 190, 187], [217, 220, 218, 216], [255, 176, 192, 187], [219, 98, 128, 126], [140, 37, 62, 64], [69, 13, 21, 27], [24, 9, 9, 17], [9, 21, 18, 30], [18, 51, 46, 60], [45, 95, 101, 97], [96, 139, 153, 127], [153, 157, 181, 136], [183, 131, 164, 111], [164, 75, 116, 73], [111, 29, 61, 37], [52, 6, 24, 18], [22, 4, 7, 6], [7, 5, 6, 6], [3, 1, 3, 4], [4, 3, 3, 5], [6, 6, 1, 4], [6, 4, 4, 5], [6, 3, 3, 4], [5, 4, 2, 4], [5, 4, 3, 5], [4, 3, 4, 6], [4, 3, 4, 5], [6, 6, 3, 5], [4, 4, 4, 6], [4, 2, 3, 4], [7, 6, 4, 4], [6, 4, 6, 6], [6, 4, 5, 5], [4, 0, 4, 4], [5, 3, 4, 5], [3, 4, 4, 4], [3, 4, 4, 4], [4, 3, 4, 5], [6, 6, 4, 4], [7, 3, 4, 4], [5, 4, 2, 4], [4, 3, 5, 4], [5, 3, 4, 5], [6, 4, 3, 4], [6, 4, 4, 5]]}}