{"protected": {"ver": "v1", "alg": "HS256", "iat": 1608146411.8378682}, "signature": "ddf179480be84496340cd63c39d0e972ade18157ca67c520d49bd62db008b3b2", "payload": {"device_name": "2A:68:65:37:E0:6A:9D:38", "device_type": "MANUAL-CAPTURE", "interval_ms": 3.389830508474576, "sensors": [{"name": "u", "units": "N/A"}, {"name": "d", "units": "N/A"}, {"name": "l", "units": "N/A"}, {"name": "r", "units": "N/A"}], "values": [[8, 29, 28, 33], [29, 69, 64, 77], [80, 104, 96, 110], [124, 104, 98, 110], [124, 64, 67, 76], [80, 20, 31, 35], [32, 10, 10, 13], [9, 17, 18, 31], [20, 60, 67, 78], [86, 142, 160, 149], [189, 202, 224, 185], [245, 157, 193, 141], [180, 58, 95, 60], [74, 11, 25, 17], [16, 4, 4, 7], [5, 4, 2, 5], [6, 4, 5, 4], [5, 2, 3, 6], [5, 4, 3, 5], [5, 5, 4, 4], [4, 4, 4, 6], [5, 4, 6, 6], [5, 3, 4, 4], [3, 2, 2, 4], [7, 3, 4, 5], [4, 4, 3, 5], [7, 4, 5, 6], [5, 4, 4, 3], [4, 4, 5, 6], [4, 4, 4, 6], [5, 5, 2, 4], [5, 4, 4, 5], [5, 4, 1, 4], [6, 3, 4, 5], [8, 4, 4, 5], [5, 4, 4, 4], [3, 4, 5, 4], [4, 4, 2, 1], [4, 1, 4, 4], [6, 5, 4, 4], [4, 3, 4, 4], [5, 2, 4, 6], [7, 4, 3, 5], [5, 4, 4, 2], [4, 2, 4, 4], [4, 4, 4, 5], [7, 4, 2, 5], [6, 4, 4, 4]]}}