{"protected": {"ver": "v1", "alg": "HS256", "iat": 1608146411.888866}, "signature": "6b169ecc1be470d31ab15e89af3e1d1541f62744063f100cb9277f840c376097", "payload": {"device_name": "2A:68:65:37:E0:6A:9D:38", "device_type": "MANUAL-CAPTURE", "interval_ms": 3.389830508474576, "sensors": [{"name": "u", "units": "N/A"}, {"name": "d", "units": "N/A"}, {"name": "l", "units": "N/A"}, {"name": "r", "units": "N/A"}], "values": [[8, 31, 29, 36], [28, 59, 45, 57], [53, 74, 60, 78], [73, 73, 62, 80], [83, 61, 55, 72], [74, 40, 42, 54], [56, 18, 23, 34], [34, 9, 12, 22], [17, 15, 12, 20], [13, 31, 27, 33], [26, 55, 53, 53], [47, 74, 74, 65], [74, 81, 82, 72], [90, 74, 80, 68], [90, 53, 67, 54], [75, 30, 46, 37], [50, 9, 25, 20], [24, 4, 12, 12], [13, 4, 5, 6], [6, 4, 4, 7], [4, 3, 5, 4], [4, 1, 2, 5], [5, 4, 7, 7], [4, 3, 7, 7], [5, 5, 3, 3], [4, 3, 4, 5], [7, 4, 4, 4], [7, 4, 4, 4], [5, 4, 3, 5], [5, 3, 4, 5], [6, 4, 2, 3], [4, 4, 5, 6], [7, 5, 2, 3], [4, 2, 4, 6], [5, 3, 4, 4], [6, 4, 3, 4], [6, 3, 5, 5], [3, 2, 3, 4], [6, 4, 4, 4], [3, 3, 5, 5], [4, 4, 3, 4], [6, 2, 7, 7], [8, 4, 4, 5], [8, 4, 4, 4], [6, 5, 4, 7], [5, 4, 5, 6], [4, 4, 4, 3], [5, 4, 1, 5]]}}