{"protected": {"ver": "v1", "alg": "HS256", "iat": 1608146411.9478705}, "signature": "ea20d57b21620a856209462e34396b1ff067a2dfefea4255ad5dc714f4421e7e", "payload": {"device_name": "2A:68:65:37:E0:6A:9D:38", "device_type": "MANUAL-CAPTURE", "interval_ms": 3.389830508474576, "sensors": [{"name": "u", "units": "N/A"}, {"name": "d", "units": "N/A"}, {"name": "l", "units": "N/A"}, {"name": "r", "units": "N/A"}], "values": [[4, 14, 18, 20], [10, 47, 52, 50], [47, 103, 106, 100], [112, 151, 157, 143], [178, 166, 173, 160], [201, 127, 143, 135], [160, 72, 94, 96], [94, 52, 60, 69], [58, 66, 67, 68], [66, 87, 87, 82], [90, 94, 98, 89], [109, 88, 97, 84], [109, 58, 79, 68], [86, 40, 58, 58], [59, 56, 77, 78], [87, 138, 184, 146], [205, 249, 255, 219], [255, 255, 255, 228], [255, 160, 255, 157], [220, 50, 112, 67], [82, 11, 25, 20], [18, 4, 4, 7], [6, 3, 4, 5], [7, 5, 3, 4], [4, 4, 2, 4], [8, 4, 2, 5], [4, 1, 4, 5], [5, 3, 3, 5], [5, 4, 4, 5], [8, 4, 3, 4], [4, 4, 4, 4], [5, 3, 3, 6], [7, 4, 5, 4], [6, 4, 4, 4], [6, 4, 0, 4], [4, 4, 5, 6], [7, 6, 4, 5], [4, 3, 3, 5], [4, 2, 4, 5], [4, 5, 5, 5], [5, 4, 6, 7], [4, 2, 1, 4], [6, 4, 4, 6], [8, 5, 6, 5], [8, 4, 3, 4], [4, 3, 5, 5], [5, 4, 3, 4], [4, 5, 3, 5]]}}