{"protected": {"ver": "v1", "alg": "HS256", "iat": 1608146411.9308672}, "signature": "7b569f252b9e50a9f7bfd2b7f50d73788720687d130f739be3fc04677c8d723a", "payload": {"device_name": "2A:68:65:37:E0:6A:9D:38", "device_type": "MANUAL-CAPTURE", "interval_ms": 3.389830508474576, "sensors": [{"name": "u", "units": "N/A"}, {"name": "d", "units": "N/A"}, {"name": "l", "units": "N/A"}, {"name": "r", "units": "N/A"}], "values": [[5, 17, 21, 22], [18, 61, 76, 78], [84, 145, 155, 151], [184, 199, 202, 193], [237, 159, 174, 166], [188, 77, 94, 96], [94, 38, 46, 57], [38, 57, 58, 62], [61, 92, 94, 88], [104, 108, 110, 97], [118, 91, 105, 87], [107, 60, 84, 73], [79, 71, 97, 87], [100, 123, 147, 118], [159, 149, 167, 129], [175, 99, 129, 95], [124, 34, 58, 43], [50, 7, 17, 15], [12, 4, 5, 7], [5, 3, 5, 5], [4, 2, 3, 4], [3, 2, 4, 5], [3, 2, 4, 4], [5, 1, 4, 7], [3, 2, 3, 5], [4, 3, 4, 6], [4, 4, 4, 5], [4, 3, 3, 4], [4, 4, 1, 4], [4, 4, 4, 6], [7, 4, 3, 4], [5, 4, 3, 4], [4, 3, 4, 5], [3, 3, 2, 3], [5, 4, 4, 4], [6, 4, 2, 4], [4, 1, 3, 4], [4, 1, 4, 5], [6, 2, 2, 5], [7, 6, 7, 6], [4, 3, 3, 4], [6, 4, 4, 6], [5, 5, 4, 4], [5, 3, 4, 5], [6, 6, 4, 5], [5, 4, 1, 1], [4, 3, 2, 4], [3, 3, 1, 4]]}}