{"protected": {"ver": "v1", "alg": "HS256", "iat": 1608146411.939872}, "signature": "2d7b44d5a08d2b1f4a1e2f551cfb167e046c64e54f98b6d18bc81a3299e3ced0", "payload": {"device_name": "2A:68:65:37:E0:6A:9D:38", "device_type": "MANUAL-CAPTURE", "interval_ms": 3.389830508474576, "sensors": [{"name": "u", "units": "N/A"}, {"name": "d", "units": "N/A"}, {"name": "l", "units": "N/A"}, {"name": "r", "units": "N/A"}], "values": [[8, 25, 21, 22], [18, 39, 32, 38], [34, 48, 43, 46], [48, 48, 42, 49], [55, 46, 41, 49], [49, 35, 34, 42], [40, 34, 33, 41], [31, 31, 32, 34], [37, 37, 35, 36], [39, 37, 38, 39], [41, 42, 40, 40], [44, 42, 46, 45], [45, 39, 46, 43], [46, 37, 42, 39], [45, 33, 37, 34], [44, 29, 33, 29], [39, 21, 27, 26], [32, 11, 19, 18], [22, 6, 12, 11], [15, 7, 5, 7], [10, 4, 4, 5], [5, 2, 4, 6], [7, 4, 2, 6], [5, 4, 4, 5], [6, 4, 3, 4], [8, 6, 4, 4], [6, 4, 4, 5], [6, 5, 4, 5], [6, 4, 4, 5], [7, 6, 4, 4], [4, 3, 3, 4], [8, 4, 3, 4], [4, 1, 4, 5], [5, 4, 5, 6], [4, 3, 3, 5], [6, 6, 4, 4], [5, 3, 5, 8], [4, 4, 4, 5], [5, 5, 4, 4], [5, 2, 3, 4], [7, 6, 0, 3], [5, 3, 3, 4], [5, 4, 4, 4], [6, 4, 4, 4], [5, 4, 0, 2], [5, 3, 4, 4], [4, 4, 4, 4], [4, 3, 3, 4]]}}