{"protected": {"ver": "v1", "alg": "HS256", "iat": 1608146411.9698663}, "signature": "9c76ea92f42bd22d564a53f6bf4e353a574e9e26c39cd721be33f711054bf607", "payload": {"device_name": "2A:68:65:37:E0:6A:9D:38", "device_type": "MANUAL-CAPTURE", "interval_ms": 3.389830508474576, "sensors": [{"name": "u", "units": "N/A"}, {"name": "d", "units": "N/A"}, {"name": "l", "units": "N/A"}, {"name": "r", "units": "N/A"}], "values": [[5, 12, 18, 18], [15, 62, 87, 82], [94, 192, 231, 207], [255, 255, 255, 255], [255, 255, 255, 255], [255, 243, 255, 253], [255, 102, 140, 130], [130, 36, 51, 61], [45, 51, 50, 64], [48, 100, 105, 106], [115, 160, 167, 144], [176, 175, 188, 150], [193, 132, 158, 121], [157, 74, 107, 85], [98, 65, 93, 86], [91, 115, 145, 121], [150, 173, 189, 143], [192, 150, 172, 124], [171, 76, 111, 80], [98, 20, 47, 37], [40, 6, 15, 15], [11, 4, 4, 7], [6, 2, 4, 5], [4, 2, 5, 4], [5, 3, 4, 5], [4, 4, 4, 6], [7, 6, 3, 3], [4, 2, 3, 5], [6, 4, 4, 6], [5, 3, 4, 6], [6, 4, 4, 5], [5, 1, 3, 4], [7, 5, 5, 5], [5, 3, 4, 7], [4, 2, 4, 4], [5, 4, 3, 5], [4, 4, 4, 4], [8, 5, 4, 5], [4, 4, 5, 6], [3, 1, 2, 4], [6, 4, 3, 5], [4, 3, 4, 5], [6, 4, 3, 4], [4, 3, 4, 5], [4, 3, 4, 4], [8, 4, 3, 4], [6, 4, 5, 6], [5, 1, 4, 6]]}}