{"protected": {"ver": "v1", "alg": "HS256", "iat": 1608146411.9508693}, "signature": "5d2482c3f4a1031cf738f32a3f06e1a9a76cd732bb7cb88d51e257fc03d82bfd", "payload": {"device_name": "2A:68:65:37:E0:6A:9D:38", "device_type": "MANUAL-CAPTURE", "interval_ms": 3.389830508474576, "sensors": [{"name": "u", "units": "N/A"}, {"name": "d", "units": "N/A"}, {"name": "l", "units": "N/A"}, {"name": "r", "units": "N/A"}], "values": [[5, 23, 26, 28], [23, 62, 61, 64], [64, 100, 99, 99], [113, 118, 117, 115], [142, 102, 112, 112], [127, 64, 75, 80], [83, 45, 51, 61], [53, 59, 57, 62], [58, 76, 80, 74], [87, 93, 100, 85], [109, 89, 102, 81], [110, 67, 86, 72], [86, 55, 78, 71], [76, 88, 117, 96], [121, 144, 178, 129], [184, 165, 200, 135], [207, 110, 159, 106], [152, 45, 81, 57], [71, 9, 25, 22], [20, 2, 5, 8], [4, 2, 4, 5], [5, 4, 5, 6], [6, 5, 4, 6], [4, 2, 3, 5], [5, 5, 2, 4], [4, 2, 2, 3], [4, 4, 4, 5], [4, 4, 4, 7], [6, 5, 4, 4], [6, 4, 4, 6], [6, 6, 4, 4], [4, 4, 2, 5], [4, 3, 3, 3], [6, 7, 3, 5], [8, 6, 5, 6], [5, 4, 3, 5], [4, 3, 3, 4], [4, 4, 4, 6], [5, 4, 4, 4], [5, 3, 2, 4], [5, 2, 4, 4], [4, 5, 3, 4], [7, 5, 3, 4], [6, 4, 4, 7], [4, 3, 4, 5], [3, 2, 3, 3], [4, 3, 2, 4], [4, 4, 5, 5]]}}