{"protected": {"ver": "v1", "alg": "HS256", "iat": 1608146411.9268706}, "signature": "37d8808821af2935c9d1ee11e72965f21d48226c3326d596f3a2fb9c2388f7a8", "payload": {"device_name": "2A:68:65:37:E0:6A:9D:38", "device_type": "MANUAL-CAPTURE", "interval_ms": 3.389830508474576, "sensors": [{"name": "u", "units": "N/A"}, {"name": "d", "units": "N/A"}, {"name": "l", "units": "N/A"}, {"name": "r", "units": "N/A"}], "values": [[4, 19, 23, 26], [17, 58, 63, 61], [63, 107, 102, 100], [114, 127, 124, 119], [138, 107, 108, 106], [123, 62, 74, 76], [79, 36, 46, 52], [44, 40, 43, 47], [44, 61, 59, 56], [59, 73, 72, 63], [77, 71, 76, 64], [83, 64, 75, 66], [74, 65, 83, 71], [83, 91, 108, 87], [110, 115, 131, 100], [136, 109, 127, 96], [132, 66, 94, 72], [92, 25, 46, 36], [41, 6, 15, 14], [15, 4, 5, 8], [7, 2, 4, 4], [6, 3, 3, 5], [3, 3, 4, 4], [4, 4, 4, 5], [5, 3, 4, 4], [3, 2, 4, 6], [4, 2, 4, 4], [4, 3, 4, 6], [5, 3, 3, 5], [4, 4, 4, 5], [6, 4, 6, 6], [4, 3, 4, 6], [5, 3, 4, 7], [5, 4, 0, 2], [5, 4, 4, 4], [5, 4, 6, 5], [4, 3, 3, 4], [5, 4, 4, 5], [4, 3, 3, 4], [4, 3, 4, 4], [7, 4, 1, 2], [6, 4, 4, 6], [4, 3, 4, 5], [4, 3, 4, 3], [4, 5, 5, 6], [3, 2, 2, 2], [6, 4, 4, 6], [4, 4, 0, 4]]}}