{"protected": {"ver": "v1", "alg": "HS256", "iat": 1608146411.963869}, "signature": "59c9cdaf2631e632e6d0cebca44de9a9cb86dba17f49aaaf937600945da6238c", "payload": {"device_name": "2A:68:65:37:E0:6A:9D:38", "device_type": "MANUAL-CAPTURE", "interval_ms": 3.389830508474576, "sensors": [{"name": "u", "units": "N/A"}, {"name": "d", "units": "N/A"}, {"name": "l", "units": "N/A"}, {"name": "r", "units": "N/A"}], "values": [[8, 39, 63, 60], [64, 158, 196, 179], [226, 255, 255, 255], [255, 255, 255, 255], [255, 230, 255, 237], [255, 102, 133, 134], [123, 67, 85, 96], [81, 111, 120, 116], [125, 158, 164, 143], [171, 157, 165, 140], [172, 107, 125, 103], [126, 55, 79, 74], [76, 58, 74, 73], [74, 101, 119, 98], [120, 134, 150, 113], [150, 115, 136, 98], [133, 58, 85, 60], [80, 18, 32, 25], [31, 6, 11, 10], [9, 5, 4, 4], [8, 6, 1, 4], [4, 2, 3, 3], [6, 4, 3, 4], [3, 3, 4, 6], [8, 7, 1, 4], [7, 4, 4, 2], [6, 5, 5, 7], [5, 4, 4, 5], [4, 3, 2, 3], [5, 4, 4, 4], [5, 4, 4, 7], [2, 2, 2, 4], [4, 4, 4, 5], [5, 5, 4, 4], [4, 3, 3, 5], [2, 3, 2, 4], [5, 3, 4, 6], [6, 4, 3, 4], [5, 3, 4, 5], [4, 3, 4, 4], [7, 4, 2, 4], [5, 5, 4, 6], [4, 4, 2, 5], [5, 4, 5, 6], [5, 4, 4, 4], [5, 4, 3, 5], [5, 3, 4, 4], [4, 4, 4, 4]]}}