{"protected": {"ver": "v1", "alg": "HS256", "iat": 1608146411.9108715}, "signature": "ccc8585c6467f3c14649e8a6128948436cb2ef9f4c1a7cd3925226444e034be3", "payload": {"device_name": "2A:68:65:37:E0:6A:9D:38", "device_type": "MANUAL-CAPTURE", "interval_ms": 3.389830508474576, "sensors": [{"name": "u", "units": "N/A"}, {"name": "d", "units": "N/A"}, {"name": "l", "units": "N/A"}, {"name": "r", "units": "N/A"}], "values": [[11, 47, 57, 57], [53, 126, 139, 126], [144, 208, 221, 199], [247, 244, 255, 229], [255, 189, 222, 194], [236, 100, 136, 126], [141, 47, 68, 75], [64, 45, 49, 60], [40, 66, 66, 69], [65, 96, 92, 88], [98, 109, 109, 97], [118, 104, 108, 94], [120, 84, 96, 85], [104, 68, 93, 85], [89, 81, 104, 92], [104, 114, 129, 104], [131, 131, 148, 109], [151, 117, 142, 97], [144, 74, 109, 71], [104, 28, 63, 42], [60, 11, 23, 18], [25, 4, 8, 10], [8, 2, 3, 5], [5, 3, 4, 3], [7, 4, 0, 2], [4, 2, 4, 4], [7, 5, 3, 4], [5, 5, 2, 2], [7, 4, 4, 4], [5, 4, 4, 5], [4, 3, 4, 4], [4, 2, 3, 5], [5, 4, 1, 4], [5, 3, 3, 6], [7, 5, 4, 7], [4, 1, 3, 5], [6, 5, 2, 4], [8, 5, 3, 4], [4, 3, 3, 4], [6, 5, 2, 4], [4, 2, 4, 4], [7, 6, 4, 6], [5, 4, 3, 3], [5, 4, 0, 4], [5, 4, 4, 7], [4, 4, 5, 6], [5, 2, 2, 4], [6, 4, 4, 4]]}}