{"protected": {"ver": "v1", "alg": "HS256", "iat": 1608146411.9468684}, "signature": "8147764582d4cb46cb5246b063a81c434d3b50f1f374cd56cb95f89cf1c46077", "payload": {"device_name": "2A:68:65:37:E0:6A:9D:38", "device_type": "MANUAL-CAPTURE", "interval_ms": 3.389830508474576, "sensors": [{"name": "u", "units": "N/A"}, {"name": "d", "units": "N/A"}, {"name": "l", "units": "N/A"}, {"name": "r", "units": "N/A"}], "values": [[9, 38, 50, 50], [55, 136, 168, 149], [188, 255, 255, 255], [255, 255, 255, 255], [255, 208, 247, 219], [253, 85, 118, 116], [108, 34, 48, 61], [39, 58, 61, 70], [65, 112, 118, 110], [125, 155, 163, 138], [174, 153, 164, 132], [178, 102, 131, 104], [128, 51, 77, 69], [75, 48, 66, 68], [66, 101, 123, 108], [129, 168, 195, 147], [205, 185, 219, 150], [218, 115, 168, 107], [151, 42, 81, 52], [67, 6, 23, 17], [19, 5, 6, 9], [6, 5, 4, 4], [4, 1, 3, 4], [4, 3, 4, 5], [4, 3, 4, 4], [4, 4, 4, 5], [5, 3, 4, 4], [4, 4, 3, 4], [5, 4, 2, 4], [5, 4, 3, 4], [4, 0, 3, 2], [5, 3, 5, 5], [6, 4, 5, 6], [6, 7, 4, 5], [5, 4, 4, 5], [5, 4, 1, 3], [6, 2, 5, 7], [3, 2, 4, 5], [6, 4, 4, 5], [6, 4, 3, 6], [3, 3, 4, 4], [4, 4, 4, 5], [4, 4, 5, 6], [5, 4, 3, 6], [5, 3, 4, 4], [5, 3, 3, 4], [5, 3, 3, 4], [4, 5, 3, 2]]}}