{"protected": {"ver": "v1", "alg": "HS256", "iat": 1608146411.912871}, "signature": "782761bde2706480ef1d48c2a92a5f26c7994fbf418eae8e215bd27dec9b799a", "payload": {"device_name": "2A:68:65:37:E0:6A:9D:38", "device_type": "MANUAL-CAPTURE", "interval_ms": 3.389830508474576, "sensors": [{"name": "u", "units": "N/A"}, {"name": "d", "units": "N/A"}, {"name": "l", "units": "N/A"}, {"name": "r", "units": "N/A"}], "values": [[4, 14, 22, 25], [19, 59, 66, 67], [69, 125, 129, 131], [147, 169, 164, 172], [199, 145, 146, 155], [171, 78, 93, 100], [99, 35, 47, 57], [39, 42, 50, 55], [49, 80, 78, 75], [81, 95, 100, 92], [111, 96, 99, 87], [114, 67, 83, 75], [89, 43, 68, 66], [70, 82, 116, 107], [133, 177, 207, 180], [238, 219, 237, 201], [255, 140, 172, 148], [174, 46, 75, 66], [73, 11, 18, 19], [19, 4, 4, 6], [5, 3, 3, 5], [4, 2, 4, 5], [3, 3, 2, 5], [4, 2, 4, 2], [4, 4, 4, 4], [5, 5, 3, 3], [5, 3, 5, 5], [4, 4, 4, 4], [4, 4, 5, 5], [4, 3, 3, 4], [7, 4, 4, 7], [6, 4, 4, 5], [4, 3, 2, 5], [6, 4, 4, 7], [5, 3, 5, 5], [4, 2, 4, 3], [4, 3, 2, 4], [7, 4, 4, 4], [4, 4, 5, 5], [5, 4, 4, 4], [2, 2, 2, 4], [5, 3, 3, 4], [6, 4, 4, 6], [3, 0, 4, 4], [4, 4, 5, 5], [6, 2, 2, 3], [4, 4, 5, 7], [5, 4, 3, 5]]}}