{"protected": {"ver": "v1", "alg": "HS256", "iat": 1608146411.9258687}, "signature": "a2088705cb6b103c1ae45e7f68cf8be653312606ec4597bc1cde9ae18e0f5928", "payload": {"device_name": "2A:68:65:37:E0:6A:9D:38", "device_type": "MANUAL-CAPTURE", "interval_ms": 3.389830508474576, "sensors": [{"name": "u", "units": "N/A"}, {"name": "d", "units": "N/A"}, {"name": "l", "units": "N/A"}, {"name": "r", "units": "N/A"}], "values": [[7, 33, 38, 39], [31, 76, 83, 78], [82, 124, 122, 115], [135, 137, 140, 128], [157, 110, 126, 115], [136, 70, 90, 87], [88, 58, 71, 73], [67, 79, 85, 79], [85, 104, 111, 94], [118, 111, 123, 99], [130, 86, 108, 87], [107, 67, 101, 86], [101, 119, 178, 142], [199, 242, 255, 231], [255, 255, 255, 241], [255, 144, 207, 143], [171, 31, 58, 46], [42, 5, 9, 11], [5, 3, 5, 6], [4, 2, 4, 7], [7, 6, 4, 7], [4, 3, 2, 4], [6, 4, 2, 3], [5, 4, 4, 5], [5, 4, 4, 4], [5, 4, 2, 3], [7, 6, 3, 5], [5, 4, 4, 5], [5, 1, 4, 7], [7, 4, 2, 4], [5, 2, 3, 4], [4, 2, 4, 4], [5, 4, 4, 4], [5, 3, 5, 5], [4, 3, 3, 4], [6, 4, 2, 3], [6, 4, 4, 5], [5, 4, 2, 3], [5, 4, 4, 4], [5, 3, 4, 4], [3, 1, 4, 3], [5, 4, 4, 5], [5, 3, 2, 5], [5, 3, 3, 4], [5, 2, 5, 5], [4, 4, 4, 7], [5, 4, 4, 6], [5, 4, 2, 4]]}}