{"protected": {"ver": "v1", "alg": "HS256", "iat": 1608146411.9058676}, "signature": "2e872173d1a5185bbcabe7d26d6964016115972236170ca315404c6c2bef22fe", "payload": {"device_name": "2A:68:65:37:E0:6A:9D:38", "device_type": "MANUAL-CAPTURE", "interval_ms": 3.389830508474576, "sensors": [{"name": "u", "units": "N/A"}, {"name": "d", "units": "N/A"}, {"name": "l", "units": "N/A"}, {"name": "r", "units": "N/A"}], "values": [[8, 25, 28, 25], [18, 53, 59, 51], [53, 86, 90, 81], [98, 107, 104, 99], [119, 87, 94, 89], [106, 54, 63, 67], [69, 39, 41, 50], [40, 46, 44, 46], [45, 60, 57, 53], [63, 67, 71, 60], [77, 68, 74, 65], [79, 61, 75, 66], [73, 62, 83, 69], [80, 78, 91, 71], [95, 85, 96, 71], [104, 69, 88, 62], [91, 34, 55, 39], [51, 6, 21, 19], [24, 5, 6, 9], [9, 3, 2, 3], [4, 1, 4, 4], [4, 4, 2, 5], [5, 4, 3, 5], [6, 1, 5, 6], [5, 4, 3, 4], [5, 1, 4, 4], [6, 5, 2, 4], [5, 5, 3, 4], [4, 4, 3, 4], [5, 4, 3, 4], [5, 4, 7, 5], [3, 1, 4, 6], [5, 4, 5, 5], [7, 5, 4, 6], [6, 4, 1, 4], [3, 0, 5, 6], [5, 4, 4, 4], [4, 4, 4, 4], [6, 3, 4, 5], [4, 2, 4, 6], [5, 4, 6, 5], [5, 5, 4, 6], [5, 3, 4, 3], [4, 3, 4, 4], [2, 2, 4, 6], [4, 4, 4, 5], [4, 2, 5, 8], [5, 4, 3, 4]]}}