{"protected": {"ver": "v1", "alg": "HS256", "iat": 1608146411.955868}, "signature": "3afdc7ce3809c5ba8382475c0cd8aabf21fa159ee7e50ec41ae16279629ead08", "payload": {"device_name": "2A:68:65:37:E0:6A:9D:38", "device_type": "MANUAL-CAPTURE", "interval_ms": 3.389830508474576, "sensors": [{"name": "u", "units": "N/A"}, {"name": "d", "units": "N/A"}, {"name": "l", "units": "N/A"}, {"name": "r", "units": "N/A"}], "values": [[6, 23, 25, 27], [14, 49, 46, 50], [42, 81, 73, 76], [80, 101, 94, 98], [110, 102, 102, 105], [121, 83, 91, 95], [108, 59, 67, 75], [75, 46, 53, 62], [53, 52, 52, 57], [53, 67, 66, 67], [68, 74, 72, 66], [80, 73, 74, 66], [83, 59, 69, 64], [80, 49, 64, 61], [65, 54, 70, 66], [66, 77, 87, 78], [90, 103, 113, 92], [120, 110, 126, 98], [136, 88, 117, 86], [127, 51, 82, 60], [84, 18, 44, 31], [42, 7, 14, 11], [15, 3, 4, 6], [8, 5, 5, 6], [3, 2, 2, 3], [6, 4, 4, 6], [5, 4, 5, 6], [4, 1, 4, 6], [4, 4, 4, 4], [5, 3, 4, 6], [4, 4, 4, 6], [7, 3, 1, 1], [4, 3, 3, 5], [5, 5, 4, 5], [4, 3, 4, 6], [5, 2, 3, 3], [6, 3, 0, 3], [5, 4, 4, 4], [5, 4, 1, 3], [5, 5, 3, 5], [6, 5, 4, 5], [4, 4, 5, 6], [6, 4, 4, 4], [5, 4, 3, 4], [6, 4, 1, 4], [7, 4, 4, 4], [5, 4, 4, 4], [5, 3, 2, 4]]}}