{"protected": {"ver": "v1", "alg": "HS256", "iat": 1608146411.9628735}, "signature": "ea15d568754e55ce15c9ecae5411a97fb34891c583ffa4482be1bc248aae5264", "payload": {"device_name": "2A:68:65:37:E0:6A:9D:38", "device_type": "MANUAL-CAPTURE", "interval_ms": 3.389830508474576, "sensors": [{"name": "u", "units": "N/A"}, {"name": "d", "units": "N/A"}, {"name": "l", "units": "N/A"}, {"name": "r", "units": "N/A"}], "values": [[10, 31, 37, 42], [39, 68, 64, 71], [79, 82, 75, 86], [94, 67, 63, 74], [69, 43, 46, 55], [46, 49, 55, 56], [57, 65, 66, 63], [75, 61, 64, 57], [67, 31, 50, 48], [47, 54, 85, 79], [107, 139, 172, 143], [201, 146, 161, 130], [151, 46, 56, 48], [40, 4, 7, 11], [7, 2, 4, 6], [4, 2, 4, 3], [5, 3, 3, 4], [3, 1, 3, 5], [5, 2, 4, 4], [4, 3, 5, 5], [5, 4, 4, 8], [4, 4, 3, 4], [5, 4, 4, 5], [4, 1, 3, 4], [4, 3, 3, 5], [4, 2, 4, 4], [4, 4, 2, 3], [4, 3, 1, 4], [2, 1, 3, 4], [5, 4, 4, 5], [4, 4, 4, 3], [7, 5, 2, 4], [7, 6, 4, 7], [4, 3, 3, 6], [4, 4, 4, 5], [4, 3, 3, 5], [5, 3, 1, 3], [6, 4, 4, 6], [5, 4, 4, 6], [8, 5, 3, 5], [4, 4, 4, 4], [4, 4, 3, 4], [5, 4, 3, 4], [3, 2, 4, 5], [4, 1, 4, 6], [5, 3, 3, 6], [5, 3, 0, 3], [4, 2, 4, 6]]}}