{"protected": {"ver": "v1", "alg": "HS256", "iat": 1608146411.9748697}, "signature": "c5f9b813e1c7061337d525be4cb9eb82cfe4b640e54566407356a0b3f540677c", "payload": {"device_name": "2A:68:65:37:E0:6A:9D:38", "device_type": "MANUAL-CAPTURE", "interval_ms": 3.389830508474576, "sensors": [{"name": "u", "units": "N/A"}, {"name": "d", "units": "N/A"}, {"name": "l", "units": "N/A"}, {"name": "r", "units": "N/A"}], "values": [[5, 18, 23, 24], [18, 60, 63, 61], [60, 116, 116, 112], [126, 150, 145, 137], [164, 136, 139, 133], [157, 87, 100, 97], [109, 47, 60, 66], [60, 38, 44, 52], [40, 55, 53, 55], [53, 70, 72, 68], [77, 79, 75, 69], [82, 67, 72, 62], [76, 45, 56, 51], [60, 31, 45, 46], [45, 41, 49, 51], [47, 66, 72, 64], [74, 84, 90, 75], [93, 80, 90, 71], [95, 60, 74, 53], [75, 25, 45, 33], [41, 6, 18, 15], [17, 5, 5, 5], [7, 5, 4, 5], [2, 3, 4, 6], [5, 4, 4, 5], [4, 2, 2, 3], [5, 3, 3, 4], [5, 4, 1, 4], [6, 4, 4, 7], [4, 5, 3, 4], [4, 4, 3, 4], [4, 4, 3, 5], [5, 4, 2, 3], [5, 4, 5, 4], [4, 5, 5, 8], [4, 4, 4, 4], [4, 4, 5, 5], [7, 4, 2, 4], [2, 2, 3, 2], [5, 3, 3, 6], [5, 3, 0, 3], [4, 2, 6, 4], [9, 7, 4, 4], [4, 4, 3, 5], [4, 2, 5, 3], [6, 2, 4, 4], [7, 4, 3, 4], [5, 4, 4, 6]]}}