{"protected": {"ver": "v1", "alg": "HS256", "iat": 1608146411.9458683}, "signature": "4d02fd49c57dacdf7f6507e680bbc6e826c84025e69de1fc83f8be8789a90cd7", "payload": {"device_name": "2A:68:65:37:E0:6A:9D:38", "device_type": "MANUAL-CAPTURE", "interval_ms": 3.389830508474576, "sensors": [{"name": "u", "units": "N/A"}, {"name": "d", "units": "N/A"}, {"name": "l", "units": "N/A"}, {"name": "r", "units": "N/A"}], "values": [[4, 23, 31, 28], [22, 72, 83, 74], [78, 145, 157, 147], [168, 214, 223, 213], [255, 231, 243, 237], [255, 174, 200, 200], [235, 90, 116, 127], [138, 34, 54, 65], [58, 25, 29, 39], [24, 45, 39, 45], [33, 69, 63, 64], [64, 91, 90, 82], [98, 104, 107, 95], [117, 95, 111, 91], [121, 71, 94, 80], [102, 47, 67, 61], [69, 47, 65, 64], [61, 91, 113, 99], [116, 156, 181, 145], [193, 189, 217, 164], [234, 146, 192, 142], [195, 70, 112, 83], [102, 14, 39, 32], [34, 4, 9, 12], [10, 3, 4, 5], [5, 2, 5, 7], [4, 3, 4, 7], [4, 0, 6, 6], [3, 2, 4, 4], [6, 5, 1, 3], [4, 2, 2, 5], [4, 4, 3, 4], [4, 1, 3, 4], [4, 3, 4, 5], [6, 4, 5, 7], [4, 3, 4, 5], [4, 4, 4, 7], [4, 3, 4, 5], [3, 1, 2, 3], [4, 1, 4, 3], [6, 5, 2, 4], [6, 3, 4, 5], [5, 2, 2, 4], [5, 5, 0, 4], [4, 0, 1, 4], [5, 4, 4, 4], [3, 1, 2, 5], [4, 2, 3, 4]]}}