{"protected": {"ver": "v1", "alg": "HS256", "iat": 1608146411.9068675}, "signature": "00f91a806a9d3ac615bae3beab6c08d880eae1d89fe2eafcd1c6bf1dea18c1a3", "payload": {"device_name": "2A:68:65:37:E0:6A:9D:38", "device_type": "MANUAL-CAPTURE", "interval_ms": 3.389830508474576, "sensors": [{"name": "u", "units": "N/A"}, {"name": "d", "units": "N/A"}, {"name": "l", "units": "N/A"}, {"name": "r", "units": "N/A"}], "values": [[10, 38, 62, 56], [74, 143, 189, 159], [224, 255, 255, 246], [255, 214, 241, 201], [230, 82, 104, 97], [85, 43, 52, 60], [46, 84, 95, 87], [106, 137, 153, 123], [163, 141, 158, 119], [154, 90, 119, 94], [110, 84, 128, 104], [130, 157, 198, 147], [210, 185, 220, 150], [216, 107, 143, 95], [121, 26, 49, 37], [35, 5, 9, 11], [7, 3, 1, 4], [4, 4, 4, 5], [6, 4, 4, 4], [7, 4, 4, 5], [4, 5, 1, 3], [3, 3, 4, 4], [4, 2, 3, 4], [4, 2, 4, 6], [4, 4, 6, 4], [5, 4, 4, 6], [4, 1, 1, 4], [7, 5, 3, 7], [6, 3, 5, 6], [6, 4, 5, 5], [7, 4, 3, 4], [6, 6, 3, 2], [5, 3, 4, 4], [6, 5, 2, 5], [5, 4, 3, 4], [6, 4, 4, 5], [5, 2, 5, 4], [7, 4, 3, 4], [5, 4, 3, 5], [4, 4, 4, 4], [4, 5, 5, 6], [5, 4, 4, 5], [5, 1, 3, 4], [6, 4, 2, 3], [4, 4, 4, 6], [4, 4, 5, 4], [5, 4, 4, 3], [6, 5, 6, 5]]}}