{"protected": {"ver": "v1", "alg": "HS256", "iat": 1608146411.9158669}, "signature": "43ff4a709aeab2f7d0d37dcc37ce85d05c62c28b86aa9282e9d5b5160fea6972", "payload": {"device_name": "2A:68:65:37:E0:6A:9D:38", "device_type": "MANUAL-CAPTURE", "interval_ms": 3.389830508474576, "sensors": [{"name": "u", "units": "N/A"}, {"name": "d", "units": "N/A"}, {"name": "l", "units": "N/A"}, {"name": "r", "units": "N/A"}], "values": [[7, 17, 18, 24], [19, 47, 48, 61], [56, 80, 66, 89], [92, 80, 71, 95], [95, 54, 51, 68], [67, 29, 30, 42], [32, 31, 27, 36], [27, 40, 37, 44], [47, 50, 45, 51], [58, 49, 47, 53], [59, 47, 50, 56], [60, 48, 49, 60], [64, 51, 49, 61], [64, 45, 44, 54], [59, 22, 30, 37], [35, 7, 10, 14], [13, 4, 4, 6], [4, 3, 4, 7], [5, 3, 2, 5], [4, 2, 4, 5], [4, 1, 3, 2], [4, 4, 3, 4], [6, 4, 4, 6], [5, 5, 4, 5], [4, 3, 5, 5], [4, 0, 3, 3], [6, 4, 4, 4], [6, 4, 4, 4], [7, 4, 4, 5], [4, 2, 4, 5], [5, 4, 5, 6], [6, 5, 4, 5], [6, 5, 2, 5], [4, 2, 4, 5], [4, 2, 2, 4], [6, 4, 3, 3], [4, 2, 4, 5], [8, 4, 5, 3], [5, 5, 4, 5], [5, 4, 4, 5], [4, 0, 1, 4], [6, 4, 2, 5], [5, 4, 4, 7], [4, 5, 3, 3], [4, 4, 4, 5], [5, 3, 4, 4], [5, 3, 5, 4], [7, 2, 4, 5]]}}