{"protected": {"ver": "v1", "alg": "HS256", "iat": 1608146411.928869}, "signature": "b74ae90f7baf6ed150836134014ca11160d6a4ffb71093afdd367d84c56f214c", "payload": {"device_name": "2A:68:65:37:E0:6A:9D:38", "device_type": "MANUAL-CAPTURE", "interval_ms": 3.389830508474576, "sensors": [{"name": "u", "units": "N/A"}, {"name": "d", "units": "N/A"}, {"name": "l", "units": "N/A"}, {"name": "r", "units": "N/A"}], "values": [[6, 25, 45, 50], [57, 157, 230, 212], [255, 255, 255, 255], [255, 255, 255, 255], [255, 255, 255, 255], [255, 161, 223, 183], [176, 64, 79, 89], [69, 103, 115, 116], [124, 184, 206, 178], [220, 231, 254, 201], [255, 187, 231, 172], [227, 112, 152, 121], [140, 80, 116, 107], [116, 142, 190, 154], [205, 242, 255, 206], [255, 241, 255, 189], [255, 123, 188, 108], [145, 27, 61, 39], [43, 6, 12, 12], [10, 4, 1, 3], [4, 2, 3, 4], [6, 5, 4, 5], [5, 3, 1, 4], [5, 5, 3, 5], [4, 3, 2, 3], [4, 3, 5, 5], [5, 5, 3, 4], [4, 5, 4, 5], [4, 5, 4, 5], [4, 2, 3, 4], [4, 2, 3, 5], [4, 3, 4, 4], [5, 3, 4, 4], [3, 3, 4, 6], [3, 2, 5, 4], [5, 4, 4, 5], [5, 3, 4, 5], [6, 3, 7, 8], [4, 5, 3, 5], [4, 2, 4, 5], [3, 1, 1, 3], [4, 3, 5, 4], [4, 3, 4, 6], [7, 4, 3, 2], [6, 5, 4, 4], [5, 2, 4, 6], [5, 4, 4, 5], [3, 2, 4, 7]]}}