{"protected": {"ver": "v1", "alg": "HS256", "iat": 1608146411.9708676}, "signature": "c9a10d097506383ee421a3dc672bd629bc71588d207aa81b6e743d84fc2099f9", "payload": {"device_name": "2A:68:65:37:E0:6A:9D:38", "device_type": "MANUAL-CAPTURE", "interval_ms": 3.389830508474576, "sensors": [{"name": "u", "units": "N/A"}, {"name": "d", "units": "N/A"}, {"name": "l", "units": "N/A"}, {"name": "r", "units": "N/A"}], "values": [[12, 46, 60, 58], [54, 120, 135, 119], [139, 188, 201, 174], [218, 200, 213, 184], [233, 138, 164, 142], [171, 67, 92, 89], [88, 39, 51, 59], [46, 54, 57, 62], [53, 82, 82, 75], [84, 99, 101, 88], [107, 101, 102, 88], [108, 86, 98, 87], [101, 80, 105, 90], [99, 93, 116, 90], [113, 103, 120, 82], [120, 86, 104, 67], [102, 46, 69, 42], [65, 15, 33, 24], [26, 3, 10, 11], [11, 4, 4, 7], [6, 2, 3, 5], [4, 2, 5, 4], [3, 4, 5, 5], [4, 4, 2, 4], [4, 3, 3, 6], [4, 4, 3, 4], [4, 5, 5, 7], [6, 5, 0, 2], [6, 5, 3, 3], [3, 0, 0, 3], [5, 3, 4, 4], [4, 2, 4, 6], [6, 4, 2, 4], [5, 4, 4, 4], [8, 4, 2, 3], [4, 1, 3, 2], [4, 1, 4, 3], [5, 3, 3, 4], [4, 2, 3, 5], [5, 4, 5, 4], [5, 4, 4, 3], [4, 4, 4, 6], [7, 4, 4, 4], [4, 4, 4, 5], [4, 3, 4, 5], [6, 4, 6, 8], [4, 3, 1, 4], [4, 3, 3, 6]]}}