{"protected": {"ver": "v1", "alg": "HS256", "iat": 1608146411.9428792}, "signature": "bbcf293b23ac88438342b356a755664a7eaeed19a2c3c610be9d2998b5b878a5", "payload": {"device_name": "2A:68:65:37:E0:6A:9D:38", "device_type": "MANUAL-CAPTURE", "interval_ms": 3.389830508474576, "sensors": [{"name": "u", "units": "N/A"}, {"name": "d", "units": "N/A"}, {"name": "l", "units": "N/A"}, {"name": "r", "units": "N/A"}], "values": [[9, 37, 39, 42], [28, 76, 77, 76], [74, 116, 113, 111], [122, 134, 126, 122], [145, 117, 123, 121], [138, 88, 99, 101], [108, 72, 83, 88], [81, 77, 84, 85], [85, 93, 94, 87], [98, 98, 99, 89], [108, 83, 90, 81], [101, 62, 78, 75], [79, 59, 72, 69], [73, 74, 83, 74], [85, 82, 90, 74], [94, 73, 86, 62], [88, 46, 65, 45], [66, 19, 34, 27], [34, 7, 14, 12], [15, 6, 4, 5], [7, 2, 4, 5], [4, 3, 4, 4], [5, 4, 2, 3], [4, 4, 2, 4], [4, 4, 5, 6], [7, 5, 4, 5], [4, 2, 4, 5], [5, 4, 4, 5], [4, 4, 4, 4], [5, 4, 5, 4], [4, 3, 3, 3], [6, 4, 1, 4], [6, 5, 3, 6], [4, 3, 2, 4], [4, 2, 0, 1], [6, 4, 2, 4], [5, 5, 5, 5], [6, 4, 3, 4], [6, 4, 0, 3], [5, 4, 2, 4], [4, 3, 4, 5], [5, 4, 4, 5], [4, 3, 3, 4], [5, 3, 3, 4], [4, 2, 4, 5], [3, 2, 2, 3], [5, 4, 3, 3], [4, 3, 4, 7]]}}