{"protected": {"ver": "v1", "alg": "HS256", "iat": 1608146411.9538684}, "signature": "12fa1b0765b8a1671511d8a04488fb62af568bbdc37303f1e8c0a650f27291f3", "payload": {"device_name": "2A:68:65:37:E0:6A:9D:38", "device_type": "MANUAL-CAPTURE", "interval_ms": 3.389830508474576, "sensors": [{"name": "u", "units": "N/A"}, {"name": "d", "units": "N/A"}, {"name": "l", "units": "N/A"}, {"name": "r", "units": "N/A"}], "values": [[6, 19, 18, 25], [14, 56, 56, 61], [50, 110, 114, 110], [117, 168, 173, 161], [187, 197, 206, 184], [232, 174, 200, 177], [218, 123, 157, 140], [159, 84, 112, 109], [109, 88, 102, 103], [96, 120, 124, 114], [127, 146, 155, 131], [165, 146, 160, 131], [174, 111, 140, 113], [147, 71, 100, 87], [101, 58, 80, 80], [77, 89, 109, 101], [113, 153, 184, 142], [191, 201, 243, 164], [250, 176, 235, 144], [228, 97, 161, 96], [143, 31, 72, 44], [57, 6, 21, 16], [13, 3, 7, 7], [8, 4, 3, 7], [4, 4, 3, 4], [6, 4, 4, 3], [4, 4, 5, 6], [3, 3, 6, 7], [6, 4, 5, 6], [4, 4, 4, 5], [5, 4, 4, 4], [5, 5, 4, 5], [5, 2, 2, 2], [4, 2, 4, 4], [5, 3, 4, 5], [5, 2, 4, 6], [7, 4, 5, 5], [7, 3, 3, 6], [6, 4, 3, 4], [4, 2, 2, 3], [4, 5, 3, 4], [5, 4, 2, 4], [5, 4, 1, 2], [4, 4, 3, 5], [5, 2, 3, 4], [6, 4, 2, 4], [5, 4, 4, 4], [4, 4, 4, 7]]}}