{"protected": {"ver": "v1", "alg": "HS256", "iat": 1608146411.9078684}, "signature": "069894883f48d286e6417bdc8666e2c9866673d368b50170b0c9a535850c633b", "payload": {"device_name": "2A:68:65:37:E0:6A:9D:38", "device_type": "MANUAL-CAPTURE", "interval_ms": 3.389830508474576, "sensors": [{"name": "u", "units": "N/A"}, {"name": "d", "units": "N/A"}, {"name": "l", "units": "N/A"}, {"name": "r", "units": "N/A"}], "values": [[10, 23, 24, 24], [18, 48, 48, 49], [50, 76, 70, 74], [83, 85, 80, 88], [97, 70, 74, 81], [87, 43, 48, 59], [55, 32, 41, 47], [37, 50, 50, 51], [48, 67, 68, 60], [75, 78, 76, 67], [87, 67, 75, 67], [83, 56, 76, 67], [75, 76, 103, 88], [108, 128, 152, 123], [168, 153, 178, 139], [188, 106, 139, 110], [138, 39, 64, 56], [60, 11, 17, 20], [16, 4, 4, 4], [6, 4, 4, 5], [5, 4, 3, 3], [6, 5, 5, 5], [4, 4, 4, 5], [4, 4, 4, 4], [6, 6, 4, 6], [4, 4, 4, 4], [3, 2, 3, 3], [4, 0, 3, 6], [1, 2, 4, 5], [6, 3, 4, 5], [5, 4, 3, 4], [4, 2, 3, 5], [4, 4, 2, 4], [5, 4, 3, 4], [6, 4, 4, 6], [5, 1, 2, 4], [6, 3, 4, 5], [6, 2, 4, 4], [5, 3, 1, 4], [6, 3, 3, 4], [6, 3, 3, 5], [4, 3, 5, 5], [6, 3, 4, 5], [6, 5, 4, 4], [5, 3, 4, 3], [3, 2, 1, 2], [5, 5, 4, 5], [8, 7, 4, 7]]}}