{"protected": {"ver": "v1", "alg": "HS256", "iat": 1608146411.916867}, "signature": "ee89e814d4e53ac7912222be18c5fff50a519be5ff19d2d4e2d493f2c8c2bee9", "payload": {"device_name": "2A:68:65:37:E0:6A:9D:38", "device_type": "MANUAL-CAPTURE", "interval_ms": 3.389830508474576, "sensors": [{"name": "u", "units": "N/A"}, {"name": "d", "units": "N/A"}, {"name": "l", "units": "N/A"}, {"name": "r", "units": "N/A"}], "values": [[9, 26, 25, 32], [18, 60, 62, 64], [61, 112, 113, 106], [115, 150, 151, 134], [165, 153, 161, 138], [172, 113, 133, 117], [141, 67, 92, 87], [88, 52, 61, 66], [60, 67, 69, 71], [67, 87, 89, 80], [89, 95, 101, 87], [104, 89, 100, 85], [106, 82, 96, 83], [98, 87, 117, 98], [117, 126, 154, 119], [159, 144, 169, 122], [177, 111, 143, 100], [140, 45, 77, 53], [64, 9, 24, 20], [18, 4, 8, 11], [7, 4, 4, 4], [4, 1, 4, 5], [4, 3, 5, 4], [5, 4, 4, 5], [4, 4, 3, 4], [5, 4, 2, 3], [5, 3, 5, 6], [5, 6, 3, 4], [4, 1, 5, 6], [5, 3, 3, 4], [5, 4, 3, 4], [4, 4, 0, 4], [2, 1, 4, 6], [6, 3, 4, 5], [6, 5, 2, 4], [4, 4, 3, 6], [6, 4, 5, 4], [6, 4, 6, 7], [4, 4, 4, 4], [5, 2, 3, 3], [5, 4, 4, 5], [4, 3, 6, 6], [6, 3, 1, 3], [4, 4, 4, 4], [6, 5, 1, 5], [8, 6, 4, 4], [6, 5, 4, 5], [4, 4, 3, 4]]}}