{"protected": {"ver": "v1", "alg": "HS256", "iat": 1608146411.93687}, "signature": "fbf1f0540de5751bb6395954d9aaf70be172d70f3d59df1b5b17e8488c25b3f2", "payload": {"device_name": "2A:68:65:37:E0:6A:9D:38", "device_type": "MANUAL-CAPTURE", "interval_ms": 3.389830508474576, "sensors": [{"name": "u", "units": "N/A"}, {"name": "d", "units": "N/A"}, {"name": "l", "units": "N/A"}, {"name": "r", "units": "N/A"}], "values": [[7, 18, 24, 26], [18, 65, 74, 69], [74, 135, 145, 130], [154, 180, 183, 167], [205, 158, 170, 156], [183, 98, 117, 113], [116, 60, 76, 81], [72, 65, 73, 74], [72, 87, 82, 77], [85, 88, 86, 76], [92, 77, 81, 76], [87, 65, 78, 70], [79, 67, 85, 74], [82, 78, 86, 73], [89, 77, 85, 68], [88, 59, 73, 54], [74, 28, 46, 38], [47, 9, 23, 21], [24, 4, 10, 8], [12, 4, 6, 6], [4, 2, 7, 8], [6, 3, 6, 5], [4, 3, 5, 7], [4, 3, 4, 5], [4, 4, 4, 4], [8, 6, 2, 4], [5, 4, 5, 5], [3, 4, 5, 5], [6, 3, 2, 4], [5, 3, 4, 4], [5, 4, 4, 3], [5, 4, 4, 4], [3, 3, 4, 4], [4, 4, 3, 5], [6, 4, 2, 5], [5, 4, 3, 3], [4, 4, 2, 4], [5, 3, 3, 5], [6, 3, 4, 4], [6, 4, 2, 3], [5, 4, 2, 4], [6, 4, 3, 4], [4, 4, 4, 4], [4, 2, 4, 6], [5, 4, 2, 5], [6, 5, 4, 5], [3, 3, 3, 4], [6, 4, 7, 6]]}}