{"protected": {"ver": "v1", "alg": "HS256", "iat": 1608146411.9658685}, "signature": "29d30f50867f17cfe81b1a99b434e9fa3bea252904f9531a9e8f25c7078a81ce", "payload": {"device_name": "2A:68:65:37:E0:6A:9D:38", "device_type": "MANUAL-CAPTURE", "interval_ms": 3.389830508474576, "sensors": [{"name": "u", "units": "N/A"}, {"name": "d", "units": "N/A"}, {"name": "l", "units": "N/A"}, {"name": "r", "units": "N/A"}], "values": [[4, 18, 20, 32], [23, 93, 120, 130], [152, 255, 255, 255], [255, 255, 255, 255], [255, 255, 255, 255], [255, 255, 255, 255], [255, 136, 182, 166], [162, 103, 124, 126], [115, 136, 137, 130], [142, 156, 159, 138], [169, 139, 155, 130], [159, 94, 120, 99], [124, 63, 86, 80], [83, 61, 76, 75], [74, 87, 97, 85], [96, 109, 119, 94], [120, 105, 120, 87], [122, 72, 99, 66], [94, 30, 60, 41], [53, 9, 27, 20], [22, 1, 10, 9], [11, 4, 4, 6], [8, 5, 4, 4], [7, 3, 4, 5], [7, 4, 4, 5], [5, 4, 2, 4], [5, 3, 2, 4], [4, 4, 3, 4], [4, 2, 3, 4], [4, 3, 2, 5], [5, 3, 4, 4], [3, 2, 3, 5], [4, 4, 3, 4], [4, 3, 4, 4], [3, 3, 3, 4], [4, 4, 2, 5], [4, 4, 0, 4], [4, 2, 4, 6], [4, 4, 1, 4], [4, 2, 3, 3], [6, 5, 3, 4], [5, 4, 3, 3], [4, 4, 3, 4], [3, 4, 4, 4], [5, 2, 2, 3], [5, 3, 4, 4], [6, 4, 5, 4], [4, 2, 4, 5]]}}