{"protected": {"ver": "v1", "alg": "HS256", "iat": 1608146411.943867}, "signature": "93f8033dd84d5d9dba7a42197109f505adf7484e02e6a8c46204faa6bcb77fb0", "payload": {"device_name": "2A:68:65:37:E0:6A:9D:38", "device_type": "MANUAL-CAPTURE", "interval_ms": 3.389830508474576, "sensors": [{"name": "u", "units": "N/A"}, {"name": "d", "units": "N/A"}, {"name": "l", "units": "N/A"}, {"name": "r", "units": "N/A"}], "values": [[4, 18, 16, 25], [12, 45, 39, 48], [32, 79, 73, 79], [73, 117, 114, 115], [121, 145, 143, 140], [161, 160, 167, 162], [181, 152, 176, 162], [184, 143, 171, 152], [174, 138, 163, 141], [167, 135, 154, 129], [162, 112, 135, 108], [146, 74, 101, 85], [102, 50, 75, 72], [69, 79, 112, 100], [118, 172, 226, 167], [243, 255, 255, 220], [255, 231, 255, 195], [255, 105, 177, 112], [147, 23, 56, 39], [42, 4, 10, 10], [10, 3, 4, 6], [5, 4, 2, 3], [5, 4, 2, 3], [4, 3, 2, 4], [7, 5, 3, 8], [5, 4, 4, 5], [5, 4, 3, 5], [7, 4, 4, 4], [8, 4, 2, 4], [4, 4, 3, 4], [4, 3, 6, 5], [4, 2, 2, 4], [6, 6, 2, 4], [4, 4, 3, 2], [5, 5, 4, 3], [3, 1, 3, 5], [5, 4, 2, 4], [4, 0, 7, 6], [4, 3, 7, 7], [6, 5, 5, 5], [6, 2, 3, 4], [6, 5, 2, 5], [3, 2, 4, 4], [5, 3, 4, 6], [7, 5, 4, 5], [4, 2, 3, 4], [5, 3, 3, 3], [4, 1, 2, 4]]}}