{"protected": {"ver": "v1", "alg": "HS256", "iat": 1608146411.9298694}, "signature": "246905b6dd8750431f02932616d4462e7703526eec4b99be69f2197a1a4fada4", "payload": {"device_name": "2A:68:65:37:E0:6A:9D:38", "device_type": "MANUAL-CAPTURE", "interval_ms": 3.389830508474576, "sensors": [{"name": "u", "units": "N/A"}, {"name": "d", "units": "N/A"}, {"name": "l", "units": "N/A"}, {"name": "r", "units": "N/A"}], "values": [[5, 23, 30, 30], [20, 66, 71, 65], [67, 124, 129, 117], [134, 164, 170, 153], [187, 159, 171, 153], [192, 110, 133, 122], [140, 63, 85, 86], [80, 53, 61, 66], [56, 70, 70, 70], [71, 88, 87, 80], [94, 92, 94, 84], [101, 74, 87, 76], [93, 57, 75, 69], [76, 66, 87, 79], [85, 105, 124, 97], [126, 133, 154, 112], [159, 119, 150, 101], [149, 66, 98, 66], [91, 20, 41, 31], [35, 4, 11, 12], [9, 0, 5, 5], [5, 4, 3, 4], [4, 3, 4, 5], [4, 3, 4, 6], [5, 5, 5, 6], [5, 4, 4, 5], [4, 4, 4, 5], [6, 4, 3, 4], [4, 4, 4, 5], [7, 4, 2, 3], [5, 5, 4, 5], [2, 1, 3, 7], [5, 3, 3, 7], [7, 4, 4, 4], [3, 1, 3, 3], [6, 4, 1, 4], [4, 4, 2, 5], [6, 3, 2, 4], [4, 2, 6, 6], [5, 4, 4, 7], [5, 4, 3, 4], [5, 2, 4, 6], [5, 3, 6, 8], [4, 4, 2, 3], [6, 4, 2, 3], [6, 4, 4, 5], [7, 3, 4, 5], [6, 4, 2, 3]]}}