{"protected": {"ver": "v1", "alg": "HS256", "iat": 1608146411.9728808}, "signature": "711fe4bcd3756cbd073963545474b9008f8dbe000c7b55fd1413bccb532707fe", "payload": {"device_name": "2A:68:65:37:E0:6A:9D:38", "device_type": "MANUAL-CAPTURE", "interval_ms": 3.389830508474576, "sensors": [{"name": "u", "units": "N/A"}, {"name": "d", "units": "N/A"}, {"name": "l", "units": "N/A"}, {"name": "r", "units": "N/A"}], "values": [[10, 35, 46, 45], [37, 105, 129, 117], [136, 206, 221, 205], [253, 254, 255, 245], [255, 191, 218, 204], [240, 97, 123, 122], [123, 38, 53, 61], [51, 43, 43, 54], [41, 78, 75, 78], [77, 108, 110, 101], [116, 121, 124, 105], [133, 101, 113, 92], [117, 59, 81, 67], [83, 39, 59, 59], [61, 78, 103, 95], [110, 163, 201, 155], [215, 219, 254, 180], [255, 163, 215, 143], [198, 67, 110, 73], [95, 13, 35, 26], [27, 5, 8, 9], [6, 4, 3, 5], [9, 5, 2, 4], [4, 3, 2, 4], [5, 2, 4, 5], [5, 4, 2, 3], [4, 4, 1, 2], [4, 3, 5, 5], [6, 5, 4, 4], [3, 1, 4, 4], [4, 4, 3, 5], [6, 4, 1, 4], [8, 5, 3, 4], [5, 4, 3, 4], [5, 4, 5, 4], [5, 3, 2, 5], [4, 1, 4, 6], [4, 4, 4, 7], [6, 4, 4, 5], [7, 6, 3, 2], [3, 2, 4, 5], [6, 4, 3, 3], [4, 4, 3, 4], [4, 4, 4, 3], [6, 4, 3, 5], [6, 4, 4, 5], [4, 4, 6, 5], [5, 4, 3, 5]]}}