{"protected": {"ver": "v1", "alg": "HS256", "iat": 1608146411.9498706}, "signature": "89462bb4c1c35c8c6759305d7136a26813a0f25d8b7456a2248b8c85dddb5c41", "payload": {"device_name": "2A:68:65:37:E0:6A:9D:38", "device_type": "MANUAL-CAPTURE", "interval_ms": 3.389830508474576, "sensors": [{"name": "u", "units": "N/A"}, {"name": "d", "units": "N/A"}, {"name": "l", "units": "N/A"}, {"name": "r", "units": "N/A"}], "values": [[6, 25, 25, 28], [18, 58, 54, 57], [52, 99, 99, 97], [101, 129, 125, 123], [148, 136, 141, 136], [164, 108, 123, 120], [143, 67, 87, 88], [95, 48, 59, 66], [59, 56, 58, 65], [53, 74, 68, 68], [71, 84, 83, 78], [91, 88, 88, 81], [98, 74, 88, 80], [94, 63, 83, 73], [81, 65, 80, 73], [79, 75, 87, 73], [90, 87, 98, 80], [99, 86, 101, 76], [105, 70, 94, 67], [98, 40, 68, 48], [69, 15, 41, 31], [39, 5, 15, 13], [16, 5, 4, 5], [7, 3, 5, 4], [5, 4, 1, 2], [5, 3, 3, 4], [3, 2, 4, 5], [5, 2, 2, 5], [4, 4, 2, 4], [5, 3, 4, 6], [5, 4, 2, 4], [9, 4, 2, 4], [4, 4, 3, 4], [3, 1, 3, 6], [5, 4, 4, 4], [4, 4, 2, 4], [5, 2, 3, 4], [5, 4, 2, 3], [7, 4, 2, 4], [6, 5, 4, 5], [7, 5, 4, 6], [4, 2, 3, 4], [5, 4, 4, 4], [5, 5, 4, 6], [5, 2, 4, 6], [5, 0, 4, 6], [5, 4, 5, 6], [5, 4, 5, 4]]}}