{"protected": {"ver": "v1", "alg": "HS256", "iat": 1608146411.9678726}, "signature": "e15edd7f6b61f37eea97d6a2d89c4b12947b1efe4bf98757f9cf9d22c649fe0e", "payload": {"device_name": "2A:68:65:37:E0:6A:9D:38", "device_type": "MANUAL-CAPTURE", "interval_ms": 3.389830508474576, "sensors": [{"name": "u", "units": "N/A"}, {"name": "d", "units": "N/A"}, {"name": "l", "units": "N/A"}, {"name": "r", "units": "N/A"}], "values": [[7, 29, 42, 44], [36, 109, 136, 136], [152, 252, 255, 255], [255, 255, 255, 255], [255, 255, 255, 255], [255, 208, 255, 249], [255, 88, 126, 124], [127, 32, 51, 60], [43, 43, 42, 54], [40, 84, 79, 85], [83, 125, 128, 120], [137, 150, 155, 135], [171, 136, 153, 124], [166, 91, 122, 95], [120, 56, 89, 76], [81, 71, 87, 87], [94, 111, 124, 115], [136, 135, 143, 126], [159, 113, 131, 108], [136, 55, 84, 68], [83, 17, 36, 32], [34, 5, 11, 11], [15, 8, 4, 6], [6, 4, 5, 4], [5, 3, 4, 5], [7, 4, 4, 4], [5, 3, 4, 6], [5, 2, 1, 4], [4, 2, 4, 5], [5, 4, 2, 5], [4, 2, 4, 5], [7, 4, 2, 4], [6, 4, 4, 5], [5, 3, 4, 4], [4, 2, 3, 4], [4, 3, 4, 5], [4, 1, 3, 5], [5, 3, 5, 6], [4, 4, 4, 4], [6, 5, 5, 5], [6, 4, 2, 6], [4, 3, 3, 5], [6, 3, 3, 3], [5, 2, 5, 5], [4, 4, 1, 4], [8, 4, 1, 3], [5, 4, 4, 6], [5, 2, 4, 4]]}}