{"protected": {"ver": "v1", "alg": "HS256", "iat": 1608146411.90887}, "signature": "8ea2b20ebd561c2ba3d0cdec83804094deb2a11e61aff1c421692ffeedc69856", "payload": {"device_name": "2A:68:65:37:E0:6A:9D:38", "device_type": "MANUAL-CAPTURE", "interval_ms": 3.389830508474576, "sensors": [{"name": "u", "units": "N/A"}, {"name": "d", "units": "N/A"}, {"name": "l", "units": "N/A"}, {"name": "r", "units": "N/A"}], "values": [[9, 25, 21, 23], [18, 35, 32, 36], [34, 47, 40, 46], [50, 49, 42, 52], [54, 41, 39, 47], [47, 28, 32, 42], [39, 22, 29, 36], [27, 27, 30, 34], [28, 36, 36, 36], [35, 41, 43, 44], [43, 45, 46, 44], [51, 52, 55, 52], [56, 56, 66, 58], [66, 59, 67, 59], [72, 58, 65, 55], [71, 51, 57, 45], [63, 33, 44, 35], [49, 16, 26, 23], [29, 5, 11, 11], [12, 4, 5, 8], [6, 3, 3, 4], [5, 4, 3, 4], [4, 4, 4, 4], [4, 4, 3, 4], [4, 3, 4, 5], [4, 4, 3, 4], [5, 5, 1, 4], [2, 3, 4, 4], [5, 4, 1, 2], [3, 3, 3, 3], [4, 1, 4, 4], [5, 3, 4, 5], [4, 3, 3, 5], [6, 4, 2, 4], [4, 3, 3, 4], [5, 4, 3, 4], [4, 1, 2, 3], [5, 3, 4, 5], [6, 2, 3, 4], [4, 5, 5, 6], [4, 3, 4, 4], [4, 4, 6, 6], [5, 3, 5, 5], [4, 4, 5, 6], [5, 2, 4, 4], [7, 5, 3, 4], [4, 3, 4, 6], [5, 2, 3, 5]]}}