{"protected": {"ver": "v1", "alg": "HS256", "iat": 1608146411.9568691}, "signature": "62df3b1401a4d925d94dea64808ea5ad9f1afb85dfd5746c3e1b4f63f6c0fca2", "payload": {"device_name": "2A:68:65:37:E0:6A:9D:38", "device_type": "MANUAL-CAPTURE", "interval_ms": 3.389830508474576, "sensors": [{"name": "u", "units": "N/A"}, {"name": "d", "units": "N/A"}, {"name": "l", "units": "N/A"}, {"name": "r", "units": "N/A"}], "values": [[4, 15, 13, 20], [12, 49, 50, 59], [47, 120, 122, 123], [133, 200, 209, 199], [237, 254, 255, 243], [255, 222, 250, 222], [255, 137, 178, 160], [185, 73, 102, 103], [96, 66, 75, 87], [73, 107, 107, 108], [112, 151, 157, 141], [170, 172, 184, 152], [199, 145, 174, 135], [185, 90, 127, 95], [126, 50, 80, 72], [77, 66, 97, 94], [105, 167, 218, 178], [254, 255, 255, 255], [255, 255, 255, 255], [255, 209, 255, 201], [255, 61, 133, 83], [95, 9, 26, 19], [18, 4, 6, 6], [5, 4, 2, 4], [9, 4, 1, 3], [4, 3, 3, 4], [5, 4, 4, 4], [6, 4, 6, 6], [4, 3, 2, 2], [4, 4, 2, 5], [6, 4, 4, 4], [6, 4, 4, 6], [4, 4, 4, 7], [7, 5, 5, 5], [5, 4, 5, 8], [4, 2, 4, 4], [3, 3, 2, 4], [5, 4, 3, 4], [5, 5, 5, 6], [5, 2, 4, 5], [4, 3, 2, 5], [3, 1, 3, 4], [4, 3, 4, 4], [6, 4, 3, 5], [4, 3, 4, 4], [4, 3, 4, 5], [7, 5, 4, 4], [5, 2, 3, 4]]}}