{"protected": {"ver": "v1", "alg": "HS256", "iat": 1608146411.920869}, "signature": "67c89f4ee8f00da48b34ffc07e6b45ab794d0eedfc65b9821b52412a03e0bf9b", "payload": {"device_name": "2A:68:65:37:E0:6A:9D:38", "device_type": "MANUAL-CAPTURE", "interval_ms": 3.389830508474576, "sensors": [{"name": "u", "units": "N/A"}, {"name": "d", "units": "N/A"}, {"name": "l", "units": "N/A"}, {"name": "r", "units": "N/A"}], "values": [[6, 18, 15, 23], [13, 32, 25, 39], [27, 44, 31, 47], [44, 46, 36, 55], [52, 42, 35, 52], [51, 32, 31, 45], [43, 24, 25, 37], [32, 30, 27, 37], [29, 39, 33, 39], [38, 45, 39, 42], [44, 44, 42, 43], [49, 42, 41, 44], [46, 39, 46, 47], [48, 46, 47, 52], [56, 51, 51, 53], [60, 48, 46, 47], [59, 44, 43, 44], [51, 25, 33, 32], [41, 14, 23, 21], [27, 6, 11, 11], [14, 4, 5, 6], [6, 3, 4, 4], [5, 2, 4, 4], [5, 5, 2, 4], [5, 4, 3, 4], [5, 3, 4, 6], [5, 4, 4, 5], [6, 4, 3, 2], [4, 4, 2, 4], [3, 3, 4, 5], [5, 3, 5, 5], [2, 4, 5, 3], [4, 2, 4, 5], [5, 3, 3, 4], [5, 3, 0, 5], [5, 4, 4, 5], [6, 3, 5, 4], [4, 3, 3, 4], [5, 4, 1, 3], [7, 3, 4, 5], [7, 2, 5, 8], [5, 1, 4, 6], [5, 4, 2, 4], [4, 4, 4, 6], [6, 4, 2, 4], [5, 2, 5, 4], [4, 2, 4, 3], [5, 5, 3, 4]]}}