{"protected": {"ver": "v1", "alg": "HS256", "iat": 1608146411.9528742}, "signature": "5e4ca7dc94c77fc2fb87aeae8d163ce416fe09912cff16d18f33dea0b84f39c6", "payload": {"device_name": "2A:68:65:37:E0:6A:9D:38", "device_type": "MANUAL-CAPTURE", "interval_ms": 3.389830508474576, "sensors": [{"name": "u", "units": "N/A"}, {"name": "d", "units": "N/A"}, {"name": "l", "units": "N/A"}, {"name": "r", "units": "N/A"}], "values": [[4, 18, 18, 30], [14, 44, 35, 55], [46, 75, 57, 87], [81, 89, 72, 107], [108, 85, 68, 103], [104, 53, 52, 78], [75, 24, 32, 49], [41, 21, 23, 32], [24, 44, 43, 51], [43, 84, 83, 82], [88, 110, 109, 106], [127, 116, 122, 112], [138, 86, 103, 93], [114, 43, 64, 59], [67, 26, 42, 50], [42, 59, 62, 88], [90, 123, 117, 153], [165, 152, 142, 173], [187, 105, 113, 134], [135, 34, 53, 63], [63, 10, 13, 20], [17, 4, 6, 6], [5, 4, 3, 4], [4, 3, 4, 4], [2, 3, 4, 5], [6, 4, 1, 3], [5, 3, 3, 4], [4, 4, 2, 5], [4, 2, 3, 4], [4, 3, 3, 4], [7, 4, 4, 5], [7, 4, 1, 3], [4, 3, 7, 5], [4, 4, 4, 3], [4, 4, 4, 4], [4, 2, 4, 4], [6, 5, 0, 4], [4, 4, 2, 6], [5, 4, 3, 5], [5, 4, 4, 5], [4, 5, 3, 3], [5, 5, 4, 5], [6, 3, 2, 4], [5, 2, 2, 4], [6, 4, 4, 5], [7, 6, 3, 5], [7, 4, 4, 4], [5, 4, 1, 4]]}}