{"protected": {"ver": "v1", "alg": "HS256", "iat": 1608146411.9238663}, "signature": "a31ec12bee9a111a3cd2b5e230a0d0bb484e1db3a251f238d681b0525409cca7", "payload": {"device_name": "2A:68:65:37:E0:6A:9D:38", "device_type": "MANUAL-CAPTURE", "interval_ms": 3.389830508474576, "sensors": [{"name": "u", "units": "N/A"}, {"name": "d", "units": "N/A"}, {"name": "l", "units": "N/A"}, {"name": "r", "units": "N/A"}], "values": [[13, 46, 51, 50], [45, 96, 101, 95], [103, 143, 140, 132], [154, 145, 145, 141], [164, 106, 122, 118], [131, 59, 76, 82], [81, 39, 48, 57], [48, 47, 47, 52], [46, 61, 60, 57], [60, 69, 73, 65], [74, 68, 72, 64], [80, 61, 70, 60], [74, 53, 68, 63], [68, 66, 92, 76], [85, 102, 119, 95], [119, 122, 137, 104], [142, 111, 134, 97], [136, 74, 107, 78], [103, 34, 60, 46], [62, 11, 25, 22], [27, 4, 9, 10], [12, 4, 1, 5], [6, 4, 4, 5], [4, 2, 5, 6], [4, 4, 5, 4], [4, 4, 5, 5], [8, 4, 4, 5], [3, 4, 5, 6], [3, 3, 7, 9], [6, 4, 4, 6], [6, 4, 2, 5], [2, 1, 2, 5], [7, 5, 4, 5], [6, 6, 4, 4], [4, 3, 4, 5], [3, 1, 4, 4], [6, 5, 4, 4], [7, 4, 4, 4], [3, 1, 4, 4], [6, 3, 4, 6], [4, 4, 4, 4], [4, 3, 2, 4], [4, 2, 4, 5], [5, 3, 2, 5], [6, 6, 4, 8], [6, 5, 2, 5], [4, 4, 4, 3], [4, 4, 3, 4]]}}