{"protected": {"ver": "v1", "alg": "HS256", "iat": 1608146411.9578679}, "signature": "d5171c8ddd157cfdc7727c955199a036eb880d28ad26aefdc0bcb7521d97b8b4", "payload": {"device_name": "2A:68:65:37:E0:6A:9D:38", "device_type": "MANUAL-CAPTURE", "interval_ms": 3.389830508474576, "sensors": [{"name": "u", "units": "N/A"}, {"name": "d", "units": "N/A"}, {"name": "l", "units": "N/A"}, {"name": "r", "units": "N/A"}], "values": [[5, 16, 17, 19], [10, 39, 39, 41], [26, 72, 66, 66], [60, 107, 98, 99], [101, 128, 126, 120], [135, 134, 131, 124], [149, 115, 124, 116], [143, 82, 103, 97], [117, 54, 74, 75], [80, 41, 55, 60], [57, 50, 48, 56], [46, 60, 56, 62], [56, 76, 67, 67], [71, 83, 81, 75], [84, 85, 86, 81], [95, 83, 89, 84], [95, 77, 88, 82], [94, 76, 92, 83], [95, 88, 111, 96], [106, 110, 133, 105], [128, 133, 158, 117], [159, 141, 173, 121], [179, 121, 162, 107], [170, 76, 129, 80], [129, 36, 78, 50], [72, 8, 34, 26], [30, 4, 11, 10], [11, 6, 5, 7], [5, 2, 5, 4], [7, 5, 2, 3], [7, 4, 2, 3], [4, 4, 4, 6], [3, 0, 4, 5], [3, 3, 3, 3], [4, 3, 1, 4], [4, 4, 2, 4], [5, 5, 6, 6], [4, 4, 2, 1], [4, 3, 4, 6], [5, 4, 4, 5], [6, 4, 6, 6], [5, 2, 4, 5], [6, 2, 3, 5], [4, 3, 3, 6], [7, 4, 1, 4], [5, 5, 3, 6], [4, 2, 4, 4], [4, 4, 3, 4]]}}