{"protected": {"ver": "v1", "alg": "HS256", "iat": 1608146411.9358702}, "signature": "873a26fc57fd5bf2a44f77f11f47f6e8e2e7d7217b93c20152d4ad1023004ba0", "payload": {"device_name": "2A:68:65:37:E0:6A:9D:38", "device_type": "MANUAL-CAPTURE", "interval_ms": 3.389830508474576, "sensors": [{"name": "u", "units": "N/A"}, {"name": "d", "units": "N/A"}, {"name": "l", "units": "N/A"}, {"name": "r", "units": "N/A"}], "values": [[5, 13, 20, 24], [25, 97, 185, 164], [255, 255, 255, 255], [255, 255, 255, 255], [255, 255, 255, 255], [255, 193, 255, 230], [203, 67, 84, 96], [67, 102, 103, 111], [112, 160, 166, 153], [185, 187, 198, 170], [218, 152, 180, 143], [189, 87, 126, 104], [120, 68, 98, 91], [98, 116, 148, 126], [159, 191, 224, 176], [242, 205, 244, 178], [250, 125, 177, 124], [167, 41, 85, 59], [69, 11, 24, 18], [18, 4, 5, 7], [8, 4, 4, 4], [6, 4, 4, 6], [6, 4, 4, 5], [6, 7, 4, 4], [7, 3, 2, 3], [4, 2, 1, 4], [4, 3, 2, 4], [5, 0, 3, 4], [5, 3, 4, 5], [3, 2, 4, 5], [5, 3, 3, 4], [5, 4, 4, 6], [4, 4, 4, 4], [4, 3, 3, 5], [5, 1, 4, 3], [6, 4, 4, 5], [3, 2, 3, 4], [6, 3, 3, 5], [3, 2, 5, 6], [6, 4, 3, 4], [4, 4, 3, 5], [3, 3, 4, 5], [5, 3, 3, 4], [4, 4, 3, 4], [5, 5, 3, 4], [6, 4, 4, 4], [4, 2, 2, 5], [5, 4, 4, 4]]}}