{"protected": {"ver": "v1", "alg": "HS256", "iat": 1608146411.940871}, "signature": "a7d6f0fc12f43a9bf2dbb493cb5c35315333b16d24f14cf6c848f0559debfa99", "payload": {"device_name": "2A:68:65:37:E0:6A:9D:38", "device_type": "MANUAL-CAPTURE", "interval_ms": 3.389830508474576, "sensors": [{"name": "u", "units": "N/A"}, {"name": "d", "units": "N/A"}, {"name": "l", "units": "N/A"}, {"name": "r", "units": "N/A"}], "values": [[13, 48, 65, 73], [73, 163, 192, 185], [231, 255, 255, 255], [255, 255, 255, 255], [255, 195, 237, 205], [236, 94, 125, 120], [115, 64, 73, 83], [69, 91, 94, 97], [95, 123, 126, 112], [132, 134, 138, 118], [147, 113, 126, 108], [131, 83, 105, 94], [106, 78, 103, 94], [100, 102, 122, 98], [121, 121, 136, 100], [138, 103, 124, 84], [128, 59, 91, 59], [83, 19, 40, 29], [36, 4, 18, 16], [14, 3, 9, 10], [7, 4, 6, 7], [3, 1, 4, 5], [4, 2, 5, 6], [4, 3, 4, 5], [5, 4, 7, 6], [7, 4, 4, 6], [4, 4, 6, 5], [7, 4, 5, 4], [6, 4, 1, 5], [5, 3, 3, 6], [5, 3, 1, 4], [4, 3, 3, 3], [4, 1, 1, 5], [2, 0, 4, 5], [3, 2, 6, 7], [6, 5, 5, 5], [6, 4, 3, 4], [4, 4, 4, 4], [5, 3, 2, 6], [3, 4, 4, 4], [5, 2, 1, 3], [5, 5, 4, 3], [7, 4, 3, 4], [4, 3, 3, 4], [4, 2, 3, 3], [5, 2, 4, 6], [4, 4, 4, 4], [5, 3, 4, 4]]}}