{"protected": {"ver": "v1", "alg": "HS256", "iat": 1608146411.92287}, "signature": "bd7b2b81f621e119ecd1d26fb0a8322fe4c3059df401b8179bbe18acecbfddc9", "payload": {"device_name": "2A:68:65:37:E0:6A:9D:38", "device_type": "MANUAL-CAPTURE", "interval_ms": 3.389830508474576, "sensors": [{"name": "u", "units": "N/A"}, {"name": "d", "units": "N/A"}, {"name": "l", "units": "N/A"}, {"name": "r", "units": "N/A"}], "values": [[11, 40, 51, 51], [50, 104, 111, 116], [129, 162, 156, 164], [192, 156, 151, 164], [182, 91, 99, 108], [112, 42, 53, 65], [51, 48, 50, 59], [50, 81, 80, 77], [85, 100, 101, 92], [113, 95, 101, 90], [117, 69, 86, 77], [89, 52, 75, 71], [69, 74, 94, 87], [98, 116, 125, 113], [142, 125, 133, 116], [150, 89, 111, 92], [119, 38, 66, 54], [65, 10, 25, 26], [25, 6, 7, 8], [8, 4, 3, 4], [6, 4, 2, 4], [5, 3, 2, 5], [4, 3, 3, 5], [6, 4, 4, 6], [4, 3, 4, 7], [5, 4, 4, 4], [4, 3, 1, 2], [4, 3, 4, 4], [7, 3, 4, 4], [6, 4, 3, 5], [4, 4, 2, 2], [4, 4, 4, 4], [8, 4, 3, 4], [3, 3, 3, 5], [5, 4, 4, 5], [4, 3, 3, 4], [4, 4, 5, 4], [4, 3, 4, 4], [6, 5, 4, 5], [5, 3, 2, 4], [7, 5, 3, 3], [5, 3, 2, 4], [5, 4, 4, 4], [4, 4, 3, 4], [4, 4, 2, 4], [5, 2, 4, 4], [6, 5, 4, 4], [6, 5, 2, 6]]}}