{"protected": {"ver": "v1", "alg": "HS256", "iat": 1608146411.9608688}, "signature": "10b9b98f69f17ac5829220f1f4d6306eac9821b38a69812f5e5237afe4bf4387", "payload": {"device_name": "2A:68:65:37:E0:6A:9D:38", "device_type": "MANUAL-CAPTURE", "interval_ms": 3.389830508474576, "sensors": [{"name": "u", "units": "N/A"}, {"name": "d", "units": "N/A"}, {"name": "l", "units": "N/A"}, {"name": "r", "units": "N/A"}], "values": [[11, 43, 51, 52], [50, 101, 109, 106], [122, 151, 154, 149], [185, 151, 159, 155], [183, 94, 114, 116], [122, 50, 65, 73], [59, 49, 51, 59], [52, 70, 67, 69], [76, 83, 83, 79], [94, 79, 85, 79], [95, 57, 73, 70], [73, 46, 67, 67], [66, 80, 100, 88], [107, 130, 150, 121], [161, 141, 163, 122], [173, 95, 129, 93], [126, 33, 62, 45], [54, 9, 18, 14], [15, 4, 4, 5], [4, 4, 3, 2], [5, 2, 3, 4], [6, 5, 2, 3], [5, 5, 4, 4], [4, 3, 2, 4], [5, 1, 2, 4], [4, 3, 4, 5], [6, 5, 4, 4], [6, 4, 4, 6], [6, 4, 3, 2], [5, 5, 4, 5], [4, 4, 4, 4], [2, 3, 4, 5], [4, 3, 4, 4], [3, 2, 3, 4], [5, 4, 5, 4], [6, 3, 4, 4], [4, 1, 4, 7], [6, 4, 3, 5], [5, 2, 1, 3], [4, 2, 4, 5], [5, 4, 1, 3], [5, 3, 3, 5], [6, 4, 4, 5], [5, 2, 3, 7], [7, 4, 5, 4], [4, 4, 4, 5], [5, 3, 4, 3], [7, 4, 4, 6]]}}