{"protected": {"ver": "v1", "alg": "HS256", "iat": 1608146411.9338756}, "signature": "226caf12464e0922cc6c20e734fa67fdaa57ccd8dd4746205eca116267179a38", "payload": {"device_name": "2A:68:65:37:E0:6A:9D:38", "device_type": "MANUAL-CAPTURE", "interval_ms": 3.389830508474576, "sensors": [{"name": "u", "units": "N/A"}, {"name": "d", "units": "N/A"}, {"name": "l", "units": "N/A"}, {"name": "r", "units": "N/A"}], "values": [[8, 32, 61, 60], [85, 171, 218, 217], [255, 255, 255, 255], [255, 225, 227, 233], [227, 65, 79, 88], [67, 20, 27, 39], [25, 64, 81, 83], [95, 152, 175, 153], [199, 191, 208, 169], [219, 125, 151, 124], [140, 73, 111, 102], [110, 122, 148, 139], [171, 166, 177, 158], [196, 114, 132, 114], [131, 36, 57, 52], [50, 5, 14, 18], [16, 4, 5, 5], [4, 4, 3, 2], [5, 4, 1, 3], [5, 2, 6, 7], [4, 0, 5, 6], [4, 2, 5, 4], [3, 1, 4, 5], [3, 1, 3, 3], [5, 3, 2, 4], [3, 2, 2, 4], [5, 4, 3, 4], [6, 4, 3, 4], [4, 3, 5, 7], [6, 5, 4, 4], [10, 5, 2, 4], [4, 3, 3, 4], [6, 4, 2, 5], [5, 4, 3, 4], [7, 4, 0, 2], [5, 3, 3, 5], [4, 3, 4, 2], [2, 2, 3, 2], [4, 3, 4, 4], [6, 7, 4, 5], [5, 4, 4, 5], [2, 2, 5, 7], [4, 3, 1, 2], [2, 2, 4, 6], [6, 5, 4, 5], [2, 2, 4, 5], [4, 4, 4, 4], [5, 4, 4, 2]]}}