{"protected": {"ver": "v1", "alg": "HS256", "iat": 1608146411.9758685}, "signature": "57595d00b62b27350cf395409ad368d6b8da8acc2cab46ef166ba53fba247796", "payload": {"device_name": "2A:68:65:37:E0:6A:9D:38", "device_type": "MANUAL-CAPTURE", "interval_ms": 3.389830508474576, "sensors": [{"name": "u", "units": "N/A"}, {"name": "d", "units": "N/A"}, {"name": "l", "units": "N/A"}, {"name": "r", "units": "N/A"}], "values": [[9, 27, 41, 44], [46, 122, 158, 147], [191, 255, 255, 255], [255, 255, 255, 255], [255, 170, 198, 185], [184, 90, 112, 115], [104, 108, 115, 108], [121, 134, 139, 121], [150, 122, 132, 111], [143, 76, 97, 87], [95, 52, 68, 71], [64, 69, 89, 79], [90, 110, 128, 98], [136, 124, 142, 101], [150, 87, 118, 81], [109, 31, 57, 39], [50, 8, 20, 16], [16, 4, 4, 6], [7, 4, 5, 6], [6, 3, 2, 4], [5, 3, 2, 6], [6, 2, 4, 4], [5, 3, 4, 6], [5, 4, 3, 4], [4, 2, 4, 5], [7, 4, 3, 5], [4, 2, 2, 2], [5, 4, 3, 4], [6, 4, 3, 4], [5, 3, 4, 6], [6, 4, 3, 4], [5, 5, 4, 6], [3, 4, 5, 4], [3, 3, 4, 6], [4, 4, 4, 7], [5, 4, 2, 4], [5, 5, 4, 4], [3, 2, 3, 4], [5, 3, 3, 6], [5, 3, 3, 4], [4, 1, 4, 4], [3, 2, 4, 4], [5, 2, 1, 3], [5, 4, 4, 5], [5, 3, 3, 4], [6, 4, 4, 5], [5, 3, 3, 4], [4, 4, 4, 4]]}}