{"protected": {"ver": "v1", "alg": "HS256", "iat": 1608146411.9178693}, "signature": "bd75f070f3b99db703377d53dfd3009d9e282f746a38455cba9b28d837ef1efe", "payload": {"device_name": "2A:68:65:37:E0:6A:9D:38", "device_type": "MANUAL-CAPTURE", "interval_ms": 3.389830508474576, "sensors": [{"name": "u", "units": "N/A"}, {"name": "d", "units": "N/A"}, {"name": "l", "units": "N/A"}, {"name": "r", "units": "N/A"}], "values": [[9, 32, 32, 37], [31, 75, 86, 78], [88, 121, 124, 109], [135, 123, 129, 109], [138, 79, 92, 81], [90, 40, 50, 55], [45, 48, 54, 58], [54, 85, 92, 80], [96, 106, 116, 90], [122, 95, 115, 90], [114, 93, 136, 108], [144, 163, 230, 164], [250, 218, 255, 171], [247, 108, 145, 94], [108, 17, 28, 22], [18, 5, 6, 6], [5, 2, 2, 5], [6, 6, 6, 5], [4, 4, 4, 5], [4, 3, 4, 5], [7, 5, 4, 3], [2, 1, 4, 5], [6, 4, 6, 5], [3, 3, 0, 4], [4, 3, 4, 7], [5, 4, 2, 5], [4, 3, 5, 4], [4, 2, 5, 7], [5, 1, 4, 6], [4, 4, 2, 4], [6, 4, 4, 6], [5, 5, 4, 4], [5, 4, 4, 5], [7, 5, 4, 5], [4, 5, 4, 5], [4, 4, 4, 5], [7, 4, 3, 5], [8, 6, 6, 7], [4, 4, 7, 5], [4, 2, 2, 3], [5, 2, 2, 4], [4, 2, 3, 4], [6, 4, 1, 2], [5, 4, 3, 5], [5, 3, 5, 6], [4, 4, 3, 3], [5, 4, 1, 3], [4, 4, 4, 5]]}}