{"protected": {"ver": "v1", "alg": "HS256", "iat": 1608146411.9378688}, "signature": "2ea995b45a4bba34e9296cfc6a10b85424bfbfe598d22c69f729c16822f7345c", "payload": {"device_name": "2A:68:65:37:E0:6A:9D:38", "device_type": "MANUAL-CAPTURE", "interval_ms": 3.389830508474576, "sensors": [{"name": "u", "units": "N/A"}, {"name": "d", "units": "N/A"}, {"name": "l", "units": "N/A"}, {"name": "r", "units": "N/A"}], "values": [[5, 15, 21, 23], [13, 53, 59, 54], [46, 99, 105, 93], [102, 136, 133, 122], [143, 134, 133, 123], [148, 97, 106, 103], [115, 56, 70, 77], [73, 40, 48, 58], [48, 48, 51, 54], [50, 59, 54, 53], [57, 61, 58, 53], [61, 52, 54, 53], [58, 45, 49, 51], [53, 43, 53, 53], [53, 55, 65, 56], [64, 67, 76, 58], [74, 70, 74, 55], [75, 52, 65, 46], [66, 31, 44, 32], [46, 14, 25, 18], [25, 3, 12, 10], [11, 4, 6, 7], [3, 2, 2, 5], [5, 2, 2, 5], [5, 3, 4, 4], [5, 4, 4, 4], [4, 3, 4, 4], [8, 4, 3, 3], [6, 6, 2, 4], [4, 4, 4, 4], [5, 1, 4, 6], [5, 4, 2, 6], [6, 4, 4, 6], [7, 4, 2, 5], [6, 4, 4, 6], [5, 4, 4, 4], [4, 0, 4, 7], [4, 3, 4, 5], [5, 2, 4, 6], [5, 5, 2, 4], [5, 4, 1, 3], [7, 4, 4, 4], [5, 2, 4, 3], [5, 4, 5, 4], [5, 4, 3, 6], [6, 3, 7, 9], [7, 5, 3, 5], [6, 4, 4, 4]]}}