{"protected": {"ver": "v1", "alg": "HS256", "iat": 1608146411.9328806}, "signature": "2f1640f3f851e41dfe6c02731fda6daa1e75a81fbae4e12b4dac48750a5c30c0", "payload": {"device_name": "2A:68:65:37:E0:6A:9D:38", "device_type": "MANUAL-CAPTURE", "interval_ms": 3.389830508474576, "sensors": [{"name": "u", "units": "N/A"}, {"name": "d", "units": "N/A"}, {"name": "l", "units": "N/A"}, {"name": "r", "units": "N/A"}], "values": [[9, 32, 45, 39], [36, 80, 85, 80], [87, 115, 112, 110], [127, 112, 108, 111], [123, 74, 77, 87], [88, 46, 52, 62], [54, 51, 56, 58], [52, 70, 66, 62], [71, 74, 72, 67], [80, 66, 69, 61], [73, 53, 67, 62], [66, 59, 76, 68], [73, 75, 87, 75], [90, 80, 85, 70], [95, 60, 71, 59], [74, 28, 41, 36], [43, 8, 16, 18], [17, 2, 4, 9], [8, 4, 4, 5], [6, 3, 2, 6], [7, 4, 3, 3], [7, 5, 3, 4], [4, 2, 3, 4], [4, 3, 4, 6], [4, 4, 4, 6], [5, 5, 5, 5], [4, 3, 4, 4], [6, 3, 3, 4], [5, 4, 3, 4], [7, 6, 0, 4], [4, 4, 4, 5], [4, 4, 2, 4], [5, 4, 5, 5], [4, 2, 4, 4], [5, 3, 3, 4], [3, 2, 2, 3], [4, 3, 3, 4], [7, 4, 4, 4], [5, 3, 4, 5], [4, 1, 3, 4], [4, 3, 2, 4], [4, 3, 0, 2], [3, 4, 5, 4], [4, 3, 4, 4], [5, 1, 3, 4], [6, 5, 2, 2], [4, 3, 3, 3], [4, 1, 4, 4]]}}