{"protected": {"ver": "v1", "alg": "HS256", "iat": 1608146411.9138675}, "signature": "3c67c54b4d0268c53bb8c12d6d9045f05110cec90ec20ff35f2edeb91b04e547", "payload": {"device_name": "2A:68:65:37:E0:6A:9D:38", "device_type": "MANUAL-CAPTURE", "interval_ms": 3.389830508474576, "sensors": [{"name": "u", "units": "N/A"}, {"name": "d", "units": "N/A"}, {"name": "l", "units": "N/A"}, {"name": "r", "units": "N/A"}], "values": [[5, 18, 27, 27], [19, 60, 71, 68], [69, 118, 121, 120], [138, 150, 142, 147], [172, 123, 125, 129], [142, 62, 73, 81], [81, 28, 34, 46], [32, 38, 43, 53], [41, 79, 84, 80], [91, 122, 129, 113], [138, 124, 130, 109], [144, 83, 103, 84], [101, 40, 69, 64], [70, 83, 136, 117], [162, 228, 255, 229], [255, 255, 255, 251], [255, 156, 205, 155], [173, 36, 64, 53], [48, 5, 11, 12], [10, 3, 6, 5], [5, 4, 1, 4], [4, 2, 4, 5], [5, 1, 1, 4], [5, 3, 4, 5], [3, 2, 4, 5], [5, 4, 4, 7], [4, 3, 4, 6], [6, 5, 3, 4], [4, 3, 4, 5], [5, 4, 4, 6], [5, 4, 6, 6], [6, 3, 3, 4], [7, 7, 3, 5], [5, 4, 3, 3], [4, 3, 3, 4], [5, 4, 4, 4], [5, 3, 4, 4], [5, 4, 4, 8], [6, 4, 4, 6], [3, 2, 4, 4], [5, 4, 4, 4], [4, 4, 1, 4], [4, 4, 2, 4], [5, 3, 1, 4], [6, 4, 4, 4], [7, 4, 4, 7], [6, 3, 4, 5], [6, 6, 4, 4]]}}