{"protected": {"ver": "v1", "alg": "HS256", "iat": 1608146411.95987}, "signature": "76fc0a240073945b654150a72aff8676d2ec5dfcc27d8930f9697d1e40a7a841", "payload": {"device_name": "2A:68:65:37:E0:6A:9D:38", "device_type": "MANUAL-CAPTURE", "interval_ms": 3.389830508474576, "sensors": [{"name": "u", "units": "N/A"}, {"name": "d", "units": "N/A"}, {"name": "l", "units": "N/A"}, {"name": "r", "units": "N/A"}], "values": [[8, 39, 42, 48], [35, 95, 98, 97], [97, 155, 162, 151], [173, 196, 202, 183], [227, 177, 198, 172], [219, 122, 151, 134], [157, 71, 96, 94], [92, 61, 70, 76], [65, 83, 88, 85], [85, 111, 114, 101], [117, 124, 130, 109], [139, 111, 127, 101], [131, 78, 104, 81], [106, 62, 87, 76], [84, 84, 106, 91], [105, 133, 163, 122], [164, 175, 208, 143], [209, 157, 204, 128], [196, 89, 142, 87], [129, 31, 67, 44], [53, 7, 21, 17], [18, 4, 4, 6], [6, 4, 5, 6], [3, 1, 4, 5], [4, 3, 3, 4], [4, 1, 4, 4], [5, 2, 4, 4], [6, 4, 4, 4], [4, 3, 4, 4], [4, 3, 1, 3], [4, 3, 3, 4], [5, 4, 3, 4], [6, 4, 4, 4], [4, 4, 3, 6], [5, 3, 4, 4], [4, 5, 0, 4], [5, 3, 4, 4], [5, 2, 1, 3], [5, 4, 4, 4], [4, 4, 4, 5], [4, 3, 4, 5], [5, 4, 3, 5], [7, 6, 1, 3], [5, 4, 3, 5], [4, 4, 3, 2], [4, 4, 4, 7], [6, 4, 4, 4], [4, 3, 4, 4]]}}