{"protected": {"ver": "v1", "alg": "HS256", "iat": 1608146411.9198697}, "signature": "e1785a73051e392d708bee967cf7a9887f59232b4899de6bcdfd56d84a57c785", "payload": {"device_name": "2A:68:65:37:E0:6A:9D:38", "device_type": "MANUAL-CAPTURE", "interval_ms": 3.389830508474576, "sensors": [{"name": "u", "units": "N/A"}, {"name": "d", "units": "N/A"}, {"name": "l", "units": "N/A"}, {"name": "r", "units": "N/A"}], "values": [[7, 15, 15, 18], [12, 35, 31, 37], [29, 53, 49, 52], [52, 63, 58, 63], [67, 60, 53, 60], [67, 46, 48, 53], [55, 32, 39, 46], [40, 36, 38, 44], [35, 44, 41, 43], [43, 48, 45, 43], [51, 51, 50, 49], [53, 55, 61, 55], [61, 62, 75, 62], [71, 63, 76, 60], [79, 64, 67, 50], [69, 41, 55, 39], [56, 21, 34, 27], [31, 7, 13, 11], [14, 4, 6, 6], [8, 4, 2, 5], [5, 4, 4, 5], [5, 3, 1, 4], [4, 0, 1, 3], [5, 7, 4, 6], [3, 3, 3, 5], [4, 1, 4, 5], [4, 2, 4, 5], [6, 4, 5, 7], [8, 6, 2, 4], [4, 2, 2, 4], [5, 2, 5, 4], [6, 5, 1, 4], [4, 4, 4, 6], [6, 4, 4, 4], [4, 3, 5, 4], [4, 3, 5, 5], [4, 3, 3, 4], [8, 6, 3, 5], [4, 4, 2, 4], [6, 4, 3, 5], [5, 5, 2, 4], [4, 3, 3, 4], [4, 2, 4, 5], [6, 6, 3, 4], [4, 2, 3, 4], [4, 4, 6, 5], [4, 3, 3, 4], [6, 4, 4, 4]]}}