{"protected": {"ver": "v1", "alg": "HS256", "iat": 1608146412.0238676}, "signature": "5de36cc8a72429e43586b95137c86dfbfe36dc8cae90580675b301a478d4e45b", "payload": {"device_name": "2A:68:65:37:E0:6A:9D:38", "device_type": "MANUAL-CAPTURE", "interval_ms": 3.389830508474576, "sensors": [{"name": "u", "units": "N/A"}, {"name": "d", "units": "N/A"}, {"name": "l", "units": "N/A"}, {"name": "r", "units": "N/A"}], "values": [[5, 22, 28, 24], [18, 61, 71, 57], [58, 115, 123, 104], [120, 161, 160, 139], [169, 158, 163, 151], [172, 126, 141, 134], [145, 99, 112, 114], [114, 94, 107, 101], [107, 108, 108, 100], [112, 114, 115, 106], [121, 112, 122, 110], [122, 101, 112, 106], [117, 88, 96, 95], [107, 81, 81, 84], [92, 74, 79, 80], [85, 72, 85, 80], [86, 77, 94, 81], [96, 85, 95, 74], [101, 77, 92, 66], [91, 56, 75, 53], [75, 29, 46, 34], [50, 11, 23, 20], [25, 4, 10, 11], [10, 1, 7, 8], [10, 5, 3, 4], [3, 0, 4, 5], [5, 2, 3, 4], [4, 2, 3, 6], [4, 3, 3, 6], [6, 3, 4, 4], [4, 4, 4, 5], [5, 3, 4, 4], [6, 4, 3, 4], [5, 1, 5, 6], [3, 2, 4, 5], [4, 3, 3, 5], [5, 4, 5, 5], [4, 3, 3, 4], [4, 4, 4, 6], [5, 3, 2, 4], [5, 4, 4, 4], [5, 3, 4, 4], [4, 4, 4, 4], [4, 4, 1, 6], [4, 2, 4, 5], [4, 4, 3, 4], [4, 4, 4, 4], [6, 5, 2, 5]]}}