{"protected": {"ver": "v1", "alg": "HS256", "iat": 1608146411.9988701}, "signature": "34d394010fa736d8a4d656bb49b2817d55ac6a7d78136b2d7ab44d6dc94d4814", "payload": {"device_name": "2A:68:65:37:E0:6A:9D:38", "device_type": "MANUAL-CAPTURE", "interval_ms": 3.389830508474576, "sensors": [{"name": "u", "units": "N/A"}, {"name": "d", "units": "N/A"}, {"name": "l", "units": "N/A"}, {"name": "r", "units": "N/A"}], "values": [[8, 21, 18, 20], [8, 28, 27, 27], [19, 43, 39, 38], [30, 53, 48, 46], [44, 60, 57, 53], [59, 65, 63, 60], [66, 64, 64, 62], [73, 61, 65, 63], [73, 55, 59, 60], [70, 50, 56, 60], [60, 49, 57, 60], [54, 51, 49, 54], [55, 58, 58, 57], [60, 64, 61, 60], [65, 68, 68, 66], [72, 71, 72, 70], [77, 71, 78, 78], [85, 69, 73, 74], [82, 65, 72, 73], [84, 65, 66, 70], [81, 64, 66, 69], [78, 59, 66, 68], [74, 59, 68, 70], [75, 68, 87, 82], [88, 100, 122, 100], [119, 129, 153, 118], [158, 144, 171, 122], [180, 117, 159, 107], [162, 65, 112, 74], [104, 22, 49, 34], [41, 6, 13, 13], [13, 4, 3, 5], [4, 3, 4, 5], [6, 4, 4, 6], [5, 4, 4, 4], [6, 7, 3, 3], [6, 4, 4, 6], [5, 4, 2, 5], [5, 3, 4, 4], [6, 4, 4, 6], [6, 5, 4, 4], [7, 5, 2, 4], [5, 4, 6, 6], [4, 4, 3, 4], [5, 4, 4, 5], [4, 3, 5, 8], [5, 3, 3, 4], [3, 0, 2, 4]]}}