{"protected": {"ver": "v1", "alg": "HS256", "iat": 1608146412.03887}, "signature": "ba762384547e9e0ae0b671cd2ba42565777f808ea93e00c31afe684d214e6e56", "payload": {"device_name": "2A:68:65:37:E0:6A:9D:38", "device_type": "MANUAL-CAPTURE", "interval_ms": 3.389830508474576, "sensors": [{"name": "u", "units": "N/A"}, {"name": "d", "units": "N/A"}, {"name": "l", "units": "N/A"}, {"name": "r", "units": "N/A"}], "values": [[4, 21, 21, 21], [12, 46, 51, 43], [32, 80, 86, 70], [68, 114, 118, 99], [109, 135, 136, 115], [137, 131, 138, 121], [147, 107, 122, 112], [134, 83, 102, 99], [105, 69, 87, 88], [85, 71, 82, 80], [79, 86, 90, 81], [87, 96, 95, 84], [99, 100, 108, 92], [106, 102, 113, 97], [109, 96, 113, 102], [111, 88, 104, 94], [106, 82, 91, 85], [101, 77, 80, 79], [94, 70, 80, 76], [86, 68, 83, 79], [86, 80, 106, 87], [100, 108, 139, 104], [132, 134, 164, 115], [163, 135, 165, 108], [166, 96, 137, 88], [130, 42, 80, 55], [71, 13, 32, 29], [30, 4, 10, 11], [11, 4, 4, 6], [7, 3, 4, 3], [5, 6, 3, 4], [4, 2, 2, 4], [5, 4, 3, 3], [4, 2, 1, 3], [5, 4, 4, 4], [6, 5, 5, 5], [5, 3, 3, 4], [6, 4, 4, 6], [4, 3, 4, 4], [4, 4, 6, 5], [4, 3, 4, 4], [7, 6, 4, 6], [7, 4, 4, 5], [4, 1, 6, 4], [4, 2, 4, 4], [5, 4, 2, 4], [1, 2, 4, 4], [6, 4, 4, 5]]}}