{"protected": {"ver": "v1", "alg": "HS256", "iat": 1608146412.0348675}, "signature": "22a1770ee571e5d0fefcbaa9256cbdceac3a3b9f71550d54aa0814f24db4b722", "payload": {"device_name": "2A:68:65:37:E0:6A:9D:38", "device_type": "MANUAL-CAPTURE", "interval_ms": 3.389830508474576, "sensors": [{"name": "u", "units": "N/A"}, {"name": "d", "units": "N/A"}, {"name": "l", "units": "N/A"}, {"name": "r", "units": "N/A"}], "values": [[10, 32, 32, 29], [23, 59, 60, 51], [48, 80, 81, 74], [78, 95, 94, 83], [97, 90, 92, 84], [96, 77, 87, 82], [85, 65, 77, 79], [73, 65, 66, 68], [72, 71, 68, 71], [72, 75, 76, 75], [79, 79, 79, 78], [88, 70, 73, 75], [85, 61, 65, 68], [74, 59, 56, 63], [67, 62, 60, 60], [66, 59, 67, 61], [71, 59, 65, 58], [70, 52, 60, 51], [66, 43, 52, 41], [57, 25, 41, 32], [44, 13, 24, 19], [23, 4, 8, 9], [13, 3, 6, 9], [5, 4, 3, 5], [6, 4, 4, 6], [3, 3, 4, 5], [7, 4, 3, 5], [6, 4, 2, 4], [5, 3, 4, 4], [6, 4, 4, 4], [6, 4, 3, 5], [3, 4, 2, 3], [4, 4, 2, 5], [5, 5, 4, 7], [4, 4, 4, 6], [4, 4, 4, 7], [6, 4, 4, 5], [6, 5, 3, 4], [6, 4, 4, 6], [6, 4, 4, 4], [5, 3, 2, 7], [9, 7, 2, 4], [6, 6, 4, 5], [7, 5, 4, 4], [4, 4, 3, 4], [7, 4, 4, 3], [4, 3, 5, 8], [6, 4, 5, 7]]}}