{"protected": {"ver": "v1", "alg": "HS256", "iat": 1608146412.017867}, "signature": "cf9065822743ee918ba8cce7f9a344dfb7115f6c56c498f7a7a16a5e9606c163", "payload": {"device_name": "2A:68:65:37:E0:6A:9D:38", "device_type": "MANUAL-CAPTURE", "interval_ms": 3.389830508474576, "sensors": [{"name": "u", "units": "N/A"}, {"name": "d", "units": "N/A"}, {"name": "l", "units": "N/A"}, {"name": "r", "units": "N/A"}], "values": [[5, 14, 17, 18], [9, 30, 27, 30], [25, 48, 45, 46], [45, 56, 51, 54], [57, 56, 53, 55], [61, 52, 51, 54], [54, 47, 54, 52], [54, 55, 59, 55], [57, 63, 66, 59], [68, 70, 73, 63], [74, 74, 77, 67], [75, 62, 73, 67], [78, 58, 63, 61], [69, 48, 53, 51], [61, 49, 53, 56], [59, 58, 65, 73], [73, 71, 72, 81], [88, 74, 68, 76], [86, 57, 56, 60], [68, 25, 34, 36], [39, 7, 12, 15], [15, 4, 6, 10], [6, 4, 6, 6], [6, 4, 2, 4], [6, 1, 4, 4], [7, 7, 2, 4], [5, 2, 4, 4], [6, 3, 5, 7], [4, 2, 4, 6], [4, 3, 4, 6], [5, 5, 5, 4], [5, 5, 0, 2], [3, 1, 4, 5], [4, 3, 3, 4], [5, 4, 3, 6], [8, 4, 2, 3], [5, 4, 4, 7], [4, 3, 4, 5], [4, 3, 3, 4], [4, 3, 4, 6], [5, 4, 5, 4], [6, 5, 3, 4], [6, 3, 4, 5], [6, 3, 5, 8], [8, 4, 2, 5], [4, 3, 3, 5], [6, 4, 4, 7], [6, 4, 4, 4]]}}