{"protected": {"ver": "v1", "alg": "HS256", "iat": 1608146412.0108695}, "signature": "0c96ae039ed0c5a7db31b4445220aadc74ce8b408ecd4a3cfdf8628f1610c1e0", "payload": {"device_name": "2A:68:65:37:E0:6A:9D:38", "device_type": "MANUAL-CAPTURE", "interval_ms": 3.389830508474576, "sensors": [{"name": "u", "units": "N/A"}, {"name": "d", "units": "N/A"}, {"name": "l", "units": "N/A"}, {"name": "r", "units": "N/A"}], "values": [[7, 20, 19, 18], [11, 38, 36, 34], [25, 63, 59, 56], [48, 82, 78, 73], [78, 99, 94, 92], [102, 105, 102, 100], [112, 94, 100, 99], [112, 82, 89, 92], [100, 71, 85, 85], [87, 69, 77, 80], [80, 79, 80, 80], [81, 87, 85, 84], [88, 93, 90, 88], [93, 89, 95, 89], [100, 87, 94, 90], [101, 75, 84, 86], [95, 67, 68, 74], [81, 60, 62, 67], [74, 60, 66, 70], [67, 65, 75, 70], [77, 76, 86, 76], [88, 77, 89, 74], [93, 77, 84, 67], [93, 66, 75, 58], [81, 40, 59, 46], [63, 19, 39, 32], [41, 8, 18, 18], [22, 5, 11, 11], [12, 2, 3, 6], [7, 4, 6, 8], [6, 3, 4, 5], [5, 4, 4, 4], [8, 5, 4, 5], [4, 5, 3, 4], [4, 1, 3, 5], [5, 4, 6, 6], [4, 4, 4, 4], [6, 4, 4, 5], [4, 4, 5, 4], [6, 4, 3, 1], [6, 2, 2, 4], [4, 3, 3, 4], [5, 4, 3, 4], [7, 4, 3, 4], [4, 4, 4, 5], [5, 4, 2, 4], [6, 5, 3, 4], [5, 1, 2, 3]]}}