{"protected": {"ver": "v1", "alg": "HS256", "iat": 1608146411.9828825}, "signature": "e9e315a81f85a3fa528acc51aea9417512c74b480e6ecaa51544b7862a055c21", "payload": {"device_name": "2A:68:65:37:E0:6A:9D:38", "device_type": "MANUAL-CAPTURE", "interval_ms": 3.389830508474576, "sensors": [{"name": "u", "units": "N/A"}, {"name": "d", "units": "N/A"}, {"name": "l", "units": "N/A"}, {"name": "r", "units": "N/A"}], "values": [[10, 28, 31, 27], [18, 52, 52, 49], [46, 84, 79, 74], [75, 94, 90, 88], [98, 96, 90, 93], [99, 86, 88, 91], [95, 76, 82, 90], [90, 74, 76, 87], [86, 76, 70, 85], [87, 84, 75, 91], [87, 87, 80, 90], [95, 80, 78, 88], [96, 68, 68, 80], [88, 63, 59, 75], [74, 60, 60, 72], [72, 62, 68, 73], [74, 63, 68, 66], [77, 58, 62, 55], [69, 47, 53, 46], [62, 34, 44, 36], [50, 17, 32, 27], [32, 9, 16, 14], [20, 4, 8, 6], [11, 4, 5, 8], [7, 3, 4, 5], [5, 4, 3, 4], [6, 3, 4, 7], [6, 3, 3, 6], [5, 5, 4, 3], [5, 4, 3, 4], [8, 4, 4, 7], [5, 3, 4, 5], [5, 2, 3, 4], [6, 6, 4, 6], [8, 3, 6, 8], [4, 3, 4, 4], [6, 4, 5, 5], [4, 3, 4, 5], [7, 3, 2, 3], [5, 4, 4, 5], [6, 4, 3, 4], [5, 5, 4, 6], [4, 4, 1, 3], [4, 4, 4, 5], [4, 3, 3, 5], [4, 1, 4, 5], [4, 4, 4, 4], [5, 4, 5, 5]]}}