{"protected": {"ver": "v1", "alg": "HS256", "iat": 1608146412.0258696}, "signature": "93fd0f92c7ae2344343c7bb85e6005521a34c152e7a4276fab5dc474ef780103", "payload": {"device_name": "2A:68:65:37:E0:6A:9D:38", "device_type": "MANUAL-CAPTURE", "interval_ms": 3.389830508474576, "sensors": [{"name": "u", "units": "N/A"}, {"name": "d", "units": "N/A"}, {"name": "l", "units": "N/A"}, {"name": "r", "units": "N/A"}], "values": [[6, 22, 23, 21], [13, 42, 41, 38], [31, 63, 60, 54], [52, 77, 74, 63], [69, 81, 82, 72], [81, 80, 80, 72], [80, 72, 76, 72], [75, 64, 75, 70], [73, 59, 65, 64], [67, 58, 60, 60], [62, 59, 59, 60], [62, 61, 60, 59], [63, 60, 61, 60], [63, 51, 57, 59], [63, 47, 50, 53], [60, 40, 39, 46], [50, 41, 40, 47], [46, 45, 44, 46], [46, 43, 48, 46], [50, 41, 46, 42], [51, 39, 43, 38], [49, 34, 38, 31], [44, 27, 32, 25], [36, 15, 24, 19], [28, 10, 14, 12], [18, 6, 8, 9], [11, 2, 4, 6], [5, 3, 4, 7], [7, 4, 2, 4], [7, 5, 4, 6], [4, 3, 3, 6], [6, 3, 5, 7], [6, 5, 3, 4], [5, 5, 5, 4], [4, 4, 5, 4], [7, 4, 5, 5], [6, 3, 4, 6], [4, 2, 2, 4], [5, 3, 4, 5], [4, 4, 5, 7], [5, 5, 3, 6], [4, 3, 4, 5], [6, 5, 4, 4], [4, 3, 3, 5], [5, 3, 1, 4], [4, 2, 4, 5], [3, 1, 6, 6], [3, 2, 4, 6]]}}