{"protected": {"ver": "v1", "alg": "HS256", "iat": 1608146412.0328734}, "signature": "d9ce1a0e1549d35eb3ad08b8d8c12cf1d10a58eb6f3eca8206e8a869bb3628a3", "payload": {"device_name": "2A:68:65:37:E0:6A:9D:38", "device_type": "MANUAL-CAPTURE", "interval_ms": 3.389830508474576, "sensors": [{"name": "u", "units": "N/A"}, {"name": "d", "units": "N/A"}, {"name": "l", "units": "N/A"}, {"name": "r", "units": "N/A"}], "values": [[6, 27, 32, 31], [20, 67, 72, 63], [59, 115, 119, 101], [109, 153, 154, 133], [162, 160, 164, 145], [177, 130, 143, 131], [155, 94, 112, 109], [117, 77, 93, 93], [90, 83, 90, 86], [88, 95, 98, 88], [100, 103, 111, 95], [109, 105, 116, 99], [112, 99, 112, 100], [113, 87, 101, 93], [105, 78, 87, 83], [95, 74, 75, 73], [87, 67, 71, 70], [80, 61, 73, 70], [75, 67, 82, 74], [81, 76, 88, 75], [90, 82, 96, 74], [98, 79, 90, 66], [94, 63, 80, 56], [82, 35, 59, 39], [58, 14, 31, 25], [33, 6, 13, 15], [18, 5, 8, 7], [9, 4, 5, 7], [3, 2, 4, 7], [4, 3, 4, 5], [6, 4, 3, 4], [4, 4, 6, 6], [4, 3, 2, 2], [4, 4, 2, 5], [4, 3, 3, 6], [5, 6, 4, 4], [6, 5, 3, 4], [5, 4, 3, 6], [8, 4, 4, 5], [6, 4, 4, 7], [4, 3, 4, 5], [5, 4, 4, 6], [5, 3, 4, 6], [4, 2, 2, 6], [4, 3, 3, 6], [4, 3, 5, 6], [5, 2, 3, 6], [4, 4, 4, 4]]}}