{"protected": {"ver": "v1", "alg": "HS256", "iat": 1608146412.0298662}, "signature": "5816d3f749f041e0e1ec806791c8cc0bb13d931d30694a0fb7d9f738a4ab522e", "payload": {"device_name": "2A:68:65:37:E0:6A:9D:38", "device_type": "MANUAL-CAPTURE", "interval_ms": 3.389830508474576, "sensors": [{"name": "u", "units": "N/A"}, {"name": "d", "units": "N/A"}, {"name": "l", "units": "N/A"}, {"name": "r", "units": "N/A"}], "values": [[8, 16, 17, 16], [9, 34, 37, 31], [25, 62, 69, 58], [54, 94, 97, 82], [94, 112, 111, 95], [114, 105, 109, 98], [116, 85, 95, 90], [102, 73, 82, 82], [81, 66, 73, 73], [73, 70, 74, 73], [75, 78, 80, 74], [80, 82, 83, 76], [82, 81, 87, 80], [88, 78, 81, 78], [88, 66, 69, 71], [81, 61, 64, 66], [72, 59, 62, 61], [64, 57, 66, 60], [66, 60, 71, 62], [71, 61, 66, 58], [72, 56, 64, 52], [68, 45, 55, 41], [61, 31, 42, 30], [42, 11, 25, 20], [28, 7, 11, 13], [14, 4, 3, 8], [8, 1, 4, 6], [7, 4, 2, 4], [5, 4, 5, 6], [5, 4, 4, 3], [4, 2, 2, 5], [4, 3, 4, 5], [4, 4, 4, 4], [5, 4, 5, 8], [2, 3, 4, 5], [4, 4, 4, 4], [7, 4, 6, 5], [6, 5, 3, 4], [4, 4, 6, 8], [4, 1, 4, 4], [5, 4, 3, 4], [5, 4, 1, 4], [5, 4, 4, 4], [4, 3, 0, 3], [5, 4, 5, 7], [4, 6, 4, 4], [4, 4, 3, 5], [4, 2, 4, 4]]}}