{"protected": {"ver": "v1", "alg": "HS256", "iat": 1608146412.0368695}, "signature": "aa604eb9ce0122970e44bc06df20be3e673d385e1262711b12a0f757f0bf22f1", "payload": {"device_name": "2A:68:65:37:E0:6A:9D:38", "device_type": "MANUAL-CAPTURE", "interval_ms": 3.389830508474576, "sensors": [{"name": "u", "units": "N/A"}, {"name": "d", "units": "N/A"}, {"name": "l", "units": "N/A"}, {"name": "r", "units": "N/A"}], "values": [[8, 26, 27, 25], [16, 54, 57, 46], [36, 88, 93, 74], [70, 125, 122, 103], [112, 145, 142, 124], [143, 144, 146, 132], [151, 122, 132, 125], [142, 105, 115, 114], [121, 87, 98, 101], [105, 84, 91, 94], [95, 89, 87, 89], [93, 93, 90, 92], [100, 100, 96, 98], [105, 105, 104, 104], [111, 95, 101, 102], [111, 83, 89, 95], [105, 78, 81, 89], [95, 76, 72, 81], [85, 73, 73, 80], [85, 73, 78, 77], [86, 70, 75, 70], [85, 63, 70, 62], [77, 52, 60, 52], [68, 38, 50, 42], [56, 22, 35, 32], [39, 11, 18, 19], [26, 5, 9, 12], [14, 5, 5, 7], [10, 5, 4, 4], [7, 5, 4, 6], [7, 2, 5, 6], [5, 0, 5, 4], [6, 5, 2, 4], [6, 4, 5, 7], [7, 6, 1, 5], [3, 2, 4, 5], [4, 3, 4, 4], [5, 4, 4, 4], [5, 4, 5, 6], [3, 6, 4, 6], [5, 7, 4, 5], [9, 5, 4, 3], [5, 4, 4, 5], [6, 3, 4, 4], [6, 5, 3, 5], [6, 6, 4, 4], [3, 3, 4, 4], [4, 4, 4, 4]]}}