{"protected": {"ver": "v1", "alg": "HS256", "iat": 1608146412.027871}, "signature": "468149044c3657fd60119d6858d849b85f2d5478eb4fedf69386607de3e0651e", "payload": {"device_name": "2A:68:65:37:E0:6A:9D:38", "device_type": "MANUAL-CAPTURE", "interval_ms": 3.389830508474576, "sensors": [{"name": "u", "units": "N/A"}, {"name": "d", "units": "N/A"}, {"name": "l", "units": "N/A"}, {"name": "r", "units": "N/A"}], "values": [[8, 25, 33, 25], [19, 52, 54, 43], [44, 80, 79, 68], [72, 96, 94, 82], [98, 100, 98, 90], [108, 93, 96, 94], [101, 79, 88, 90], [92, 75, 84, 89], [85, 80, 82, 84], [88, 86, 82, 84], [92, 91, 88, 91], [99, 94, 93, 96], [102, 87, 93, 94], [104, 78, 80, 86], [95, 68, 70, 76], [80, 64, 65, 72], [74, 60, 68, 68], [73, 63, 71, 66], [73, 65, 73, 63], [75, 58, 66, 54], [67, 46, 60, 45], [66, 33, 45, 34], [50, 16, 26, 23], [29, 5, 11, 12], [17, 4, 6, 5], [11, 6, 5, 6], [8, 4, 3, 5], [8, 4, 5, 7], [5, 2, 5, 4], [6, 4, 4, 5], [4, 3, 3, 4], [5, 4, 3, 4], [6, 5, 1, 4], [4, 3, 1, 4], [4, 4, 2, 3], [4, 4, 4, 6], [5, 4, 2, 3], [6, 4, 3, 5], [6, 4, 2, 5], [4, 1, 6, 5], [4, 4, 4, 6], [6, 5, 3, 4], [3, 3, 1, 3], [4, 2, 4, 4], [5, 4, 4, 4], [5, 2, 3, 4], [4, 4, 0, 2], [4, 5, 3, 5]]}}