{"protected": {"ver": "v1", "alg": "HS256", "iat": 1608146412.0088675}, "signature": "19ea3c099808fb266a2162d6c6b68a107c48367ad66c160353fdfbc5b8d62cc8", "payload": {"device_name": "2A:68:65:37:E0:6A:9D:38", "device_type": "MANUAL-CAPTURE", "interval_ms": 3.389830508474576, "sensors": [{"name": "u", "units": "N/A"}, {"name": "d", "units": "N/A"}, {"name": "l", "units": "N/A"}, {"name": "r", "units": "N/A"}], "values": [[6, 30, 35, 31], [25, 69, 79, 66], [68, 113, 116, 98], [116, 129, 131, 116], [140, 112, 118, 112], [129, 80, 95, 93], [95, 66, 78, 78], [76, 79, 86, 79], [86, 99, 102, 88], [106, 104, 112, 97], [115, 101, 112, 101], [110, 92, 106, 99], [104, 85, 96, 91], [104, 85, 87, 84], [98, 72, 75, 73], [89, 58, 66, 65], [75, 58, 77, 76], [75, 93, 115, 107], [119, 145, 156, 140], [170, 157, 163, 143], [181, 115, 134, 117], [145, 53, 79, 70], [79, 14, 27, 28], [28, 4, 8, 9], [11, 5, 2, 4], [4, 4, 4, 5], [4, 4, 3, 5], [7, 6, 5, 5], [4, 3, 2, 4], [4, 4, 3, 6], [4, 4, 5, 5], [5, 4, 3, 5], [6, 3, 2, 4], [5, 3, 7, 6], [4, 4, 4, 6], [4, 3, 5, 4], [7, 4, 4, 6], [3, 2, 4, 5], [3, 3, 4, 5], [4, 2, 2, 3], [4, 2, 5, 4], [6, 5, 4, 4], [5, 4, 2, 3], [5, 3, 7, 6], [5, 4, 2, 4], [7, 4, 4, 4], [4, 3, 5, 7], [6, 4, 3, 5]]}}