{"protected": {"ver": "v1", "alg": "HS256", "iat": 1608146412.0098724}, "signature": "35f1558cf26096338e0ba8abda9888003ca960de83420e85ce5fd20b513267cd", "payload": {"device_name": "2A:68:65:37:E0:6A:9D:38", "device_type": "MANUAL-CAPTURE", "interval_ms": 3.389830508474576, "sensors": [{"name": "u", "units": "N/A"}, {"name": "d", "units": "N/A"}, {"name": "l", "units": "N/A"}, {"name": "r", "units": "N/A"}], "values": [[4, 17, 18, 19], [11, 42, 46, 44], [32, 83, 88, 78], [76, 127, 126, 111], [127, 151, 148, 133], [162, 142, 146, 136], [162, 110, 124, 121], [135, 83, 98, 100], [100, 76, 89, 89], [87, 87, 91, 88], [92, 97, 98, 89], [101, 102, 105, 97], [104, 97, 104, 96], [107, 91, 102, 96], [104, 79, 90, 87], [97, 73, 79, 77], [88, 68, 69, 74], [79, 63, 73, 72], [78, 71, 82, 76], [81, 80, 94, 79], [95, 93, 109, 83], [105, 94, 111, 80], [112, 80, 101, 67], [101, 49, 75, 49], [75, 20, 45, 32], [44, 9, 19, 16], [21, 4, 9, 11], [11, 6, 3, 4], [8, 4, 1, 4], [5, 4, 6, 8], [5, 4, 6, 5], [2, 3, 4, 4], [5, 4, 5, 5], [5, 4, 4, 6], [6, 5, 2, 4], [6, 4, 4, 4], [7, 4, 3, 4], [4, 4, 3, 4], [4, 4, 4, 4], [4, 3, 0, 2], [4, 4, 4, 4], [3, 4, 1, 4], [4, 1, 4, 4], [4, 2, 4, 5], [3, 2, 5, 6], [4, 4, 5, 6], [4, 3, 4, 5], [6, 4, 2, 4]]}}