{"protected": {"ver": "v1", "alg": "HS256", "iat": 1608146411.9978664}, "signature": "a19b090facfc75228895090767caff9364a378d06227f11c1ae19b5c0daaa1d2", "payload": {"device_name": "2A:68:65:37:E0:6A:9D:38", "device_type": "MANUAL-CAPTURE", "interval_ms": 3.389830508474576, "sensors": [{"name": "u", "units": "N/A"}, {"name": "d", "units": "N/A"}, {"name": "l", "units": "N/A"}, {"name": "r", "units": "N/A"}], "values": [[7, 22, 21, 18], [11, 38, 39, 33], [28, 64, 65, 57], [53, 85, 83, 72], [82, 97, 94, 87], [102, 95, 95, 89], [103, 81, 88, 85], [93, 66, 75, 77], [79, 62, 67, 68], [68, 66, 67, 65], [70, 70, 71, 67], [75, 77, 78, 74], [82, 80, 84, 78], [85, 73, 87, 82], [88, 68, 73, 72], [83, 62, 67, 67], [77, 58, 61, 60], [66, 53, 60, 60], [65, 61, 75, 68], [74, 81, 102, 83], [97, 102, 122, 88], [123, 105, 127, 87], [129, 82, 109, 69], [108, 41, 69, 46], [64, 11, 30, 25], [29, 4, 10, 11], [13, 7, 4, 6], [7, 4, 4, 7], [5, 4, 4, 6], [6, 3, 3, 4], [6, 4, 3, 7], [4, 3, 4, 7], [5, 5, 4, 8], [7, 5, 4, 6], [5, 1, 3, 5], [6, 6, 4, 6], [4, 3, 4, 4], [5, 4, 6, 7], [5, 4, 3, 4], [4, 3, 4, 4], [8, 6, 4, 4], [5, 2, 3, 5], [4, 3, 2, 5], [5, 3, 4, 4], [5, 4, 4, 5], [7, 3, 3, 5], [8, 6, 4, 5], [6, 5, 4, 3]]}}