{"protected": {"ver": "v1", "alg": "HS256", "iat": 1608146411.9868717}, "signature": "f8ae49b270fe2a5eadbb21d73ef9544138a7676e02c59d4c770510ca78945009", "payload": {"device_name": "2A:68:65:37:E0:6A:9D:38", "device_type": "MANUAL-CAPTURE", "interval_ms": 3.389830508474576, "sensors": [{"name": "u", "units": "N/A"}, {"name": "d", "units": "N/A"}, {"name": "l", "units": "N/A"}, {"name": "r", "units": "N/A"}], "values": [[9, 28, 30, 28], [19, 55, 58, 53], [45, 85, 82, 73], [76, 96, 95, 80], [95, 87, 90, 79], [96, 71, 75, 70], [80, 50, 66, 62], [63, 45, 59, 58], [53, 51, 57, 54], [53, 60, 58, 52], [57, 61, 65, 55], [64, 63, 62, 54], [65, 62, 65, 58], [63, 57, 65, 58], [64, 53, 59, 54], [66, 50, 53, 49], [60, 45, 46, 45], [53, 40, 46, 44], [47, 39, 45, 49], [49, 45, 47, 53], [51, 51, 53, 60], [58, 52, 54, 58], [65, 53, 51, 50], [59, 41, 44, 42], [49, 23, 32, 30], [36, 8, 20, 19], [24, 5, 12, 12], [12, 4, 6, 9], [8, 3, 3, 5], [7, 5, 3, 4], [5, 3, 4, 5], [7, 6, 5, 7], [6, 4, 2, 4], [5, 3, 3, 4], [4, 4, 3, 4], [6, 2, 3, 4], [5, 3, 4, 7], [5, 4, 6, 5], [5, 4, 4, 5], [5, 4, 4, 4], [6, 4, 5, 6], [6, 4, 4, 5], [7, 4, 4, 4], [4, 3, 5, 6], [6, 4, 3, 6], [4, 3, 3, 4], [7, 4, 4, 4], [6, 6, 4, 5]]}}