{"protected": {"ver": "v1", "alg": "HS256", "iat": 1608146412.0448713}, "signature": "c7b1c6244a78b199fd3ce533a83062f2652680755137c19fa449824e3cffff3a", "payload": {"device_name": "2A:68:65:37:E0:6A:9D:38", "device_type": "MANUAL-CAPTURE", "interval_ms": 3.389830508474576, "sensors": [{"name": "u", "units": "N/A"}, {"name": "d", "units": "N/A"}, {"name": "l", "units": "N/A"}, {"name": "r", "units": "N/A"}], "values": [[8, 37, 42, 43], [32, 93, 106, 93], [98, 151, 165, 142], [167, 178, 183, 158], [197, 142, 155, 136], [165, 92, 110, 105], [111, 69, 83, 84], [78, 83, 89, 86], [91, 108, 108, 95], [111, 114, 119, 101], [122, 107, 117, 104], [119, 90, 105, 94], [109, 76, 87, 80], [93, 68, 74, 69], [76, 58, 68, 67], [74, 61, 74, 71], [71, 68, 83, 74], [85, 81, 86, 76], [96, 80, 87, 71], [96, 59, 73, 59], [81, 31, 45, 37], [49, 10, 19, 19], [19, 4, 9, 10], [7, 3, 4, 6], [5, 4, 5, 7], [6, 4, 4, 7], [4, 3, 4, 4], [5, 4, 4, 3], [4, 1, 4, 5], [6, 4, 4, 5], [3, 1, 4, 5], [5, 5, 4, 5], [4, 2, 4, 6], [5, 3, 3, 3], [5, 4, 4, 6], [4, 3, 5, 7], [4, 4, 4, 5], [3, 3, 0, 2], [2, 4, 5, 4], [7, 4, 2, 3], [4, 4, 4, 5], [5, 4, 4, 7], [4, 4, 1, 4], [6, 3, 5, 5], [4, 4, 2, 4], [5, 4, 3, 4], [5, 4, 2, 4], [5, 4, 5, 4]]}}