{"protected": {"ver": "v1", "alg": "HS256", "iat": 1608146412.0038695}, "signature": "45294016287574f1d37cde152d58309ed74d7a1cea56d76174bb1bd98c95c689", "payload": {"device_name": "2A:68:65:37:E0:6A:9D:38", "device_type": "MANUAL-CAPTURE", "interval_ms": 3.389830508474576, "sensors": [{"name": "u", "units": "N/A"}, {"name": "d", "units": "N/A"}, {"name": "l", "units": "N/A"}, {"name": "r", "units": "N/A"}], "values": [[4, 18, 19, 19], [11, 39, 45, 39], [28, 67, 66, 60], [54, 91, 87, 77], [88, 103, 98, 91], [105, 99, 99, 93], [106, 85, 92, 92], [99, 71, 80, 83], [85, 64, 73, 75], [73, 65, 70, 71], [72, 71, 70, 72], [73, 74, 70, 73], [78, 80, 81, 81], [82, 81, 82, 85], [91, 77, 79, 85], [89, 65, 70, 74], [85, 64, 62, 72], [76, 60, 57, 66], [71, 60, 62, 68], [68, 60, 69, 67], [70, 66, 74, 66], [78, 65, 77, 62], [81, 64, 69, 55], [74, 48, 58, 45], [64, 30, 45, 32], [46, 12, 25, 22], [27, 5, 14, 13], [14, 4, 5, 8], [7, 3, 2, 8], [4, 2, 4, 5], [4, 6, 5, 7], [5, 5, 3, 3], [5, 4, 4, 5], [3, 4, 4, 5], [5, 3, 0, 2], [4, 4, 4, 4], [5, 4, 4, 6], [5, 4, 2, 3], [1, 2, 3, 3], [4, 3, 4, 4], [4, 4, 3, 3], [6, 4, 3, 7], [9, 6, 2, 5], [3, 2, 4, 4], [5, 5, 4, 4], [4, 3, 4, 5], [9, 6, 7, 6], [5, 4, 4, 6]]}}