{"protected": {"ver": "v1", "alg": "HS256", "iat": 1608146412.019872}, "signature": "8e9d42a76c3208a7927a6bf1cd60903024c629b6256b472c7f9c7ae0d28521c6", "payload": {"device_name": "2A:68:65:37:E0:6A:9D:38", "device_type": "MANUAL-CAPTURE", "interval_ms": 3.389830508474576, "sensors": [{"name": "u", "units": "N/A"}, {"name": "d", "units": "N/A"}, {"name": "l", "units": "N/A"}, {"name": "r", "units": "N/A"}], "values": [[8, 27, 28, 25], [17, 49, 49, 41], [40, 73, 73, 65], [67, 86, 82, 76], [86, 86, 83, 77], [90, 78, 77, 75], [83, 67, 74, 74], [73, 63, 69, 70], [66, 63, 67, 71], [69, 70, 68, 67], [71, 77, 74, 74], [77, 76, 73, 75], [81, 67, 72, 73], [80, 60, 60, 65], [70, 57, 61, 67], [67, 62, 67, 66], [70, 67, 72, 64], [75, 60, 69, 60], [73, 52, 58, 49], [63, 35, 44, 37], [50, 17, 27, 25], [32, 11, 14, 17], [17, 4, 6, 9], [9, 4, 3, 4], [6, 5, 4, 4], [4, 2, 3, 6], [4, 3, 5, 5], [4, 3, 4, 5], [4, 0, 4, 7], [5, 4, 3, 6], [4, 2, 4, 4], [6, 4, 3, 4], [3, 2, 5, 7], [6, 6, 5, 6], [4, 3, 5, 6], [2, 1, 2, 4], [6, 4, 3, 4], [3, 2, 4, 4], [5, 3, 6, 7], [4, 2, 4, 4], [4, 2, 5, 5], [5, 3, 2, 4], [5, 5, 4, 6], [5, 3, 4, 5], [6, 3, 4, 4], [4, 3, 3, 5], [4, 3, 5, 5], [4, 4, 5, 4]]}}