{"protected": {"ver": "v1", "alg": "HS256", "iat": 1608146412.0308685}, "signature": "3ec4b770ad1ff69b68ec6a56d8760615fe1a412295655c66a1cd8b40d6c2a4c7", "payload": {"device_name": "2A:68:65:37:E0:6A:9D:38", "device_type": "MANUAL-CAPTURE", "interval_ms": 3.389830508474576, "sensors": [{"name": "u", "units": "N/A"}, {"name": "d", "units": "N/A"}, {"name": "l", "units": "N/A"}, {"name": "r", "units": "N/A"}], "values": [[5, 19, 25, 21], [18, 57, 70, 54], [56, 113, 128, 100], [121, 161, 171, 139], [178, 165, 177, 156], [187, 129, 147, 138], [154, 91, 108, 108], [108, 82, 93, 93], [93, 97, 102, 90], [106, 109, 112, 99], [115, 109, 120, 106], [120, 102, 118, 107], [117, 95, 102, 99], [113, 88, 94, 91], [103, 82, 85, 87], [94, 74, 85, 83], [90, 74, 92, 84], [94, 85, 99, 80], [104, 90, 103, 75], [106, 78, 95, 63], [97, 48, 69, 46], [68, 18, 36, 28], [34, 5, 13, 15], [16, 5, 5, 8], [6, 4, 4, 4], [5, 4, 6, 5], [6, 4, 4, 4], [5, 3, 4, 2], [7, 5, 4, 5], [6, 4, 1, 2], [5, 5, 4, 5], [8, 6, 3, 5], [3, 2, 3, 3], [6, 4, 3, 4], [4, 4, 4, 5], [5, 3, 4, 6], [7, 5, 5, 6], [5, 2, 4, 5], [5, 5, 3, 5], [5, 3, 4, 6], [6, 5, 3, 4], [5, 4, 4, 4], [5, 4, 3, 5], [6, 4, 2, 5], [6, 4, 1, 4], [4, 2, 4, 4], [3, 1, 2, 2], [4, 3, 4, 4]]}}