{"protected": {"ver": "v1", "alg": "HS256", "iat": 1608146412.0398705}, "signature": "fb20100314ada25688b60475b3c8ae59c37d9f9d10e81fc3f0e337ea1099b27f", "payload": {"device_name": "2A:68:65:37:E0:6A:9D:38", "device_type": "MANUAL-CAPTURE", "interval_ms": 3.389830508474576, "sensors": [{"name": "u", "units": "N/A"}, {"name": "d", "units": "N/A"}, {"name": "l", "units": "N/A"}, {"name": "r", "units": "N/A"}], "values": [[7, 18, 19, 16], [9, 32, 30, 25], [21, 54, 54, 43], [38, 74, 75, 59], [64, 91, 94, 81], [88, 99, 100, 88], [107, 98, 101, 93], [107, 84, 94, 89], [101, 74, 87, 85], [87, 71, 83, 83], [80, 77, 85, 81], [84, 88, 90, 82], [94, 97, 100, 90], [100, 99, 104, 94], [104, 98, 108, 98], [109, 93, 107, 99], [113, 89, 98, 94], [109, 83, 87, 86], [101, 76, 81, 82], [92, 73, 85, 83], [88, 79, 96, 87], [92, 94, 117, 94], [115, 114, 131, 97], [133, 115, 134, 91], [134, 91, 116, 77], [119, 53, 84, 60], [87, 21, 45, 36], [49, 7, 19, 19], [25, 6, 8, 12], [11, 2, 5, 6], [9, 4, 3, 4], [7, 4, 6, 5], [4, 3, 5, 5], [3, 4, 5, 6], [6, 3, 4, 4], [6, 4, 4, 4], [2, 3, 4, 4], [4, 3, 4, 8], [5, 4, 4, 4], [6, 4, 4, 6], [5, 3, 4, 6], [6, 4, 3, 4], [5, 1, 4, 4], [0, 3, 3, 6], [5, 4, 3, 5], [7, 6, 4, 5], [5, 3, 4, 5], [6, 6, 4, 6]]}}