{"protected": {"ver": "v1", "alg": "HS256", "iat": 1608146411.99287}, "signature": "ca639d0c8296fc52022189b140c76b38b1f62d92233716592e856ab7fd91b165", "payload": {"device_name": "2A:68:65:37:E0:6A:9D:38", "device_type": "MANUAL-CAPTURE", "interval_ms": 3.389830508474576, "sensors": [{"name": "u", "units": "N/A"}, {"name": "d", "units": "N/A"}, {"name": "l", "units": "N/A"}, {"name": "r", "units": "N/A"}], "values": [[8, 31, 34, 31], [25, 69, 80, 69], [69, 123, 129, 111], [129, 164, 169, 148], [179, 167, 177, 157], [191, 136, 157, 144], [159, 101, 122, 121], [119, 89, 98, 101], [101, 95, 97, 97], [103, 106, 104, 102], [112, 107, 112, 110], [117, 99, 107, 106], [117, 85, 93, 98], [112, 78, 77, 87], [95, 71, 71, 79], [82, 65, 73, 79], [80, 71, 80, 75], [87, 81, 90, 76], [96, 85, 99, 74], [103, 78, 96, 63], [94, 49, 74, 48], [75, 21, 42, 29], [39, 5, 17, 13], [16, 3, 5, 7], [7, 3, 6, 6], [7, 5, 4, 4], [8, 7, 4, 4], [4, 3, 4, 8], [7, 4, 6, 7], [5, 4, 4, 5], [2, 4, 5, 7], [6, 4, 3, 4], [5, 5, 4, 7], [4, 4, 2, 4], [4, 3, 5, 4], [4, 2, 4, 5], [5, 4, 4, 5], [4, 4, 4, 5], [5, 3, 6, 6], [6, 3, 7, 5], [3, 5, 3, 4], [3, 2, 4, 5], [4, 4, 4, 4], [4, 1, 5, 7], [6, 5, 4, 5], [4, 3, 4, 3], [5, 4, 4, 5], [5, 6, 2, 3]]}}