{"protected": {"ver": "v1", "alg": "HS256", "iat": 1608146411.978867}, "signature": "1d37b6e8442830bf09bc745de4232885eb96ddc0a194206ba46640c5cec618df", "payload": {"device_name": "2A:68:65:37:E0:6A:9D:38", "device_type": "MANUAL-CAPTURE", "interval_ms": 3.389830508474576, "sensors": [{"name": "u", "units": "N/A"}, {"name": "d", "units": "N/A"}, {"name": "l", "units": "N/A"}, {"name": "r", "units": "N/A"}], "values": [[12, 20, 16, 18], [13, 22, 18, 21], [18, 24, 21, 25], [22, 27, 22, 25], [23, 30, 27, 30], [27, 34, 30, 34], [32, 34, 34, 36], [39, 39, 38, 39], [40, 41, 39, 39], [42, 46, 44, 42], [44, 46, 46, 45], [46, 46, 48, 46], [51, 42, 47, 48], [53, 44, 45, 46], [49, 44, 46, 47], [49, 52, 57, 53], [56, 55, 63, 54], [67, 54, 63, 55], [66, 49, 55, 47], [63, 40, 46, 38], [51, 21, 33, 29], [36, 11, 17, 18], [20, 4, 9, 10], [12, 3, 5, 9], [7, 3, 4, 7], [7, 6, 3, 3], [7, 4, 2, 6], [8, 7, 3, 6], [4, 3, 4, 5], [4, 2, 3, 5], [5, 2, 4, 5], [8, 5, 4, 4], [4, 3, 4, 5], [5, 4, 4, 5], [4, 5, 4, 4], [4, 3, 4, 5], [4, 2, 3, 3], [5, 2, 2, 4], [4, 4, 5, 5], [5, 4, 4, 4], [4, 3, 2, 6], [4, 4, 4, 4], [3, 2, 4, 6], [5, 3, 2, 5], [4, 4, 3, 4], [5, 4, 4, 4], [6, 4, 4, 5], [7, 4, 3, 4]]}}