{"protected": {"ver": "v1", "alg": "HS256", "iat": 1608146411.9898696}, "signature": "05e9b1e71a31f2abc11c5734373bf1d307323854791f248f9a780b2de5351a6e", "payload": {"device_name": "2A:68:65:37:E0:6A:9D:38", "device_type": "MANUAL-CAPTURE", "interval_ms": 3.389830508474576, "sensors": [{"name": "u", "units": "N/A"}, {"name": "d", "units": "N/A"}, {"name": "l", "units": "N/A"}, {"name": "r", "units": "N/A"}], "values": [[9, 43, 53, 49], [46, 109, 128, 109], [124, 185, 199, 167], [206, 208, 213, 183], [230, 151, 170, 149], [176, 87, 112, 107], [110, 68, 83, 85], [78, 85, 90, 87], [87, 109, 109, 100], [119, 120, 116, 106], [126, 112, 119, 108], [123, 98, 113, 107], [115, 93, 104, 100], [112, 93, 95, 91], [104, 82, 87, 83], [97, 66, 75, 74], [87, 54, 74, 73], [80, 82, 113, 102], [115, 155, 195, 153], [201, 213, 248, 178], [249, 176, 216, 141], [203, 80, 127, 79], [106, 18, 42, 30], [32, 4, 10, 11], [9, 4, 4, 6], [7, 4, 3, 3], [6, 5, 3, 4], [4, 3, 4, 5], [8, 4, 3, 4], [5, 3, 3, 4], [7, 4, 4, 4], [5, 2, 4, 4], [4, 3, 4, 4], [8, 5, 2, 4], [4, 4, 4, 5], [6, 4, 4, 4], [5, 1, 2, 4], [4, 3, 5, 4], [6, 4, 4, 3], [6, 4, 1, 3], [5, 4, 4, 4], [5, 4, 3, 4], [6, 4, 1, 4], [4, 3, 4, 4], [4, 4, 5, 7], [6, 5, 4, 5], [3, 2, 5, 4], [4, 3, 4, 8]]}}