{"protected": {"ver": "v1", "alg": "HS256", "iat": 1608146412.0408683}, "signature": "75aba2a71e1eaff0c09c74a8e93e8e18c28fad01d07f73fe1386fec229265505", "payload": {"device_name": "2A:68:65:37:E0:6A:9D:38", "device_type": "MANUAL-CAPTURE", "interval_ms": 3.389830508474576, "sensors": [{"name": "u", "units": "N/A"}, {"name": "d", "units": "N/A"}, {"name": "l", "units": "N/A"}, {"name": "r", "units": "N/A"}], "values": [[5, 16, 20, 19], [11, 39, 44, 39], [33, 75, 77, 65], [69, 105, 102, 88], [103, 112, 112, 96], [120, 94, 103, 95], [109, 70, 81, 79], [85, 55, 70, 69], [67, 63, 73, 66], [67, 79, 81, 70], [83, 87, 89, 76], [94, 88, 94, 78], [90, 77, 90, 76], [87, 70, 80, 73], [81, 59, 65, 64], [74, 55, 56, 56], [66, 50, 53, 53], [58, 45, 53, 51], [53, 48, 53, 57], [58, 57, 59, 67], [68, 62, 58, 65], [72, 57, 55, 61], [69, 46, 46, 49], [54, 21, 31, 35], [38, 11, 16, 18], [23, 5, 9, 10], [11, 3, 4, 6], [6, 5, 3, 4], [2, 2, 3, 4], [5, 4, 4, 2], [5, 4, 3, 4], [4, 3, 4, 5], [5, 4, 3, 4], [3, 3, 2, 4], [4, 4, 5, 6], [4, 3, 5, 4], [4, 1, 4, 6], [5, 4, 3, 3], [6, 4, 4, 6], [5, 3, 5, 5], [5, 3, 3, 4], [5, 2, 4, 5], [4, 2, 4, 5], [4, 0, 7, 9], [4, 4, 4, 5], [5, 4, 4, 4], [4, 3, 2, 4], [4, 4, 3, 3]]}}