{"protected": {"ver": "v1", "alg": "HS256", "iat": 1608146411.9968686}, "signature": "0a7c6746fefb211315a57a9974f146f67f13b92a8a9ca43bc11792dee16c0cd4", "payload": {"device_name": "2A:68:65:37:E0:6A:9D:38", "device_type": "MANUAL-CAPTURE", "interval_ms": 3.389830508474576, "sensors": [{"name": "u", "units": "N/A"}, {"name": "d", "units": "N/A"}, {"name": "l", "units": "N/A"}, {"name": "r", "units": "N/A"}], "values": [[7, 27, 26, 25], [17, 56, 57, 51], [46, 91, 87, 80], [82, 112, 108, 102], [115, 119, 115, 109], [129, 101, 106, 105], [117, 77, 89, 92], [95, 62, 73, 79], [76, 65, 70, 71], [70, 73, 70, 72], [75, 80, 74, 74], [78, 80, 81, 78], [83, 80, 85, 82], [92, 71, 79, 76], [86, 63, 64, 67], [74, 53, 56, 60], [66, 49, 51, 55], [59, 47, 54, 57], [57, 56, 67, 66], [67, 75, 86, 75], [88, 90, 104, 81], [106, 95, 105, 76], [109, 73, 94, 66], [95, 40, 63, 43], [65, 15, 34, 25], [31, 4, 13, 13], [14, 4, 5, 7], [6, 5, 5, 5], [7, 6, 4, 4], [4, 2, 2, 4], [6, 4, 2, 5], [5, 4, 3, 5], [5, 2, 4, 5], [4, 2, 5, 5], [7, 6, 3, 4], [5, 4, 1, 4], [6, 4, 5, 6], [4, 4, 1, 4], [4, 4, 5, 7], [4, 5, 4, 5], [6, 2, 4, 4], [4, 1, 3, 5], [5, 3, 2, 4], [4, 3, 3, 6], [5, 4, 4, 4], [6, 4, 4, 5], [5, 4, 3, 4], [7, 4, 6, 5]]}}