{"protected": {"ver": "v1", "alg": "HS256", "iat": 1608146412.0208714}, "signature": "5dc529f7e3fb7fbc59c28ef45da7c66f26e503e530eb4d616b726437ecf53881", "payload": {"device_name": "2A:68:65:37:E0:6A:9D:38", "device_type": "MANUAL-CAPTURE", "interval_ms": 3.389830508474576, "sensors": [{"name": "u", "units": "N/A"}, {"name": "d", "units": "N/A"}, {"name": "l", "units": "N/A"}, {"name": "r", "units": "N/A"}], "values": [[6, 21, 25, 19], [13, 42, 46, 35], [31, 72, 71, 56], [55, 96, 94, 76], [81, 108, 105, 93], [102, 108, 108, 99], [114, 101, 105, 99], [107, 87, 94, 94], [97, 77, 83, 87], [87, 75, 80, 87], [84, 77, 76, 83], [83, 79, 77, 84], [86, 86, 78, 83], [89, 90, 82, 88], [92, 87, 85, 91], [96, 80, 78, 88], [92, 71, 71, 80], [86, 67, 62, 75], [76, 64, 62, 74], [71, 66, 65, 74], [74, 66, 69, 66], [75, 61, 69, 64], [76, 53, 62, 56], [69, 46, 55, 49], [62, 34, 44, 38], [52, 20, 30, 27], [38, 11, 17, 18], [24, 6, 12, 14], [14, 5, 6, 8], [9, 4, 3, 5], [8, 4, 4, 6], [7, 3, 4, 6], [5, 3, 2, 4], [4, 4, 5, 7], [3, 3, 2, 4], [6, 4, 4, 4], [3, 2, 2, 4], [5, 4, 3, 4], [5, 3, 2, 4], [6, 4, 3, 4], [3, 3, 4, 3], [6, 6, 6, 7], [3, 3, 4, 6], [5, 3, 3, 4], [5, 4, 4, 7], [5, 2, 6, 7], [5, 2, 4, 4], [7, 5, 4, 3]]}}