{"protected": {"ver": "v1", "alg": "HS256", "iat": 1608146411.995868}, "signature": "ee88e2030ca05cddb30d33e86203ff2ddd4efaa0baa146bc7dc41c6ec65c5ee0", "payload": {"device_name": "2A:68:65:37:E0:6A:9D:38", "device_type": "MANUAL-CAPTURE", "interval_ms": 3.389830508474576, "sensors": [{"name": "u", "units": "N/A"}, {"name": "d", "units": "N/A"}, {"name": "l", "units": "N/A"}, {"name": "r", "units": "N/A"}], "values": [[6, 22, 23, 20], [12, 44, 41, 38], [28, 67, 65, 59], [56, 92, 86, 78], [84, 104, 99, 93], [106, 104, 101, 99], [110, 94, 100, 100], [107, 82, 92, 95], [95, 74, 84, 89], [87, 75, 77, 84], [84, 81, 80, 86], [88, 88, 82, 88], [95, 93, 89, 95], [102, 87, 84, 93], [100, 77, 76, 87], [94, 68, 69, 80], [86, 67, 64, 77], [76, 65, 67, 75], [76, 70, 73, 75], [80, 69, 76, 73], [85, 68, 76, 67], [84, 63, 70, 60], [77, 47, 60, 48], [63, 26, 44, 34], [50, 13, 25, 24], [32, 9, 13, 14], [15, 4, 6, 9], [9, 4, 5, 6], [7, 4, 4, 7], [4, 1, 2, 4], [6, 2, 4, 5], [6, 6, 3, 5], [6, 4, 4, 6], [7, 4, 4, 4], [5, 4, 4, 8], [6, 5, 4, 4], [4, 4, 2, 3], [5, 5, 4, 6], [5, 4, 3, 3], [4, 4, 3, 6], [4, 3, 4, 3], [5, 2, 2, 4], [6, 3, 4, 4], [5, 4, 6, 6], [5, 4, 4, 3], [5, 4, 2, 4], [5, 4, 4, 6], [4, 4, 4, 5]]}}