{"protected": {"ver": "v1", "alg": "HS256", "iat": 1608146411.9948666}, "signature": "84a9e55dedae23d11b2936b92b55da5b0085cc0f7110d3c36787c60d105afb01", "payload": {"device_name": "2A:68:65:37:E0:6A:9D:38", "device_type": "MANUAL-CAPTURE", "interval_ms": 3.389830508474576, "sensors": [{"name": "u", "units": "N/A"}, {"name": "d", "units": "N/A"}, {"name": "l", "units": "N/A"}, {"name": "r", "units": "N/A"}], "values": [[6, 25, 30, 34], [22, 66, 67, 67], [64, 112, 115, 107], [120, 143, 143, 132], [160, 132, 141, 125], [154, 92, 110, 101], [116, 64, 81, 81], [75, 66, 80, 78], [75, 90, 95, 84], [96, 107, 110, 95], [113, 103, 111, 99], [117, 94, 109, 97], [112, 84, 100, 92], [104, 80, 88, 81], [99, 74, 78, 72], [89, 59, 72, 67], [81, 66, 88, 84], [96, 122, 152, 129], [163, 184, 216, 163], [224, 175, 210, 143], [198, 87, 129, 81], [110, 23, 46, 31], [32, 3, 9, 11], [11, 4, 4, 5], [6, 4, 5, 5], [5, 4, 3, 5], [5, 4, 1, 4], [6, 4, 5, 6], [4, 4, 3, 4], [8, 5, 3, 5], [4, 1, 3, 4], [5, 4, 3, 4], [4, 4, 4, 4], [4, 1, 2, 5], [4, 4, 3, 4], [6, 4, 3, 4], [5, 3, 3, 4], [5, 4, 4, 4], [8, 5, 2, 4], [5, 6, 4, 7], [5, 4, 4, 6], [5, 4, 4, 6], [4, 4, 4, 7], [5, 4, 2, 4], [7, 4, 0, 4], [4, 3, 4, 4], [4, 3, 5, 6], [6, 4, 3, 4]]}}