{"protected": {"ver": "v1", "alg": "HS256", "iat": 1608146412.0008702}, "signature": "f09453954685f36a14b2b29f3aada4202b3c71838d09762a29327061d632b621", "payload": {"device_name": "2A:68:65:37:E0:6A:9D:38", "device_type": "MANUAL-CAPTURE", "interval_ms": 3.389830508474576, "sensors": [{"name": "u", "units": "N/A"}, {"name": "d", "units": "N/A"}, {"name": "l", "units": "N/A"}, {"name": "r", "units": "N/A"}], "values": [[6, 18, 17, 16], [8, 33, 34, 30], [21, 58, 60, 50], [44, 80, 80, 68], [71, 97, 94, 81], [92, 97, 99, 89], [103, 88, 95, 87], [101, 76, 82, 81], [87, 63, 73, 75], [74, 63, 70, 71], [69, 65, 69, 68], [72, 71, 72, 68], [72, 76, 76, 71], [76, 81, 81, 77], [80, 78, 83, 78], [85, 72, 78, 79], [88, 66, 67, 70], [81, 59, 65, 66], [74, 62, 63, 64], [65, 63, 73, 67], [74, 71, 85, 69], [85, 74, 88, 66], [86, 66, 78, 57], [77, 48, 63, 45], [67, 32, 46, 31], [46, 13, 25, 21], [27, 6, 10, 13], [13, 4, 4, 7], [9, 4, 4, 3], [7, 4, 2, 4], [5, 5, 1, 1], [4, 3, 2, 4], [4, 3, 3, 5], [5, 2, 3, 4], [6, 4, 3, 4], [4, 4, 3, 4], [6, 3, 4, 6], [6, 5, 4, 8], [5, 4, 4, 7], [4, 2, 4, 5], [7, 6, 4, 5], [6, 3, 1, 4], [6, 5, 4, 7], [7, 5, 4, 6], [5, 3, 4, 4], [6, 5, 4, 4], [7, 4, 3, 4], [7, 3, 4, 5]]}}