{"protected": {"ver": "v1", "alg": "HS256", "iat": 1608146412.00687}, "signature": "ead9380f3dd8e5cedc0064b93470e8534a616869080bf18afd8d3e9892b187d4", "payload": {"device_name": "2A:68:65:37:E0:6A:9D:38", "device_type": "MANUAL-CAPTURE", "interval_ms": 3.389830508474576, "sensors": [{"name": "u", "units": "N/A"}, {"name": "d", "units": "N/A"}, {"name": "l", "units": "N/A"}, {"name": "r", "units": "N/A"}], "values": [[6, 19, 19, 15], [11, 25, 28, 21], [18, 35, 31, 29], [27, 40, 38, 32], [30, 39, 39, 36], [39, 46, 44, 42], [45, 46, 45, 44], [47, 45, 42, 46], [46, 43, 45, 49], [47, 45, 46, 50], [46, 45, 43, 49], [46, 44, 43, 48], [45, 45, 44, 49], [46, 49, 45, 47], [49, 53, 50, 52], [51, 53, 52, 54], [53, 54, 55, 56], [57, 53, 50, 53], [60, 51, 50, 59], [61, 50, 46, 53], [60, 45, 44, 53], [55, 45, 42, 50], [51, 44, 46, 50], [48, 47, 51, 52], [50, 53, 56, 55], [57, 56, 60, 54], [64, 58, 61, 53], [69, 55, 59, 48], [69, 50, 58, 48], [65, 40, 49, 43], [60, 31, 44, 38], [52, 20, 32, 32], [43, 13, 23, 24], [31, 7, 15, 18], [22, 6, 8, 11], [16, 5, 7, 11], [9, 4, 4, 6], [9, 2, 4, 6], [7, 3, 4, 7], [4, 1, 6, 6], [4, 2, 2, 4], [3, 1, 2, 4], [6, 4, 3, 3], [4, 4, 5, 7], [7, 4, 1, 2], [5, 2, 4, 4], [8, 5, 2, 4], [5, 4, 2, 4]]}}