{"protected": {"ver": "v1", "alg": "HS256", "iat": 1608146411.9908679}, "signature": "b01443eefe616ca405cfb56651db9012922de5c07343390899f3ed8f9e3416d5", "payload": {"device_name": "2A:68:65:37:E0:6A:9D:38", "device_type": "MANUAL-CAPTURE", "interval_ms": 3.389830508474576, "sensors": [{"name": "u", "units": "N/A"}, {"name": "d", "units": "N/A"}, {"name": "l", "units": "N/A"}, {"name": "r", "units": "N/A"}], "values": [[10, 29, 32, 25], [24, 60, 64, 51], [52, 87, 90, 74], [85, 104, 106, 89], [109, 102, 106, 94], [109, 88, 95, 91], [98, 78, 84, 89], [87, 74, 74, 81], [84, 77, 71, 82], [83, 83, 73, 84], [87, 88, 82, 89], [94, 85, 81, 87], [93, 72, 72, 81], [87, 63, 63, 74], [79, 61, 59, 68], [67, 58, 61, 68], [66, 59, 67, 64], [74, 63, 69, 60], [73, 58, 60, 51], [67, 45, 57, 46], [60, 32, 44, 32], [46, 17, 25, 19], [30, 7, 13, 12], [15, 3, 5, 7], [8, 4, 3, 4], [6, 4, 5, 6], [3, 3, 3, 7], [5, 5, 4, 6], [3, 3, 0, 3], [4, 4, 4, 7], [4, 4, 4, 6], [6, 5, 3, 5], [4, 4, 3, 5], [5, 4, 5, 6], [3, 2, 2, 4], [4, 2, 5, 5], [4, 4, 3, 5], [5, 3, 3, 4], [4, 4, 3, 5], [4, 3, 4, 5], [5, 4, 4, 5], [6, 4, 5, 7], [4, 3, 3, 4], [3, 0, 4, 4], [4, 5, 1, 2], [4, 2, 6, 5], [8, 4, 4, 5], [6, 5, 4, 7]]}}