{"protected": {"ver": "v1", "alg": "HS256", "iat": 1608146412.0268674}, "signature": "b419386687f5ab0cea8def43cd23683170b6c4e94a7cd539ab90c8b195c26aa4", "payload": {"device_name": "2A:68:65:37:E0:6A:9D:38", "device_type": "MANUAL-CAPTURE", "interval_ms": 3.389830508474576, "sensors": [{"name": "u", "units": "N/A"}, {"name": "d", "units": "N/A"}, {"name": "l", "units": "N/A"}, {"name": "r", "units": "N/A"}], "values": [[6, 27, 28, 29], [20, 65, 70, 60], [56, 109, 115, 96], [108, 150, 150, 129], [154, 156, 161, 143], [175, 134, 145, 136], [156, 102, 123, 118], [128, 89, 109, 106], [105, 96, 107, 97], [104, 108, 115, 101], [117, 118, 120, 105], [123, 110, 122, 106], [123, 98, 118, 106], [117, 90, 105, 97], [107, 83, 92, 89], [101, 81, 85, 83], [94, 75, 78, 74], [89, 68, 74, 72], [82, 62, 74, 72], [76, 66, 87, 74], [83, 87, 106, 87], [99, 101, 114, 87], [115, 101, 114, 82], [115, 78, 101, 69], [104, 48, 73, 49], [71, 18, 40, 28], [39, 7, 19, 17], [18, 4, 5, 9], [6, 0, 3, 5], [5, 4, 4, 5], [5, 5, 4, 5], [4, 4, 4, 5], [7, 6, 4, 5], [4, 1, 3, 4], [7, 8, 4, 5], [4, 3, 0, 2], [5, 2, 4, 5], [6, 4, 4, 6], [3, 1, 5, 5], [6, 4, 2, 4], [6, 6, 3, 5], [5, 4, 5, 6], [4, 4, 4, 5], [3, 1, 3, 3], [5, 5, 3, 5], [2, 0, 4, 6], [5, 5, 4, 5], [3, 4, 4, 5]]}}