{"protected": {"ver": "v1", "alg": "HS256", "iat": 1608146412.0028753}, "signature": "58ae7f5bb37467036a50d0f4a73ad8f32369d8feb3ad559bfa97be594123a37c", "payload": {"device_name": "2A:68:65:37:E0:6A:9D:38", "device_type": "MANUAL-CAPTURE", "interval_ms": 3.389830508474576, "sensors": [{"name": "u", "units": "N/A"}, {"name": "d", "units": "N/A"}, {"name": "l", "units": "N/A"}, {"name": "r", "units": "N/A"}], "values": [[5, 23, 18, 18], [14, 37, 34, 32], [25, 47, 48, 43], [41, 57, 53, 52], [55, 61, 59, 56], [61, 61, 60, 59], [62, 57, 59, 58], [58, 52, 52, 55], [57, 49, 51, 55], [56, 50, 47, 51], [52, 54, 52, 54], [53, 53, 49, 55], [58, 50, 50, 53], [57, 45, 45, 49], [54, 43, 42, 47], [47, 42, 44, 46], [50, 46, 46, 46], [49, 40, 46, 41], [48, 34, 38, 37], [46, 29, 36, 32], [39, 24, 29, 25], [33, 14, 25, 20], [25, 11, 17, 17], [17, 3, 9, 10], [11, 3, 4, 6], [9, 4, 4, 4], [9, 6, 4, 6], [4, 4, 1, 4], [5, 4, 4, 4], [9, 4, 4, 4], [4, 4, 4, 4], [6, 3, 2, 7], [5, 2, 3, 5], [6, 4, 4, 4], [8, 4, 3, 6], [4, 4, 4, 4], [9, 7, 4, 5], [4, 4, 4, 4], [4, 3, 3, 4], [7, 4, 5, 4], [4, 2, 4, 4], [5, 4, 4, 5], [5, 4, 5, 4], [4, 4, 3, 4], [5, 4, 4, 4], [8, 7, 4, 4], [6, 4, 3, 5], [6, 4, 5, 5]]}}