{"protected": {"ver": "v1", "alg": "HS256", "iat": 1608146412.0158699}, "signature": "71eb47c0ab6df9d1910a6d3eec57692e830039339b0887330940721642653582", "payload": {"device_name": "2A:68:65:37:E0:6A:9D:38", "device_type": "MANUAL-CAPTURE", "interval_ms": 3.389830508474576, "sensors": [{"name": "u", "units": "N/A"}, {"name": "d", "units": "N/A"}, {"name": "l", "units": "N/A"}, {"name": "r", "units": "N/A"}], "values": [[6, 19, 28, 20], [13, 44, 49, 38], [34, 71, 74, 61], [65, 94, 94, 82], [95, 105, 103, 96], [110, 95, 94, 94], [107, 83, 89, 93], [92, 71, 77, 86], [82, 73, 75, 86], [83, 80, 76, 85], [89, 90, 84, 91], [94, 96, 92, 98], [101, 97, 95, 102], [108, 90, 89, 102], [106, 85, 79, 94], [97, 82, 81, 92], [92, 83, 86, 90], [90, 80, 87, 85], [96, 75, 80, 78], [94, 66, 72, 68], [81, 45, 56, 53], [64, 24, 38, 37], [44, 11, 19, 22], [25, 6, 10, 10], [14, 5, 4, 7], [5, 3, 3, 5], [5, 2, 4, 4], [4, 4, 4, 4], [5, 4, 3, 4], [6, 4, 2, 4], [4, 4, 2, 4], [5, 5, 5, 6], [3, 2, 3, 5], [4, 3, 3, 4], [4, 2, 4, 5], [4, 2, 4, 5], [6, 4, 3, 4], [5, 4, 2, 4], [4, 1, 3, 5], [5, 4, 3, 4], [6, 6, 4, 4], [4, 2, 2, 5], [5, 3, 5, 8], [7, 4, 3, 4], [5, 4, 1, 4], [3, 2, 4, 9], [4, 1, 4, 5], [4, 4, 5, 5]]}}