{"protected": {"ver": "v1", "alg": "HS256", "iat": 1608146411.9878676}, "signature": "7901fcf3a36953df2f660e55d952998fb7f746987d8dde869e44a9b12c50cd61", "payload": {"device_name": "2A:68:65:37:E0:6A:9D:38", "device_type": "MANUAL-CAPTURE", "interval_ms": 3.389830508474576, "sensors": [{"name": "u", "units": "N/A"}, {"name": "d", "units": "N/A"}, {"name": "l", "units": "N/A"}, {"name": "r", "units": "N/A"}], "values": [[9, 32, 36, 34], [27, 86, 106, 86], [94, 166, 189, 146], [180, 225, 240, 192], [247, 212, 230, 192], [240, 143, 170, 154], [178, 85, 108, 111], [111, 66, 85, 88], [79, 85, 89, 85], [83, 105, 103, 89], [102, 110, 115, 98], [115, 108, 116, 101], [117, 99, 112, 100], [111, 89, 102, 94], [103, 81, 88, 83], [96, 73, 74, 69], [87, 64, 66, 62], [75, 45, 56, 52], [63, 33, 43, 44], [48, 34, 43, 48], [44, 58, 63, 60], [63, 94, 107, 81], [99, 115, 130, 88], [123, 108, 126, 80], [122, 73, 100, 60], [94, 32, 62, 36], [55, 11, 27, 18], [24, 4, 10, 8], [9, 4, 4, 5], [4, 1, 6, 5], [6, 4, 5, 5], [5, 3, 2, 5], [4, 3, 4, 5], [4, 4, 3, 4], [4, 2, 1, 3], [4, 4, 3, 4], [4, 4, 3, 3], [6, 4, 4, 5], [6, 7, 3, 5], [4, 3, 3, 3], [4, 1, 2, 4], [5, 3, 2, 4], [5, 4, 3, 3], [5, 4, 3, 7], [4, 2, 6, 8], [7, 5, 1, 4], [8, 5, 4, 4], [4, 5, 4, 4]]}}