{"protected": {"ver": "v1", "alg": "HS256", "iat": 1608146411.9808698}, "signature": "5e3b483580a776244ddc0619cb6fec8ea27b22772f9e8dce1f8a00ec96e24ad7", "payload": {"device_name": "2A:68:65:37:E0:6A:9D:38", "device_type": "MANUAL-CAPTURE", "interval_ms": 3.389830508474576, "sensors": [{"name": "u", "units": "N/A"}, {"name": "d", "units": "N/A"}, {"name": "l", "units": "N/A"}, {"name": "r", "units": "N/A"}], "values": [[4, 14, 19, 18], [10, 33, 38, 32], [28, 59, 64, 50], [54, 77, 77, 66], [79, 82, 84, 75], [89, 76, 81, 76], [81, 64, 72, 72], [75, 62, 69, 69], [70, 67, 73, 69], [76, 73, 77, 71], [81, 80, 85, 78], [85, 85, 92, 85], [93, 80, 87, 86], [97, 78, 80, 80], [90, 67, 70, 69], [80, 53, 60, 60], [69, 43, 57, 60], [60, 61, 81, 72], [83, 108, 142, 100], [135, 151, 191, 118], [183, 142, 184, 104], [167, 76, 122, 71], [103, 23, 50, 35], [41, 5, 11, 13], [15, 3, 4, 5], [7, 4, 4, 4], [4, 3, 3, 4], [4, 1, 6, 6], [6, 4, 3, 3], [6, 3, 2, 4], [4, 1, 3, 3], [3, 2, 4, 6], [7, 4, 4, 5], [5, 3, 3, 5], [4, 3, 4, 5], [3, 2, 2, 5], [5, 3, 4, 4], [4, 4, 4, 6], [7, 5, 3, 4], [4, 3, 1, 4], [4, 3, 3, 5], [4, 4, 4, 4], [4, 4, 3, 4], [6, 4, 3, 5], [4, 4, 4, 4], [9, 6, 4, 6], [4, 4, 4, 5], [4, 1, 5, 4]]}}