{"protected": {"ver": "v1", "alg": "HS256", "iat": 1608146412.0058718}, "signature": "8beebbe25c12d282bc128e82d03573c9cd985ee3f365ce772fbb0573d95de468", "payload": {"device_name": "2A:68:65:37:E0:6A:9D:38", "device_type": "MANUAL-CAPTURE", "interval_ms": 3.389830508474576, "sensors": [{"name": "u", "units": "N/A"}, {"name": "d", "units": "N/A"}, {"name": "l", "units": "N/A"}, {"name": "r", "units": "N/A"}], "values": [[7, 21, 18, 18], [9, 27, 25, 24], [18, 35, 31, 31], [22, 43, 36, 38], [30, 47, 41, 45], [44, 56, 45, 46], [50, 54, 51, 54], [57, 55, 52, 54], [61, 57, 57, 59], [63, 53, 53, 57], [64, 51, 52, 58], [61, 47, 50, 55], [57, 46, 50, 56], [54, 47, 48, 54], [53, 51, 49, 52], [50, 53, 51, 51], [56, 60, 53, 53], [59, 61, 60, 56], [63, 67, 66, 61], [64, 65, 68, 67], [69, 67, 69, 70], [74, 64, 69, 72], [76, 63, 66, 72], [78, 60, 60, 68], [74, 55, 57, 65], [71, 53, 56, 62], [66, 55, 56, 63], [66, 56, 60, 64], [64, 59, 65, 65], [71, 66, 72, 67], [76, 70, 76, 67], [82, 69, 74, 66], [82, 62, 73, 59], [81, 52, 64, 53], [74, 35, 50, 44], [64, 20, 34, 32], [44, 11, 22, 21], [32, 7, 14, 14], [18, 3, 8, 11], [11, 5, 5, 4], [8, 5, 4, 7], [7, 4, 6, 6], [7, 4, 7, 5], [4, 2, 4, 5], [6, 4, 2, 4], [4, 4, 4, 5], [8, 7, 3, 5], [4, 4, 4, 5]]}}