{"protected": {"ver": "v1", "alg": "HS256", "iat": 1608146412.035868}, "signature": "1c2891983603a9ce1095e056b80b5621ab64a8dea0dd895a9519a11dc49afb71", "payload": {"device_name": "2A:68:65:37:E0:6A:9D:38", "device_type": "MANUAL-CAPTURE", "interval_ms": 3.389830508474576, "sensors": [{"name": "u", "units": "N/A"}, {"name": "d", "units": "N/A"}, {"name": "l", "units": "N/A"}, {"name": "r", "units": "N/A"}], "values": [[9, 33, 31, 28], [21, 59, 65, 56], [52, 93, 93, 81], [88, 115, 110, 101], [115, 112, 109, 104], [122, 94, 100, 100], [106, 75, 85, 89], [90, 72, 76, 80], [78, 74, 76, 76], [79, 81, 81, 81], [85, 90, 87, 85], [89, 82, 84, 85], [92, 70, 75, 79], [85, 59, 62, 72], [73, 58, 58, 66], [64, 59, 60, 63], [63, 59, 65, 61], [66, 54, 62, 56], [67, 48, 55, 47], [62, 39, 46, 39], [54, 27, 35, 30], [39, 13, 22, 20], [25, 4, 10, 11], [12, 2, 6, 6], [7, 5, 7, 9], [4, 4, 3, 4], [5, 2, 4, 4], [6, 5, 4, 4], [6, 4, 1, 2], [4, 3, 3, 4], [7, 5, 2, 2], [7, 5, 4, 7], [6, 4, 4, 7], [5, 4, 4, 5], [5, 4, 4, 5], [4, 6, 4, 6], [5, 4, 3, 4], [3, 4, 4, 7], [4, 3, 6, 7], [4, 3, 4, 6], [5, 1, 4, 6], [6, 4, 5, 6], [3, 2, 4, 7], [2, 4, 4, 7], [4, 3, 3, 4], [5, 4, 3, 5], [4, 6, 6, 8], [5, 4, 4, 4]]}}