{"protected": {"ver": "v1", "alg": "HS256", "iat": 1608146412.0229511}, "signature": "42adabfa335d0089b6551d5cd7e6162c033623b5fe1480a7efa6455408982910", "payload": {"device_name": "2A:68:65:37:E0:6A:9D:38", "device_type": "MANUAL-CAPTURE", "interval_ms": 3.389830508474576, "sensors": [{"name": "u", "units": "N/A"}, {"name": "d", "units": "N/A"}, {"name": "l", "units": "N/A"}, {"name": "r", "units": "N/A"}], "values": [[5, 26, 38, 35], [27, 81, 107, 84], [97, 161, 183, 146], [191, 206, 216, 184], [233, 171, 186, 172], [195, 110, 131, 129], [130, 94, 110, 108], [108, 119, 135, 115], [132, 143, 154, 128], [161, 143, 155, 130], [154, 122, 143, 126], [140, 110, 126, 117], [131, 107, 112, 107], [122, 96, 100, 96], [110, 81, 94, 88], [100, 83, 113, 98], [112, 119, 148, 109], [144, 136, 159, 109], [156, 108, 138, 88], [131, 55, 82, 55], [72, 16, 32, 27], [30, 4, 7, 11], [12, 3, 3, 6], [8, 4, 4, 5], [3, 4, 3, 5], [8, 5, 3, 5], [4, 4, 4, 4], [7, 4, 2, 4], [4, 4, 4, 4], [5, 4, 1, 4], [4, 2, 5, 4], [6, 4, 4, 5], [5, 3, 4, 5], [3, 0, 5, 6], [4, 4, 2, 4], [5, 3, 4, 6], [5, 5, 6, 6], [7, 4, 0, 4], [7, 4, 4, 5], [5, 3, 4, 5], [5, 3, 5, 5], [8, 6, 6, 7], [7, 4, 6, 4], [3, 1, 4, 5], [6, 5, 4, 5], [6, 4, 4, 6], [5, 3, 3, 4], [6, 4, 2, 4]]}}