{"protected": {"ver": "v1", "alg": "HS256", "iat": 1608146412.0128727}, "signature": "5e0c160c7501bf3fbb5ecb077072454b7854e9a94a70ba874deb3151d84c3806", "payload": {"device_name": "2A:68:65:37:E0:6A:9D:38", "device_type": "MANUAL-CAPTURE", "interval_ms": 3.389830508474576, "sensors": [{"name": "u", "units": "N/A"}, {"name": "d", "units": "N/A"}, {"name": "l", "units": "N/A"}, {"name": "r", "units": "N/A"}], "values": [[5, 24, 28, 25], [17, 48, 48, 40], [32, 68, 67, 58], [55, 82, 79, 74], [79, 90, 85, 79], [91, 86, 82, 81], [91, 76, 78, 81], [87, 62, 71, 73], [78, 59, 66, 71], [67, 59, 63, 65], [63, 62, 61, 63], [67, 68, 67, 67], [70, 74, 73, 69], [71, 75, 74, 70], [74, 72, 73, 72], [80, 66, 67, 70], [79, 59, 60, 67], [73, 53, 53, 60], [66, 54, 57, 61], [62, 59, 63, 64], [64, 61, 66, 64], [72, 65, 66, 59], [73, 58, 65, 56], [69, 52, 60, 53], [66, 41, 51, 43], [58, 29, 40, 33], [47, 18, 28, 25], [35, 9, 17, 21], [21, 4, 11, 12], [15, 5, 7, 8], [11, 6, 6, 5], [9, 5, 3, 5], [5, 3, 4, 6], [5, 4, 2, 5], [7, 7, 3, 6], [3, 2, 4, 7], [5, 3, 4, 4], [6, 3, 3, 5], [5, 4, 3, 4], [7, 4, 4, 5], [1, 3, 3, 5], [4, 4, 3, 5], [5, 4, 2, 3], [4, 4, 5, 6], [6, 4, 4, 4], [5, 5, 4, 4], [7, 4, 5, 6], [4, 3, 4, 6]]}}