{"protected": {"ver": "v1", "alg": "HS256", "iat": 1608146411.7078698}, "signature": "d6f2f1d9c0041cb9903d0d2fce0fe727c779ba3ba3520031f7cbdf7b7b916cd5", "payload": {"device_name": "2A:68:65:37:E0:6A:9D:38", "device_type": "MANUAL-CAPTURE", "interval_ms": 3.389830508474576, "sensors": [{"name": "u", "units": "N/A"}, {"name": "d", "units": "N/A"}, {"name": "l", "units": "N/A"}, {"name": "r", "units": "N/A"}], "values": [[9, 23, 18, 22], [16, 38, 36, 40], [35, 61, 54, 59], [55, 77, 72, 73], [74, 87, 85, 84], [92, 87, 94, 90], [96, 90, 99, 94], [101, 96, 98, 95], [109, 93, 97, 93], [105, 88, 96, 92], [100, 83, 98, 88], [103, 74, 81, 71], [89, 53, 60, 52], [64, 25, 34, 32], [34, 9, 11, 13], [15, 5, 6, 8], [8, 5, 4, 5], [5, 4, 3, 4], [4, 2, 4, 6], [6, 5, 3, 4], [6, 5, 4, 6], [4, 0, 3, 4], [4, 3, 6, 4], [4, 3, 4, 5], [4, 2, 3, 5], [4, 2, 2, 5], [3, 2, 3, 4], [2, 2, 6, 7], [4, 4, 4, 4], [7, 4, 4, 6], [5, 4, 3, 4], [5, 2, 4, 4], [4, 4, 4, 4], [6, 4, 6, 8], [6, 3, 3, 4], [6, 4, 3, 4], [5, 3, 1, 5], [4, 3, 3, 4], [4, 1, 3, 4], [6, 4, 3, 4], [6, 5, 5, 6], [4, 5, 5, 7], [5, 2, 5, 4], [4, 4, 5, 6], [4, 3, 4, 6], [4, 6, 4, 6], [5, 2, 4, 5], [6, 4, 5, 6]]}}