{"protected": {"ver": "v1", "alg": "HS256", "iat": 1608146411.760871}, "signature": "1b38b8ac1488dc8b05e4229fafdea2a5d0f2f8a0d3b1db959a648998d246ba4c", "payload": {"device_name": "2A:68:65:37:E0:6A:9D:38", "device_type": "MANUAL-CAPTURE", "interval_ms": 3.389830508474576, "sensors": [{"name": "u", "units": "N/A"}, {"name": "d", "units": "N/A"}, {"name": "l", "units": "N/A"}, {"name": "r", "units": "N/A"}], "values": [[11, 31, 27, 34], [22, 51, 48, 56], [53, 80, 72, 77], [78, 101, 97, 98], [108, 114, 118, 109], [122, 111, 124, 109], [126, 109, 122, 110], [122, 114, 123, 109], [133, 112, 126, 118], [136, 115, 128, 122], [139, 115, 129, 122], [143, 99, 114, 108], [129, 74, 87, 84], [97, 38, 52, 50], [58, 12, 21, 23], [20, 3, 8, 11], [8, 4, 5, 5], [6, 4, 5, 6], [6, 4, 4, 5], [5, 4, 1, 3], [5, 3, 4, 4], [4, 4, 3, 4], [4, 0, 4, 6], [6, 4, 3, 5], [5, 3, 3, 4], [6, 4, 4, 4], [7, 7, 5, 4], [4, 3, 2, 4], [4, 2, 3, 4], [7, 7, 4, 5], [5, 4, 5, 5], [5, 1, 6, 4], [6, 4, 5, 6], [6, 5, 4, 6], [5, 4, 4, 5], [6, 5, 2, 5], [5, 4, 4, 5], [4, 3, 5, 4], [8, 5, 4, 8], [4, 4, 4, 5], [3, 3, 4, 5], [5, 4, 4, 5], [6, 2, 4, 4], [6, 5, 4, 5], [5, 2, 4, 4], [6, 2, 4, 6], [5, 3, 3, 4], [4, 4, 3, 4]]}}