{"protected": {"ver": "v1", "alg": "HS256", "iat": 1608146411.7208698}, "signature": "81401e9de376ecedc8fdece3658de549b2c3d22499c53aa11c709fdb90acac97", "payload": {"device_name": "2A:68:65:37:E0:6A:9D:38", "device_type": "MANUAL-CAPTURE", "interval_ms": 3.389830508474576, "sensors": [{"name": "u", "units": "N/A"}, {"name": "d", "units": "N/A"}, {"name": "l", "units": "N/A"}, {"name": "r", "units": "N/A"}], "values": [[5, 21, 16, 24], [18, 39, 31, 41], [38, 58, 54, 61], [57, 74, 75, 76], [81, 85, 85, 78], [91, 81, 90, 81], [94, 79, 88, 79], [93, 67, 77, 71], [81, 57, 65, 66], [73, 53, 52, 67], [67, 42, 43, 59], [59, 33, 31, 48], [46, 21, 21, 32], [29, 8, 11, 16], [14, 4, 3, 4], [8, 6, 4, 6], [7, 3, 3, 4], [4, 2, 4, 3], [4, 4, 4, 7], [5, 4, 2, 4], [5, 5, 1, 5], [7, 4, 2, 4], [4, 4, 4, 6], [5, 4, 4, 6], [5, 3, 4, 6], [5, 4, 2, 3], [4, 3, 5, 9], [9, 5, 4, 4], [4, 6, 3, 3], [5, 4, 5, 5], [6, 5, 4, 4], [2, 0, 4, 5], [5, 4, 5, 6], [4, 3, 3, 3], [4, 2, 4, 5], [3, 2, 4, 4], [9, 5, 1, 5], [7, 6, 2, 4], [5, 3, 4, 5], [4, 3, 3, 4], [5, 3, 4, 4], [5, 4, 3, 4], [5, 2, 2, 3], [4, 2, 4, 5], [4, 4, 4, 5], [5, 4, 4, 5], [4, 3, 3, 3], [6, 4, 4, 5]]}}