{"protected": {"ver": "v1", "alg": "HS256", "iat": 1608146411.753869}, "signature": "3e75efbfc8f5b8376afd45c789e100d8d1c4bde2874dd8678f7d0dd429c40d9d", "payload": {"device_name": "2A:68:65:37:E0:6A:9D:38", "device_type": "MANUAL-CAPTURE", "interval_ms": 3.389830508474576, "sensors": [{"name": "u", "units": "N/A"}, {"name": "d", "units": "N/A"}, {"name": "l", "units": "N/A"}, {"name": "r", "units": "N/A"}], "values": [[8, 37, 40, 54], [53, 113, 130, 138], [169, 217, 240, 229], [255, 255, 255, 255], [255, 255, 255, 255], [255, 250, 255, 251], [255, 228, 255, 246], [255, 242, 255, 250], [255, 235, 255, 239], [255, 222, 255, 255], [255, 255, 255, 255], [255, 212, 232, 206], [186, 32, 43, 46], [24, 3, 5, 7], [4, 1, 3, 3], [6, 3, 5, 5], [5, 4, 2, 3], [3, 1, 4, 4], [3, 1, 4, 4], [5, 3, 4, 6], [4, 4, 2, 5], [4, 4, 4, 4], [7, 4, 3, 5], [5, 4, 5, 4], [4, 4, 4, 4], [2, 1, 4, 5], [3, 1, 4, 5], [5, 3, 3, 4], [4, 2, 3, 4], [4, 4, 2, 4], [5, 4, 3, 5], [5, 4, 5, 4], [4, 4, 4, 8], [5, 4, 4, 2], [8, 5, 6, 7], [2, 3, 4, 4], [5, 4, 2, 5], [5, 4, 3, 4], [4, 2, 6, 7], [6, 4, 5, 4], [2, 4, 4, 4], [4, 3, 4, 5], [5, 2, 4, 4], [4, 4, 4, 6], [4, 3, 3, 5], [6, 4, 3, 4], [5, 4, 5, 5], [5, 4, 4, 5]]}}