{"protected": {"ver": "v1", "alg": "HS256", "iat": 1608146411.7378747}, "signature": "c42180c3e1b902b78e890224ed75bb246c1827a3254ade1c728a2419e3463c9a", "payload": {"device_name": "2A:68:65:37:E0:6A:9D:38", "device_type": "MANUAL-CAPTURE", "interval_ms": 3.389830508474576, "sensors": [{"name": "u", "units": "N/A"}, {"name": "d", "units": "N/A"}, {"name": "l", "units": "N/A"}, {"name": "r", "units": "N/A"}], "values": [[8, 26, 23, 33], [27, 59, 57, 62], [63, 94, 90, 94], [102, 121, 121, 113], [127, 120, 133, 117], [135, 117, 129, 115], [129, 116, 129, 109], [132, 101, 116, 100], [118, 87, 99, 91], [100, 81, 93, 97], [105, 81, 79, 93], [97, 63, 57, 70], [70, 22, 30, 39], [32, 5, 10, 15], [10, 5, 4, 5], [4, 4, 3, 4], [5, 6, 4, 3], [7, 2, 3, 4], [4, 2, 3, 4], [5, 3, 4, 4], [4, 4, 3, 5], [4, 4, 4, 6], [6, 4, 4, 4], [5, 3, 4, 5], [5, 3, 4, 6], [6, 4, 2, 3], [3, 1, 4, 4], [5, 4, 4, 6], [6, 4, 4, 3], [5, 4, 4, 4], [4, 4, 5, 4], [4, 3, 4, 7], [6, 4, 4, 4], [5, 4, 3, 4], [6, 4, 5, 7], [6, 4, 4, 4], [4, 4, 4, 5], [5, 3, 4, 5], [5, 4, 2, 6], [9, 6, 3, 4], [5, 4, 4, 4], [5, 4, 6, 7], [6, 4, 4, 3], [4, 4, 3, 5], [5, 2, 4, 7], [4, 4, 5, 2], [4, 2, 6, 6], [4, 3, 4, 4]]}}