{"protected": {"ver": "v1", "alg": "HS256", "iat": 1608146411.7458675}, "signature": "625f999ac9728b05469be492f3c2a6cda66073ef8794930c969bd84cc6e8e05b", "payload": {"device_name": "2A:68:65:37:E0:6A:9D:38", "device_type": "MANUAL-CAPTURE", "interval_ms": 3.389830508474576, "sensors": [{"name": "u", "units": "N/A"}, {"name": "d", "units": "N/A"}, {"name": "l", "units": "N/A"}, {"name": "r", "units": "N/A"}], "values": [[8, 30, 31, 40], [30, 66, 68, 76], [77, 110, 109, 113], [122, 139, 142, 134], [155, 139, 150, 131], [149, 123, 137, 121], [134, 114, 128, 113], [129, 102, 115, 100], [121, 88, 99, 94], [103, 85, 96, 93], [105, 80, 87, 84], [101, 72, 76, 74], [85, 46, 52, 49], [57, 15, 24, 25], [25, 5, 8, 7], [8, 6, 3, 4], [5, 1, 5, 6], [5, 4, 4, 4], [4, 3, 3, 4], [6, 4, 3, 3], [8, 5, 4, 4], [5, 4, 1, 4], [7, 5, 3, 3], [5, 3, 2, 3], [4, 3, 4, 8], [1, 2, 4, 6], [6, 6, 4, 4], [7, 4, 2, 4], [3, 2, 4, 6], [4, 2, 3, 4], [4, 3, 3, 4], [7, 4, 3, 3], [7, 6, 4, 5], [4, 3, 4, 4], [4, 4, 3, 4], [6, 4, 4, 4], [5, 4, 3, 4], [4, 4, 5, 5], [6, 6, 5, 4], [7, 4, 3, 4], [4, 1, 5, 5], [5, 3, 4, 4], [4, 2, 2, 4], [5, 4, 5, 4], [6, 4, 3, 4], [5, 4, 2, 4], [5, 3, 2, 4], [6, 3, 3, 4]]}}