{"protected": {"ver": "v1", "alg": "HS256", "iat": 1608146411.719869}, "signature": "99b1fc7fd03eb95bd2ed1e65299a5f70e3fa4b1a781b68fe63a6f0fe97059e66", "payload": {"device_name": "2A:68:65:37:E0:6A:9D:38", "device_type": "MANUAL-CAPTURE", "interval_ms": 3.389830508474576, "sensors": [{"name": "u", "units": "N/A"}, {"name": "d", "units": "N/A"}, {"name": "l", "units": "N/A"}, {"name": "r", "units": "N/A"}], "values": [[5, 20, 18, 26], [17, 41, 38, 46], [38, 62, 60, 65], [64, 81, 78, 80], [88, 89, 92, 88], [98, 85, 93, 85], [95, 78, 86, 78], [87, 65, 72, 67], [77, 56, 60, 62], [66, 48, 52, 59], [61, 37, 39, 50], [51, 29, 31, 42], [42, 20, 20, 30], [29, 10, 10, 16], [19, 4, 8, 12], [10, 4, 4, 6], [6, 3, 5, 6], [5, 3, 7, 6], [7, 3, 0, 5], [6, 4, 6, 7], [5, 5, 3, 5], [4, 4, 4, 4], [5, 3, 5, 5], [5, 2, 4, 4], [5, 4, 1, 2], [3, 2, 4, 5], [4, 3, 5, 7], [6, 4, 4, 4], [6, 4, 4, 6], [6, 5, 4, 4], [5, 4, 5, 5], [5, 4, 4, 5], [6, 4, 3, 4], [3, 2, 4, 4], [6, 4, 4, 4], [4, 3, 6, 4], [5, 4, 5, 5], [4, 4, 2, 3], [4, 6, 4, 5], [4, 4, 4, 7], [8, 4, 4, 6], [5, 6, 4, 4], [4, 2, 4, 4], [4, 3, 5, 8], [4, 4, 4, 5], [4, 3, 4, 6], [6, 5, 4, 4], [4, 3, 4, 5]]}}