{"protected": {"ver": "v1", "alg": "HS256", "iat": 1608146411.7548697}, "signature": "f3d9c05a9669820069f2d18683a7f42f71192eedd811beba3ff4a0ecd413c4dd", "payload": {"device_name": "2A:68:65:37:E0:6A:9D:38", "device_type": "MANUAL-CAPTURE", "interval_ms": 3.389830508474576, "sensors": [{"name": "u", "units": "N/A"}, {"name": "d", "units": "N/A"}, {"name": "l", "units": "N/A"}, {"name": "r", "units": "N/A"}], "values": [[9, 26, 23, 30], [20, 48, 44, 52], [49, 78, 76, 77], [81, 103, 101, 97], [106, 115, 121, 106], [120, 106, 121, 102], [120, 104, 120, 100], [115, 96, 110, 95], [115, 81, 93, 81], [97, 71, 74, 76], [86, 59, 59, 72], [74, 48, 43, 62], [61, 36, 31, 50], [45, 14, 17, 23], [19, 4, 4, 8], [9, 3, 4, 4], [4, 2, 1, 4], [5, 4, 4, 4], [6, 1, 4, 4], [6, 6, 5, 5], [5, 2, 4, 4], [6, 4, 3, 4], [4, 3, 3, 5], [3, 4, 4, 6], [4, 4, 3, 4], [5, 5, 3, 4], [5, 3, 2, 4], [5, 4, 4, 5], [6, 4, 5, 7], [5, 3, 4, 4], [5, 3, 3, 6], [4, 2, 3, 4], [8, 5, 4, 4], [4, 4, 3, 4], [4, 2, 4, 4], [4, 3, 4, 4], [7, 4, 4, 5], [6, 5, 4, 7], [7, 4, 3, 4], [3, 1, 2, 4], [5, 3, 4, 4], [4, 4, 2, 4], [4, 4, 3, 3], [8, 4, 3, 4], [5, 3, 4, 5], [5, 3, 0, 4], [5, 4, 4, 5], [5, 2, 4, 4]]}}