{"protected": {"ver": "v1", "alg": "HS256", "iat": 1608146411.7138698}, "signature": "e7f2d38fbdaa8d03d3e2f741e753af9186736a2aa76c142dc5a7d18e44dc1e38", "payload": {"device_name": "2A:68:65:37:E0:6A:9D:38", "device_type": "MANUAL-CAPTURE", "interval_ms": 3.389830508474576, "sensors": [{"name": "u", "units": "N/A"}, {"name": "d", "units": "N/A"}, {"name": "l", "units": "N/A"}, {"name": "r", "units": "N/A"}], "values": [[12, 24, 17, 25], [20, 31, 25, 32], [30, 38, 35, 41], [37, 39, 39, 41], [47, 40, 39, 41], [46, 34, 33, 37], [39, 25, 25, 30], [32, 19, 20, 25], [28, 15, 17, 23], [25, 12, 12, 18], [17, 6, 10, 14], [12, 5, 5, 9], [9, 4, 2, 5], [6, 4, 2, 4], [4, 3, 4, 5], [4, 3, 1, 2], [5, 4, 4, 4], [5, 3, 5, 8], [5, 4, 2, 4], [5, 4, 4, 6], [6, 5, 3, 5], [4, 4, 3, 4], [5, 4, 4, 5], [5, 6, 4, 6], [3, 3, 4, 6], [4, 4, 4, 4], [5, 4, 5, 5], [6, 4, 3, 4], [5, 2, 4, 4], [6, 2, 3, 5], [4, 3, 2, 4], [6, 4, 3, 4], [6, 4, 4, 5], [7, 5, 3, 4], [4, 4, 5, 7], [4, 4, 4, 4], [4, 3, 2, 3], [7, 6, 5, 4], [4, 2, 4, 4], [5, 4, 0, 3], [4, 3, 3, 4], [4, 2, 4, 5], [4, 4, 2, 4], [5, 4, 1, 4], [7, 4, 5, 4], [4, 1, 2, 5], [5, 4, 2, 4], [5, 4, 4, 5]]}}