{"protected": {"ver": "v1", "alg": "HS256", "iat": 1608146411.7338657}, "signature": "7367dbc45a5ffe3aaa5b2bd4ad5526bcaf1631d0441c12428a65e3fbb494c5b2", "payload": {"device_name": "2A:68:65:37:E0:6A:9D:38", "device_type": "MANUAL-CAPTURE", "interval_ms": 3.389830508474576, "sensors": [{"name": "u", "units": "N/A"}, {"name": "d", "units": "N/A"}, {"name": "l", "units": "N/A"}, {"name": "r", "units": "N/A"}], "values": [[6, 19, 19, 30], [18, 52, 50, 60], [58, 97, 98, 101], [106, 132, 134, 130], [143, 144, 154, 138], [157, 136, 152, 132], [152, 134, 146, 130], [150, 137, 151, 132], [155, 127, 143, 128], [147, 127, 143, 136], [158, 129, 139, 142], [157, 108, 108, 115], [122, 57, 63, 66], [66, 13, 21, 24], [24, 6, 8, 9], [8, 3, 5, 5], [4, 2, 2, 6], [6, 6, 5, 7], [7, 4, 3, 5], [7, 6, 4, 5], [4, 4, 3, 6], [4, 3, 2, 4], [6, 5, 4, 4], [6, 4, 3, 4], [5, 5, 1, 4], [4, 1, 4, 7], [4, 2, 3, 6], [5, 4, 3, 5], [4, 4, 3, 5], [5, 5, 2, 3], [5, 3, 4, 6], [5, 2, 5, 6], [5, 3, 4, 5], [5, 3, 3, 4], [4, 2, 4, 4], [4, 3, 5, 7], [4, 0, 5, 7], [5, 3, 4, 5], [6, 4, 4, 4], [6, 4, 2, 4], [3, 4, 0, 3], [4, 4, 4, 4], [4, 5, 4, 5], [4, 4, 4, 4], [4, 3, 4, 5], [7, 6, 4, 5], [5, 4, 2, 4], [5, 3, 5, 4]]}}