{"protected": {"ver": "v1", "alg": "HS256", "iat": 1608146411.7448692}, "signature": "83561fc13af8ab0ca2abb6a34810f8e460c00a193072f82b262b87c9d2f481fb", "payload": {"device_name": "2A:68:65:37:E0:6A:9D:38", "device_type": "MANUAL-CAPTURE", "interval_ms": 3.389830508474576, "sensors": [{"name": "u", "units": "N/A"}, {"name": "d", "units": "N/A"}, {"name": "l", "units": "N/A"}, {"name": "r", "units": "N/A"}], "values": [[7, 20, 16, 24], [16, 42, 36, 46], [39, 68, 61, 67], [66, 92, 90, 91], [94, 108, 110, 103], [115, 109, 117, 101], [116, 107, 121, 101], [116, 102, 116, 96], [119, 92, 106, 88], [108, 80, 91, 84], [96, 73, 77, 85], [93, 62, 61, 78], [76, 48, 42, 61], [59, 25, 26, 38], [38, 8, 9, 17], [18, 6, 4, 7], [9, 5, 3, 3], [8, 4, 3, 5], [4, 3, 2, 4], [5, 4, 4, 4], [5, 5, 4, 5], [7, 3, 4, 6], [5, 4, 3, 4], [5, 5, 4, 4], [4, 2, 4, 6], [5, 2, 3, 2], [4, 2, 5, 5], [6, 5, 5, 5], [3, 1, 4, 5], [7, 6, 4, 7], [5, 5, 4, 4], [7, 5, 4, 6], [5, 2, 3, 4], [5, 3, 6, 4], [4, 4, 3, 5], [5, 1, 3, 4], [5, 4, 2, 4], [7, 4, 4, 8], [5, 4, 4, 6], [7, 4, 4, 5], [5, 4, 4, 6], [5, 4, 3, 5], [6, 4, 4, 4], [6, 4, 1, 2], [8, 6, 4, 4], [4, 2, 4, 4], [6, 3, 4, 5], [6, 4, 4, 7]]}}