{"protected": {"ver": "v1", "alg": "HS256", "iat": 1608146411.69587}, "signature": "ca291ab3c9599cde203482a4eed2ef10c9b6b3ddfc9300ea19ce5b3e03d5bbe9", "payload": {"device_name": "2A:68:65:37:E0:6A:9D:38", "device_type": "MANUAL-CAPTURE", "interval_ms": 3.389830508474576, "sensors": [{"name": "u", "units": "N/A"}, {"name": "d", "units": "N/A"}, {"name": "l", "units": "N/A"}, {"name": "r", "units": "N/A"}], "values": [[10, 29, 27, 35], [32, 66, 64, 72], [75, 102, 102, 107], [115, 125, 129, 125], [142, 128, 139, 129], [147, 129, 143, 136], [150, 146, 156, 150], [176, 146, 156, 151], [172, 142, 164, 154], [178, 146, 178, 150], [190, 138, 162, 129], [161, 81, 99, 78], [88, 21, 27, 28], [26, 7, 5, 8], [7, 5, 4, 4], [4, 4, 4, 4], [6, 4, 4, 7], [3, 4, 4, 5], [6, 5, 4, 4], [4, 4, 7, 8], [5, 2, 4, 4], [6, 4, 2, 5], [4, 2, 4, 5], [5, 5, 4, 4], [3, 2, 3, 4], [4, 4, 2, 3], [5, 2, 3, 5], [4, 3, 4, 5], [4, 1, 4, 4], [6, 4, 3, 5], [4, 4, 4, 5], [7, 4, 4, 6], [6, 6, 4, 5], [4, 3, 3, 5], [4, 2, 6, 8], [5, 4, 5, 7], [8, 4, 4, 5], [6, 5, 3, 4], [4, 3, 5, 4], [7, 5, 5, 5], [7, 5, 3, 4], [3, 2, 5, 7], [7, 4, 4, 6], [4, 4, 3, 5], [4, 4, 4, 6], [7, 6, 3, 6], [4, 2, 2, 7], [3, 1, 3, 3]]}}