{"protected": {"ver": "v1", "alg": "HS256", "iat": 1608146411.7178702}, "signature": "efd38deaeae15a7191939e55201f5dddabfbbc0708796080d8f52f3f79a0af54", "payload": {"device_name": "2A:68:65:37:E0:6A:9D:38", "device_type": "MANUAL-CAPTURE", "interval_ms": 3.389830508474576, "sensors": [{"name": "u", "units": "N/A"}, {"name": "d", "units": "N/A"}, {"name": "l", "units": "N/A"}, {"name": "r", "units": "N/A"}], "values": [[6, 18, 13, 19], [13, 28, 26, 32], [27, 42, 37, 46], [41, 53, 51, 55], [57, 59, 59, 64], [66, 59, 60, 59], [67, 52, 56, 55], [65, 46, 49, 50], [56, 39, 42, 46], [50, 34, 36, 45], [45, 27, 28, 35], [38, 22, 25, 32], [32, 17, 16, 24], [20, 6, 8, 14], [15, 3, 4, 8], [6, 3, 4, 6], [5, 4, 4, 6], [5, 4, 4, 4], [5, 3, 4, 5], [7, 6, 2, 4], [5, 3, 3, 5], [4, 4, 2, 4], [5, 2, 3, 4], [6, 4, 1, 3], [5, 4, 5, 8], [7, 4, 4, 5], [4, 4, 4, 5], [5, 4, 4, 5], [2, 2, 3, 4], [4, 4, 3, 4], [4, 4, 4, 6], [4, 3, 3, 4], [4, 4, 4, 6], [7, 5, 2, 4], [4, 3, 2, 4], [5, 4, 5, 4], [4, 4, 4, 4], [5, 4, 5, 6], [7, 4, 4, 4], [4, 4, 4, 6], [4, 4, 4, 4], [5, 3, 1, 3], [6, 4, 4, 5], [4, 3, 4, 4], [5, 2, 4, 4], [7, 4, 4, 6], [3, 2, 3, 3], [6, 4, 3, 4]]}}