{"protected": {"ver": "v1", "alg": "HS256", "iat": 1608146411.7228734}, "signature": "3f4f8daac9e88bbd368a375a4bfb7e3733f356ecfaf6f4184b71a47abab7b17f", "payload": {"device_name": "2A:68:65:37:E0:6A:9D:38", "device_type": "MANUAL-CAPTURE", "interval_ms": 3.389830508474576, "sensors": [{"name": "u", "units": "N/A"}, {"name": "d", "units": "N/A"}, {"name": "l", "units": "N/A"}, {"name": "r", "units": "N/A"}], "values": [[11, 23, 18, 25], [19, 38, 33, 39], [39, 57, 50, 56], [56, 70, 69, 71], [78, 78, 83, 79], [87, 77, 83, 78], [88, 69, 73, 70], [84, 60, 68, 66], [75, 56, 62, 66], [71, 52, 55, 62], [69, 46, 48, 54], [60, 38, 39, 45], [51, 18, 22, 26], [26, 6, 10, 11], [11, 3, 4, 7], [7, 4, 2, 3], [6, 4, 2, 4], [6, 3, 4, 3], [5, 6, 5, 6], [4, 2, 1, 3], [5, 5, 4, 3], [5, 3, 2, 4], [6, 6, 4, 4], [7, 6, 4, 4], [7, 5, 3, 4], [6, 4, 4, 4], [6, 4, 5, 4], [4, 4, 3, 4], [6, 4, 3, 5], [6, 2, 4, 6], [5, 4, 3, 5], [4, 2, 3, 5], [7, 4, 4, 5], [4, 3, 4, 5], [3, 3, 5, 8], [6, 4, 2, 4], [4, 4, 4, 4], [4, 4, 2, 5], [4, 3, 3, 4], [5, 4, 3, 6], [0, 2, 5, 6], [4, 3, 4, 5], [6, 4, 0, 5], [6, 4, 4, 4], [5, 4, 3, 6], [6, 4, 4, 4], [4, 3, 3, 5], [4, 2, 4, 5]]}}