{"protected": {"ver": "v1", "alg": "HS256", "iat": 1608146411.716868}, "signature": "0182c6246b8c7d52e3141cc042f79ead5f28ea5d6ec3217dc793937cda437cb8", "payload": {"device_name": "2A:68:65:37:E0:6A:9D:38", "device_type": "MANUAL-CAPTURE", "interval_ms": 3.389830508474576, "sensors": [{"name": "u", "units": "N/A"}, {"name": "d", "units": "N/A"}, {"name": "l", "units": "N/A"}, {"name": "r", "units": "N/A"}], "values": [[6, 25, 23, 33], [26, 53, 51, 63], [65, 89, 82, 92], [97, 108, 112, 110], [122, 108, 120, 109], [120, 101, 111, 98], [114, 85, 96, 84], [103, 66, 73, 69], [80, 53, 53, 60], [61, 38, 39, 52], [50, 31, 23, 39], [41, 24, 17, 33], [31, 10, 12, 20], [18, 4, 4, 9], [7, 3, 4, 7], [6, 2, 4, 4], [6, 4, 4, 5], [5, 4, 3, 3], [4, 4, 4, 5], [7, 5, 4, 4], [5, 4, 6, 7], [4, 3, 5, 4], [4, 4, 4, 4], [5, 2, 5, 7], [4, 1, 4, 4], [6, 5, 4, 6], [4, 3, 6, 9], [7, 4, 5, 6], [5, 3, 2, 4], [5, 4, 4, 7], [4, 4, 4, 5], [6, 3, 3, 4], [4, 4, 3, 4], [5, 4, 4, 7], [5, 4, 1, 4], [5, 5, 4, 4], [5, 5, 4, 4], [5, 4, 5, 6], [7, 4, 4, 4], [8, 4, 5, 9], [4, 4, 4, 5], [5, 5, 4, 6], [5, 5, 6, 6], [4, 4, 5, 6], [5, 3, 3, 5], [3, 2, 6, 6], [4, 4, 4, 4], [4, 4, 4, 5]]}}