{"protected": {"ver": "v1", "alg": "HS256", "iat": 1608146411.7038686}, "signature": "b914f2f761812572db68c642ee14bb31de3a1bb600e7a2ebf969eb17b6708c13", "payload": {"device_name": "2A:68:65:37:E0:6A:9D:38", "device_type": "MANUAL-CAPTURE", "interval_ms": 3.389830508474576, "sensors": [{"name": "u", "units": "N/A"}, {"name": "d", "units": "N/A"}, {"name": "l", "units": "N/A"}, {"name": "r", "units": "N/A"}], "values": [[5, 16, 18, 29], [24, 61, 59, 85], [87, 123, 114, 150], [154, 172, 173, 197], [216, 202, 220, 212], [242, 207, 226, 204], [234, 177, 192, 178], [204, 132, 134, 133], [146, 74, 82, 86], [88, 28, 35, 48], [43, 16, 9, 27], [27, 12, 6, 21], [17, 5, 4, 11], [9, 4, 3, 5], [5, 3, 4, 4], [4, 3, 4, 6], [4, 2, 4, 4], [4, 4, 3, 7], [5, 4, 4, 5], [4, 5, 2, 2], [4, 5, 3, 4], [7, 5, 5, 5], [6, 4, 4, 5], [5, 4, 4, 4], [5, 4, 4, 6], [5, 3, 4, 4], [4, 3, 4, 6], [6, 3, 4, 5], [5, 4, 5, 5], [5, 4, 3, 4], [6, 4, 3, 5], [4, 3, 1, 5], [7, 5, 4, 4], [5, 3, 4, 4], [4, 3, 5, 4], [4, 4, 5, 5], [4, 3, 2, 4], [5, 2, 3, 3], [4, 4, 4, 4], [5, 6, 4, 6], [4, 2, 4, 4], [4, 3, 3, 7], [4, 2, 4, 6], [5, 4, 5, 6], [4, 3, 6, 6], [5, 4, 3, 4], [5, 5, 3, 4], [4, 2, 5, 6]]}}