{"protected": {"ver": "v1", "alg": "HS256", "iat": 1608146411.7288692}, "signature": "905f5334871482d7f356b7a00d3cfc94b29b649b3ba97dd5a4b0ec3dbfbdee49", "payload": {"device_name": "2A:68:65:37:E0:6A:9D:38", "device_type": "MANUAL-CAPTURE", "interval_ms": 3.389830508474576, "sensors": [{"name": "u", "units": "N/A"}, {"name": "d", "units": "N/A"}, {"name": "l", "units": "N/A"}, {"name": "r", "units": "N/A"}], "values": [[8, 28, 26, 39], [29, 67, 65, 76], [76, 108, 108, 110], [116, 135, 137, 133], [150, 135, 144, 131], [148, 128, 138, 124], [143, 127, 135, 125], [145, 116, 127, 125], [135, 115, 117, 125], [136, 99, 101, 114], [120, 69, 72, 83], [83, 34, 39, 46], [45, 7, 16, 19], [16, 5, 5, 7], [4, 2, 4, 5], [4, 4, 2, 3], [8, 6, 4, 5], [4, 3, 6, 5], [5, 4, 6, 5], [4, 4, 2, 4], [4, 3, 4, 7], [4, 4, 4, 4], [6, 4, 4, 4], [4, 5, 5, 6], [5, 4, 4, 7], [4, 3, 3, 4], [4, 4, 6, 6], [7, 6, 5, 5], [4, 4, 7, 8], [5, 2, 5, 5], [9, 5, 7, 7], [6, 4, 4, 4], [4, 4, 4, 6], [4, 3, 2, 4], [5, 4, 1, 4], [6, 4, 5, 3], [2, 1, 2, 5], [4, 2, 5, 5], [4, 4, 4, 4], [4, 3, 4, 5], [5, 4, 4, 4], [5, 4, 5, 5], [6, 4, 2, 5], [6, 4, 3, 5], [5, 1, 4, 5], [4, 4, 4, 7], [2, 0, 3, 5], [4, 4, 4, 4]]}}