{"protected": {"ver": "v1", "alg": "HS256", "iat": 1608146411.7488704}, "signature": "8aadf042070af80abb90968c9bfbb983bd63c3899aa91304774d4d307bd8ab84", "payload": {"device_name": "2A:68:65:37:E0:6A:9D:38", "device_type": "MANUAL-CAPTURE", "interval_ms": 3.389830508474576, "sensors": [{"name": "u", "units": "N/A"}, {"name": "d", "units": "N/A"}, {"name": "l", "units": "N/A"}, {"name": "r", "units": "N/A"}], "values": [[8, 16, 17, 27], [20, 59, 64, 80], [80, 132, 137, 149], [171, 194, 203, 196], [231, 204, 230, 201], [233, 181, 207, 180], [208, 172, 196, 178], [205, 170, 196, 176], [206, 156, 179, 164], [189, 148, 170, 170], [196, 153, 169, 181], [205, 144, 147, 156], [169, 72, 79, 83], [78, 13, 19, 24], [18, 5, 4, 7], [5, 4, 3, 4], [5, 2, 4, 4], [4, 3, 3, 2], [6, 2, 4, 5], [5, 4, 2, 4], [4, 4, 4, 6], [4, 3, 4, 4], [6, 3, 3, 6], [4, 4, 5, 5], [6, 4, 3, 4], [5, 5, 6, 5], [3, 3, 4, 6], [4, 4, 3, 3], [4, 2, 4, 5], [6, 5, 4, 5], [4, 1, 3, 4], [5, 6, 5, 6], [5, 4, 4, 4], [5, 5, 3, 4], [2, 2, 5, 5], [5, 5, 5, 6], [5, 4, 5, 6], [4, 3, 4, 4], [5, 4, 4, 5], [8, 4, 6, 6], [6, 4, 4, 6], [4, 4, 4, 6], [7, 5, 3, 5], [8, 4, 4, 5], [4, 3, 4, 5], [5, 4, 5, 6], [6, 1, 4, 5], [4, 1, 3, 4]]}}