{"protected": {"ver": "v1", "alg": "HS256", "iat": 1608146411.7358692}, "signature": "4ff230ee58a7783c57165c84b4a5a2520c95362e1d1d98b731d1c880f3deed1e", "payload": {"device_name": "2A:68:65:37:E0:6A:9D:38", "device_type": "MANUAL-CAPTURE", "interval_ms": 3.389830508474576, "sensors": [{"name": "u", "units": "N/A"}, {"name": "d", "units": "N/A"}, {"name": "l", "units": "N/A"}, {"name": "r", "units": "N/A"}], "values": [[12, 31, 28, 39], [29, 54, 51, 61], [57, 82, 79, 83], [85, 99, 100, 96], [108, 102, 113, 100], [113, 99, 108, 95], [111, 93, 105, 91], [108, 80, 89, 84], [95, 72, 76, 81], [90, 60, 63, 73], [76, 42, 44, 59], [60, 29, 25, 37], [39, 11, 12, 20], [18, 6, 6, 9], [4, 3, 3, 4], [5, 4, 4, 5], [5, 2, 3, 3], [2, 2, 3, 5], [5, 4, 4, 4], [5, 3, 2, 3], [4, 4, 5, 6], [5, 3, 3, 4], [4, 3, 4, 5], [4, 4, 5, 7], [6, 4, 4, 5], [6, 4, 4, 5], [3, 0, 4, 4], [3, 1, 4, 5], [5, 4, 4, 6], [4, 4, 4, 4], [3, 2, 4, 5], [4, 3, 4, 3], [5, 4, 5, 6], [5, 4, 0, 4], [4, 0, 3, 6], [5, 2, 3, 4], [7, 5, 3, 5], [5, 4, 5, 5], [5, 4, 2, 2], [4, 3, 5, 7], [4, 4, 2, 6], [5, 2, 3, 5], [6, 4, 4, 3], [6, 3, 4, 5], [8, 5, 4, 4], [7, 5, 6, 7], [5, 3, 4, 5], [5, 3, 4, 6]]}}