{"protected": {"ver": "v1", "alg": "HS256", "iat": 1608146411.7308686}, "signature": "b9f4386d38ac14f68bd2b53918014336fda4a5623257f15601512989178ca176", "payload": {"device_name": "2A:68:65:37:E0:6A:9D:38", "device_type": "MANUAL-CAPTURE", "interval_ms": 3.389830508474576, "sensors": [{"name": "u", "units": "N/A"}, {"name": "d", "units": "N/A"}, {"name": "l", "units": "N/A"}, {"name": "r", "units": "N/A"}], "values": [[6, 16, 14, 24], [16, 42, 36, 49], [39, 74, 67, 81], [82, 107, 106, 110], [115, 124, 128, 123], [136, 118, 134, 119], [129, 110, 122, 108], [123, 104, 114, 103], [119, 98, 108, 101], [110, 92, 97, 96], [108, 80, 88, 83], [96, 55, 68, 63], [73, 35, 44, 42], [46, 14, 19, 19], [21, 4, 10, 12], [9, 3, 4, 7], [8, 4, 4, 6], [3, 2, 3, 5], [6, 4, 4, 4], [4, 5, 4, 5], [6, 4, 5, 5], [4, 3, 4, 4], [4, 3, 4, 6], [4, 3, 3, 4], [5, 3, 4, 5], [4, 4, 4, 5], [5, 4, 3, 5], [6, 4, 5, 7], [4, 3, 3, 5], [4, 4, 3, 3], [5, 4, 5, 7], [3, 2, 4, 5], [5, 4, 3, 4], [5, 4, 4, 6], [6, 4, 2, 4], [7, 5, 5, 6], [5, 3, 4, 7], [5, 4, 4, 5], [6, 6, 4, 4], [5, 5, 4, 6], [3, 1, 3, 5], [5, 4, 5, 4], [5, 3, 2, 4], [4, 4, 4, 8], [6, 5, 4, 5], [4, 2, 2, 4], [4, 4, 3, 4], [4, 4, 1, 4]]}}