{"protected": {"ver": "v1", "alg": "HS256", "iat": 1608146411.7528768}, "signature": "5358f51ae1298dc3625c4110a56e01f6058d0a37e46ba7a6aadf98fc6ea299c1", "payload": {"device_name": "2A:68:65:37:E0:6A:9D:38", "device_type": "MANUAL-CAPTURE", "interval_ms": 3.389830508474576, "sensors": [{"name": "u", "units": "N/A"}, {"name": "d", "units": "N/A"}, {"name": "l", "units": "N/A"}, {"name": "r", "units": "N/A"}], "values": [[11, 32, 29, 34], [28, 58, 55, 60], [58, 87, 82, 85], [91, 109, 108, 105], [119, 117, 124, 115], [132, 115, 129, 117], [132, 123, 136, 129], [141, 127, 142, 133], [152, 133, 151, 138], [156, 138, 162, 137], [168, 126, 153, 122], [157, 96, 114, 89], [117, 51, 65, 54], [64, 14, 24, 26], [25, 4, 6, 11], [10, 5, 5, 6], [6, 3, 2, 4], [5, 3, 4, 4], [5, 4, 3, 6], [4, 4, 4, 6], [4, 3, 4, 4], [4, 4, 3, 6], [6, 4, 3, 3], [5, 6, 3, 3], [4, 2, 6, 7], [4, 5, 4, 5], [3, 3, 4, 5], [5, 5, 5, 4], [7, 5, 3, 4], [5, 5, 4, 5], [5, 5, 4, 6], [4, 2, 4, 5], [5, 4, 2, 3], [5, 4, 4, 6], [5, 4, 3, 5], [5, 3, 1, 3], [4, 3, 3, 5], [4, 1, 3, 4], [5, 6, 4, 5], [4, 3, 4, 4], [5, 4, 4, 5], [5, 4, 4, 5], [5, 4, 4, 5], [6, 4, 3, 4], [4, 4, 4, 4], [4, 4, 3, 4], [4, 3, 4, 7], [3, 2, 1, 2]]}}