{"protected": {"ver": "v1", "alg": "HS256", "iat": 1608146411.7278743}, "signature": "6a1ff68661e3a88bd306e0732d05e9b993b9e7b1971dcac132686ce3e779403d", "payload": {"device_name": "2A:68:65:37:E0:6A:9D:38", "device_type": "MANUAL-CAPTURE", "interval_ms": 3.389830508474576, "sensors": [{"name": "u", "units": "N/A"}, {"name": "d", "units": "N/A"}, {"name": "l", "units": "N/A"}, {"name": "r", "units": "N/A"}], "values": [[11, 32, 22, 35], [29, 52, 45, 58], [52, 72, 67, 78], [76, 86, 87, 89], [92, 85, 92, 87], [90, 77, 82, 77], [88, 71, 73, 71], [80, 57, 57, 64], [67, 42, 39, 48], [53, 24, 28, 36], [36, 13, 14, 22], [24, 10, 7, 11], [11, 4, 4, 7], [4, 4, 5, 5], [4, 2, 4, 7], [7, 4, 4, 4], [4, 3, 4, 5], [6, 5, 5, 4], [5, 4, 4, 4], [4, 3, 4, 4], [5, 0, 4, 5], [4, 4, 4, 7], [4, 3, 3, 2], [6, 4, 3, 4], [4, 3, 4, 4], [6, 6, 6, 7], [7, 6, 4, 5], [3, 3, 4, 5], [4, 3, 2, 4], [6, 7, 4, 6], [7, 4, 0, 4], [5, 4, 4, 5], [4, 3, 4, 5], [5, 3, 4, 6], [4, 1, 4, 6], [4, 3, 2, 5], [4, 3, 3, 4], [5, 4, 2, 5], [3, 4, 4, 4], [6, 4, 4, 4], [5, 5, 5, 5], [4, 4, 5, 6], [4, 3, 4, 5], [5, 3, 3, 5], [4, 3, 5, 5], [6, 5, 4, 3], [3, 2, 7, 9], [4, 2, 5, 7]]}}