{"protected": {"ver": "v1", "alg": "HS256", "iat": 1608146411.740871}, "signature": "08535a858df2683801e7e7405f61b8d29b4c28e916c7115ed2b933b49600aff0", "payload": {"device_name": "2A:68:65:37:E0:6A:9D:38", "device_type": "MANUAL-CAPTURE", "interval_ms": 3.389830508474576, "sensors": [{"name": "u", "units": "N/A"}, {"name": "d", "units": "N/A"}, {"name": "l", "units": "N/A"}, {"name": "r", "units": "N/A"}], "values": [[9, 25, 20, 31], [20, 49, 41, 52], [49, 72, 64, 74], [69, 87, 82, 91], [89, 94, 97, 92], [105, 95, 101, 91], [103, 94, 102, 90], [102, 88, 99, 85], [103, 73, 84, 75], [90, 60, 69, 68], [73, 47, 48, 60], [61, 32, 32, 47], [46, 23, 17, 34], [33, 15, 11, 24], [18, 2, 7, 11], [11, 4, 1, 4], [6, 3, 4, 5], [4, 3, 4, 5], [7, 6, 3, 6], [5, 3, 4, 5], [5, 3, 4, 6], [4, 3, 1, 4], [4, 4, 4, 4], [4, 2, 4, 6], [4, 2, 4, 4], [7, 4, 4, 4], [6, 3, 2, 4], [4, 2, 4, 4], [4, 1, 6, 4], [5, 4, 4, 5], [5, 4, 4, 4], [7, 4, 3, 5], [4, 3, 2, 4], [6, 4, 3, 5], [6, 3, 4, 5], [4, 4, 3, 5], [4, 2, 5, 7], [5, 4, 3, 5], [5, 3, 2, 2], [4, 4, 4, 5], [6, 5, 6, 5], [6, 4, 4, 7], [5, 4, 4, 4], [4, 2, 5, 6], [7, 5, 3, 4], [4, 4, 0, 4], [5, 4, 4, 5], [4, 3, 4, 5]]}}