{"protected": {"ver": "v1", "alg": "HS256", "iat": 1608146411.7238717}, "signature": "249c13e0ac66cdd84627673bc0bf5371b186d3bdff9df0fb28c509d3149fb267", "payload": {"device_name": "2A:68:65:37:E0:6A:9D:38", "device_type": "MANUAL-CAPTURE", "interval_ms": 3.389830508474576, "sensors": [{"name": "u", "units": "N/A"}, {"name": "d", "units": "N/A"}, {"name": "l", "units": "N/A"}, {"name": "r", "units": "N/A"}], "values": [[13, 29, 24, 30], [28, 46, 44, 53], [47, 66, 60, 62], [68, 73, 73, 69], [79, 73, 80, 74], [80, 66, 74, 66], [80, 54, 65, 62], [67, 46, 49, 54], [60, 40, 38, 48], [50, 29, 26, 40], [38, 19, 17, 32], [27, 10, 11, 21], [14, 3, 4, 8], [5, 2, 7, 8], [5, 4, 4, 5], [4, 2, 4, 4], [3, 1, 4, 7], [4, 2, 4, 4], [4, 2, 4, 6], [3, 1, 5, 7], [6, 5, 5, 8], [5, 4, 4, 8], [6, 4, 5, 5], [6, 3, 2, 5], [5, 3, 6, 6], [6, 4, 4, 5], [4, 2, 3, 5], [4, 4, 4, 6], [4, 2, 2, 3], [6, 4, 3, 4], [6, 5, 1, 3], [4, 2, 4, 5], [8, 6, 4, 4], [5, 4, 3, 5], [4, 3, 4, 6], [8, 4, 4, 4], [5, 4, 3, 5], [7, 5, 2, 5], [4, 4, 4, 5], [5, 4, 3, 4], [4, 2, 3, 7], [4, 2, 3, 5], [4, 5, 3, 4], [4, 2, 4, 5], [4, 3, 2, 3], [6, 4, 5, 4], [6, 4, 7, 5], [7, 3, 2, 4]]}}