{"protected": {"ver": "v1", "alg": "HS256", "iat": 1608146411.7398715}, "signature": "b392bf11e199efd974049cd4037de03cd27965627bd4cb048fbe280a455dde41", "payload": {"device_name": "2A:68:65:37:E0:6A:9D:38", "device_type": "MANUAL-CAPTURE", "interval_ms": 3.389830508474576, "sensors": [{"name": "u", "units": "N/A"}, {"name": "d", "units": "N/A"}, {"name": "l", "units": "N/A"}, {"name": "r", "units": "N/A"}], "values": [[4, 16, 12, 21], [12, 39, 34, 46], [34, 71, 63, 74], [69, 101, 96, 104], [107, 132, 130, 129], [141, 145, 156, 139], [160, 142, 162, 135], [161, 135, 160, 131], [156, 139, 162, 131], [161, 135, 157, 128], [165, 124, 140, 120], [150, 109, 122, 118], [137, 99, 106, 122], [135, 92, 90, 123], [123, 79, 68, 103], [99, 42, 43, 68], [62, 13, 16, 27], [25, 4, 4, 8], [7, 4, 3, 5], [6, 5, 1, 3], [5, 2, 4, 4], [7, 6, 4, 5], [5, 4, 4, 5], [6, 4, 4, 4], [5, 3, 4, 4], [7, 6, 7, 5], [4, 4, 4, 4], [6, 4, 4, 4], [2, 1, 2, 3], [7, 3, 4, 3], [5, 4, 3, 5], [5, 3, 5, 6], [5, 4, 4, 4], [5, 3, 3, 3], [5, 1, 5, 4], [5, 3, 4, 6], [7, 4, 2, 4], [5, 3, 2, 3], [4, 0, 1, 3], [4, 2, 3, 5], [5, 3, 3, 4], [7, 3, 4, 5], [5, 4, 5, 5], [4, 1, 4, 5], [6, 4, 4, 5], [3, 3, 2, 4], [4, 2, 5, 6], [4, 4, 4, 6]]}}