{"protected": {"ver": "v1", "alg": "HS256", "iat": 1608146411.7028747}, "signature": "9c1f99536b24a864d601a927546043f5d3bfe60500bba30ddcd9461ce0daf490", "payload": {"device_name": "2A:68:65:37:E0:6A:9D:38", "device_type": "MANUAL-CAPTURE", "interval_ms": 3.389830508474576, "sensors": [{"name": "u", "units": "N/A"}, {"name": "d", "units": "N/A"}, {"name": "l", "units": "N/A"}, {"name": "r", "units": "N/A"}], "values": [[9, 20, 17, 23], [14, 28, 24, 32], [26, 37, 32, 40], [36, 46, 41, 48], [46, 52, 49, 53], [55, 53, 59, 55], [60, 58, 59, 56], [62, 52, 58, 51], [65, 46, 51, 47], [56, 39, 41, 41], [47, 28, 30, 36], [40, 20, 18, 28], [29, 14, 12, 23], [19, 9, 5, 15], [16, 6, 5, 8], [8, 5, 3, 5], [5, 3, 4, 6], [6, 4, 3, 4], [6, 4, 1, 4], [4, 4, 3, 4], [7, 7, 4, 6], [4, 3, 5, 7], [5, 4, 4, 5], [6, 3, 4, 5], [4, 4, 2, 4], [7, 4, 4, 4], [4, 5, 3, 5], [4, 3, 5, 6], [4, 4, 4, 4], [4, 4, 5, 5], [3, 2, 4, 4], [3, 3, 2, 6], [5, 4, 4, 5], [6, 3, 5, 6], [4, 2, 4, 5], [4, 2, 2, 4], [4, 1, 3, 4], [6, 6, 1, 3], [4, 4, 6, 9], [2, 2, 4, 8], [5, 5, 4, 5], [7, 4, 3, 3], [6, 3, 3, 4], [5, 2, 5, 6], [6, 3, 2, 3], [6, 4, 4, 6], [6, 5, 5, 4], [4, 3, 4, 6]]}}