{"protected": {"ver": "v1", "alg": "HS256", "iat": 1608146411.7098677}, "signature": "0f18de13548c0960064dbb158cbf9e3a849e08e901a6dbf647952d1373e23ec3", "payload": {"device_name": "2A:68:65:37:E0:6A:9D:38", "device_type": "MANUAL-CAPTURE", "interval_ms": 3.389830508474576, "sensors": [{"name": "u", "units": "N/A"}, {"name": "d", "units": "N/A"}, {"name": "l", "units": "N/A"}, {"name": "r", "units": "N/A"}], "values": [[6, 20, 16, 25], [16, 39, 32, 46], [41, 63, 59, 66], [64, 84, 81, 87], [92, 94, 95, 93], [108, 93, 98, 92], [103, 90, 95, 92], [102, 83, 93, 91], [102, 83, 85, 89], [97, 83, 84, 86], [102, 72, 75, 77], [90, 53, 58, 60], [66, 31, 37, 38], [42, 10, 13, 17], [18, 6, 4, 8], [8, 4, 3, 5], [5, 4, 1, 3], [4, 4, 0, 3], [5, 3, 2, 4], [5, 3, 3, 5], [5, 3, 4, 4], [5, 3, 3, 6], [5, 3, 4, 7], [5, 3, 1, 4], [5, 4, 4, 5], [4, 4, 3, 4], [7, 3, 3, 4], [4, 4, 4, 5], [5, 4, 2, 5], [4, 2, 2, 3], [6, 4, 5, 5], [6, 4, 5, 5], [5, 3, 2, 4], [5, 4, 3, 4], [5, 4, 4, 5], [7, 5, 2, 4], [5, 5, 0, 3], [5, 2, 4, 5], [4, 4, 3, 4], [5, 4, 7, 6], [4, 4, 4, 4], [5, 3, 4, 5], [5, 1, 3, 4], [5, 6, 3, 5], [6, 4, 4, 5], [5, 4, 4, 4], [4, 0, 3, 4], [6, 5, 3, 4]]}}