{"protected": {"ver": "v1", "alg": "HS256", "iat": 1608146411.706866}, "signature": "2bc4d8ed60e95037ed12053e3849eb2dacf4ab7d9ad570a017aa9b1859ba43f3", "payload": {"device_name": "2A:68:65:37:E0:6A:9D:38", "device_type": "MANUAL-CAPTURE", "interval_ms": 3.389830508474576, "sensors": [{"name": "u", "units": "N/A"}, {"name": "d", "units": "N/A"}, {"name": "l", "units": "N/A"}, {"name": "r", "units": "N/A"}], "values": [[7, 25, 22, 30], [21, 47, 42, 51], [46, 71, 67, 73], [73, 93, 92, 94], [96, 102, 103, 99], [111, 101, 108, 100], [111, 99, 106, 99], [111, 94, 103, 99], [111, 82, 91, 88], [101, 79, 87, 87], [96, 80, 91, 90], [102, 79, 87, 85], [102, 72, 79, 72], [87, 45, 56, 49], [62, 19, 32, 30], [32, 6, 11, 12], [12, 4, 4, 7], [4, 2, 4, 4], [6, 4, 4, 5], [4, 3, 4, 4], [4, 3, 4, 4], [4, 2, 3, 4], [3, 1, 4, 5], [4, 4, 4, 5], [5, 4, 4, 5], [5, 4, 3, 4], [6, 5, 4, 7], [6, 5, 2, 4], [5, 4, 5, 5], [4, 2, 4, 4], [5, 4, 2, 4], [5, 4, 5, 5], [5, 3, 5, 7], [7, 3, 4, 4], [4, 4, 2, 5], [7, 4, 3, 6], [4, 4, 6, 6], [3, 0, 3, 2], [6, 4, 4, 5], [6, 4, 4, 6], [4, 4, 5, 5], [4, 2, 4, 6], [4, 3, 2, 4], [4, 4, 4, 4], [5, 4, 3, 5], [6, 4, 4, 5], [5, 4, 4, 5], [4, 2, 4, 5]]}}