{"protected": {"ver": "v1", "alg": "HS256", "iat": 1608146411.7008677}, "signature": "5e4aa0ac3947b592c3379601979fb0481b248a6080051f82661fef819860783e", "payload": {"device_name": "2A:68:65:37:E0:6A:9D:38", "device_type": "MANUAL-CAPTURE", "interval_ms": 3.389830508474576, "sensors": [{"name": "u", "units": "N/A"}, {"name": "d", "units": "N/A"}, {"name": "l", "units": "N/A"}, {"name": "r", "units": "N/A"}], "values": [[9, 32, 33, 46], [39, 97, 100, 113], [118, 174, 187, 185], [217, 232, 247, 226], [255, 226, 255, 225], [255, 205, 240, 206], [240, 192, 220, 195], [226, 185, 219, 194], [233, 182, 210, 189], [230, 169, 189, 172], [207, 143, 179, 166], [195, 158, 201, 192], [237, 211, 228, 218], [255, 164, 186, 171], [195, 60, 78, 77], [71, 9, 14, 19], [10, 2, 5, 5], [7, 3, 4, 4], [4, 3, 5, 7], [4, 4, 4, 5], [7, 5, 4, 5], [4, 3, 2, 2], [7, 6, 5, 5], [4, 4, 4, 5], [7, 4, 4, 5], [4, 3, 4, 4], [7, 6, 5, 6], [4, 3, 3, 3], [7, 5, 3, 5], [4, 3, 0, 2], [4, 2, 4, 5], [4, 3, 4, 4], [4, 4, 3, 3], [4, 4, 3, 3], [1, 1, 4, 4], [6, 4, 2, 4], [4, 0, 3, 6], [4, 2, 4, 5], [4, 3, 4, 6], [3, 2, 4, 4], [6, 4, 5, 6], [2, 4, 3, 4], [4, 4, 4, 6], [5, 1, 3, 5], [5, 4, 4, 4], [4, 0, 2, 3], [2, 1, 1, 3], [4, 4, 4, 6]]}}