{"protected": {"ver": "v1", "alg": "HS256", "iat": 1608146411.7158673}, "signature": "f5d57b8466c50f6cad3363da2a51171ebf4da958c93756f81aee8eff75fdd967", "payload": {"device_name": "2A:68:65:37:E0:6A:9D:38", "device_type": "MANUAL-CAPTURE", "interval_ms": 3.389830508474576, "sensors": [{"name": "u", "units": "N/A"}, {"name": "d", "units": "N/A"}, {"name": "l", "units": "N/A"}, {"name": "r", "units": "N/A"}], "values": [[11, 26, 22, 32], [25, 51, 48, 53], [55, 83, 79, 85], [86, 100, 99, 97], [109, 103, 110, 102], [111, 95, 102, 95], [109, 88, 91, 84], [102, 73, 76, 77], [87, 64, 67, 71], [78, 60, 61, 68], [77, 52, 53, 60], [63, 39, 40, 48], [51, 21, 26, 31], [33, 8, 10, 14], [15, 6, 4, 4], [4, 2, 2, 4], [7, 4, 3, 3], [5, 3, 3, 5], [4, 3, 4, 6], [6, 4, 4, 4], [4, 2, 2, 3], [4, 4, 3, 5], [3, 3, 2, 4], [6, 4, 5, 6], [5, 4, 5, 5], [4, 4, 4, 5], [4, 1, 7, 7], [5, 4, 4, 6], [5, 4, 3, 4], [4, 4, 4, 4], [4, 2, 4, 5], [3, 3, 3, 4], [6, 3, 3, 5], [5, 4, 5, 4], [4, 3, 4, 6], [5, 4, 5, 5], [4, 5, 3, 3], [7, 5, 4, 5], [8, 5, 4, 3], [3, 3, 1, 2], [6, 4, 4, 4], [6, 5, 4, 4], [5, 2, 4, 6], [5, 3, 3, 6], [3, 4, 2, 2], [6, 4, 6, 6], [4, 3, 4, 3], [5, 6, 4, 5]]}}