{"protected": {"ver": "v1", "alg": "HS256", "iat": 1608144160.657397}, "signature": "14ccd43f6da82aee91d71a56ff91e95dbd90ba1309ec5ba7e9ec238d7dca29eb", "payload": {"device_name": "2A:68:65:37:E0:6A:9D:38", "device_type": "MANUAL-CAPTURE", "interval_ms": 3.389830508474576, "sensors": [{"name": "u", "units": "N/A"}, {"name": "d", "units": "N/A"}, {"name": "l", "units": "N/A"}, {"name": "r", "units": "N/A"}], "values": [[11, 13, 23, 8], [18, 16, 26, 8], [20, 20, 28, 9], [22, 22, 33, 12], [25, 25, 37, 17], [32, 31, 40, 19], [33, 31, 46, 24], [36, 36, 50, 27], [39, 37, 55, 34], [47, 44, 60, 37], [54, 50, 66, 40], [57, 49, 66, 44], [64, 55, 69, 48], [67, 55, 70, 53], [72, 60, 69, 54], [73, 59, 73, 60], [75, 61, 73, 64], [79, 62, 73, 66], [77, 60, 70, 67], [79, 62, 70, 69], [78, 59, 71, 70], [76, 58, 67, 70], [74, 59, 61, 66], [74, 56, 60, 65], [71, 53, 56, 65], [66, 50, 53, 65], [62, 47, 45, 60], [61, 45, 40, 57], [55, 41, 38, 52], [50, 40, 33, 50], [48, 35, 28, 47], [42, 31, 25, 44], [39, 29, 22, 42], [34, 25, 19, 37], [31, 22, 15, 32], [28, 18, 12, 27], [24, 15, 11, 25], [23, 15, 8, 22], [18, 12, 6, 18], [17, 11, 4, 16], [14, 9, 2, 13], [13, 7, 4, 12], [13, 8, 4, 10], [10, 4, 5, 11], [8, 5, 4, 9], [8, 6, 4, 9], [8, 4, 4, 5], [6, 4, 2, 3]]}}