{"protected": {"ver": "v1", "alg": "HS256", "iat": 1608144160.6873975}, "signature": "823c67d73cd6ad5d7329ab551105706411b2c54fb5951d6910d4cc506d5fa01b", "payload": {"device_name": "2A:68:65:37:E0:6A:9D:38", "device_type": "MANUAL-CAPTURE", "interval_ms": 3.389830508474576, "sensors": [{"name": "u", "units": "N/A"}, {"name": "d", "units": "N/A"}, {"name": "l", "units": "N/A"}, {"name": "r", "units": "N/A"}], "values": [[14, 17, 25, 6], [18, 19, 33, 11], [23, 24, 38, 13], [29, 28, 46, 19], [36, 33, 50, 23], [39, 39, 55, 30], [46, 44, 63, 35], [53, 51, 68, 39], [61, 56, 74, 46], [67, 57, 74, 50], [68, 59, 75, 53], [75, 64, 74, 60], [79, 65, 76, 62], [77, 60, 73, 65], [76, 61, 72, 67], [79, 60, 67, 66], [74, 59, 65, 65], [73, 58, 60, 62], [70, 55, 56, 63], [67, 53, 53, 57], [62, 49, 49, 58], [59, 45, 41, 53], [54, 38, 36, 49], [48, 39, 31, 45], [42, 33, 28, 40], [39, 29, 24, 39], [32, 24, 19, 34], [32, 24, 14, 28], [26, 18, 14, 26], [23, 17, 11, 24], [21, 14, 11, 21], [18, 11, 7, 19], [16, 10, 10, 18], [16, 12, 4, 13], [14, 10, 3, 11], [12, 8, 4, 11], [11, 6, 6, 11], [11, 7, 3, 8], [11, 7, 5, 10], [9, 5, 4, 7], [5, 3, 4, 6], [9, 7, 3, 5], [10, 7, 3, 5], [5, 4, 6, 4], [6, 7, 3, 4], [4, 4, 3, 4], [8, 7, 3, 5], [6, 6, 4, 5]]}}