{"protected": {"ver": "v1", "alg": "HS256", "iat": 1608144160.934792}, "signature": "d12c6bb5278b196940854b1187303eba82dc657c2279444eb75ecc9cff766dbc", "payload": {"device_name": "2A:68:65:37:E0:6A:9D:38", "device_type": "MANUAL-CAPTURE", "interval_ms": 3.389830508474576, "sensors": [{"name": "u", "units": "N/A"}, {"name": "d", "units": "N/A"}, {"name": "l", "units": "N/A"}, {"name": "r", "units": "N/A"}], "values": [[15, 15, 28, 7], [24, 26, 40, 11], [31, 32, 53, 22], [43, 43, 64, 31], [53, 53, 77, 43], [62, 60, 81, 52], [71, 67, 92, 64], [80, 73, 94, 70], [85, 84, 98, 78], [91, 88, 97, 82], [94, 93, 96, 83], [96, 92, 101, 88], [95, 95, 100, 89], [94, 95, 98, 94], [94, 94, 90, 92], [94, 94, 82, 91], [85, 91, 74, 93], [78, 85, 63, 85], [68, 76, 53, 81], [61, 67, 45, 73], [52, 55, 39, 64], [47, 51, 33, 58], [41, 43, 26, 52], [34, 37, 20, 44], [31, 31, 15, 37], [27, 29, 13, 35], [23, 23, 11, 31], [20, 20, 10, 25], [18, 16, 5, 19], [18, 19, 7, 19], [13, 12, 5, 18], [13, 11, 3, 15], [12, 11, 5, 15], [11, 11, 4, 13], [11, 11, 3, 10], [9, 9, 8, 14], [10, 9, 4, 10], [10, 6, 4, 8], [7, 7, 3, 8], [7, 7, 4, 8], [9, 8, 5, 10], [6, 4, 3, 8], [5, 4, 5, 6], [6, 5, 6, 8], [8, 7, 2, 4], [7, 4, 4, 8], [5, 4, 2, 4], [4, 3, 4, 7]]}}