{"protected": {"ver": "v1", "alg": "HS256", "iat": 1608144160.8777933}, "signature": "918ae91219a3ebef49acfffe9fc1e2b2bfc2acc47d72b746e23fd0e10500dd15", "payload": {"device_name": "2A:68:65:37:E0:6A:9D:38", "device_type": "MANUAL-CAPTURE", "interval_ms": 3.389830508474576, "sensors": [{"name": "u", "units": "N/A"}, {"name": "d", "units": "N/A"}, {"name": "l", "units": "N/A"}, {"name": "r", "units": "N/A"}], "values": [[16, 13, 21, 8], [21, 16, 25, 11], [25, 19, 29, 14], [26, 21, 32, 14], [30, 24, 34, 15], [34, 28, 39, 21], [32, 26, 41, 24], [39, 31, 46, 29], [41, 33, 46, 30], [46, 38, 50, 32], [48, 38, 54, 38], [51, 40, 55, 41], [53, 42, 57, 41], [58, 45, 58, 44], [60, 50, 64, 50], [63, 49, 64, 48], [68, 54, 67, 53], [68, 55, 67, 52], [70, 58, 66, 58], [75, 59, 64, 58], [73, 56, 64, 62], [66, 58, 60, 63], [66, 56, 54, 61], [64, 52, 48, 61], [59, 50, 44, 62], [55, 48, 39, 57], [52, 45, 32, 53], [46, 38, 27, 48], [44, 34, 24, 47], [38, 32, 18, 43], [33, 27, 17, 38], [27, 23, 11, 33], [25, 18, 11, 31], [21, 17, 10, 27], [19, 17, 7, 22], [17, 14, 6, 18], [15, 11, 5, 16], [14, 11, 3, 15], [12, 10, 4, 12], [10, 9, 4, 14], [9, 8, 4, 9], [11, 7, 3, 8], [8, 7, 5, 11], [8, 6, 4, 9], [6, 4, 4, 8], [6, 6, 4, 7], [6, 4, 5, 6], [7, 4, 5, 6]]}}