{"protected": {"ver": "v1", "alg": "HS256", "iat": 1608144160.8327928}, "signature": "ccbde9fccdf16c0a258e9d855fc9ced1937693951d3c50c05f9c608e4d6982fc", "payload": {"device_name": "2A:68:65:37:E0:6A:9D:38", "device_type": "MANUAL-CAPTURE", "interval_ms": 3.389830508474576, "sensors": [{"name": "u", "units": "N/A"}, {"name": "d", "units": "N/A"}, {"name": "l", "units": "N/A"}, {"name": "r", "units": "N/A"}], "values": [[14, 15, 22, 4], [18, 18, 32, 11], [19, 23, 33, 13], [25, 28, 42, 18], [29, 27, 43, 18], [32, 31, 48, 23], [39, 36, 53, 31], [43, 38, 53, 31], [46, 42, 59, 39], [52, 48, 61, 43], [55, 53, 66, 49], [59, 56, 70, 53], [63, 59, 67, 56], [63, 60, 65, 56], [64, 61, 66, 58], [66, 59, 67, 60], [66, 62, 64, 60], [69, 62, 66, 60], [69, 63, 66, 65], [67, 63, 62, 61], [66, 63, 65, 64], [62, 60, 61, 61], [60, 59, 58, 64], [60, 60, 54, 63], [58, 59, 49, 60], [55, 57, 45, 63], [49, 50, 41, 59], [46, 48, 37, 55], [43, 45, 32, 51], [39, 42, 26, 46], [32, 36, 25, 46], [32, 33, 18, 41], [29, 31, 18, 38], [25, 26, 14, 32], [21, 24, 10, 27], [22, 23, 11, 26], [16, 17, 9, 23], [17, 17, 8, 20], [14, 15, 5, 16], [11, 11, 6, 15], [11, 12, 5, 14], [9, 8, 6, 12], [11, 9, 6, 11], [9, 9, 3, 8], [4, 4, 4, 7], [6, 5, 3, 8], [6, 5, 4, 7], [6, 6, 4, 7]]}}