{"protected": {"ver": "v1", "alg": "HS256", "iat": 1608144160.8347936}, "signature": "4164ced080407df6c4d0bf6b41363357dc5ea04d0e445ea8f501fe87bc2da9ec", "payload": {"device_name": "2A:68:65:37:E0:6A:9D:38", "device_type": "MANUAL-CAPTURE", "interval_ms": 3.389830508474576, "sensors": [{"name": "u", "units": "N/A"}, {"name": "d", "units": "N/A"}, {"name": "l", "units": "N/A"}, {"name": "r", "units": "N/A"}], "values": [[13, 15, 26, 7], [20, 20, 38, 10], [25, 27, 46, 15], [35, 32, 60, 19], [42, 41, 66, 29], [53, 49, 73, 37], [60, 53, 80, 47], [69, 62, 87, 56], [76, 70, 91, 66], [80, 74, 87, 71], [84, 76, 89, 76], [83, 78, 87, 78], [86, 81, 84, 81], [85, 80, 79, 79], [85, 82, 81, 79], [85, 83, 80, 79], [83, 79, 78, 78], [78, 77, 75, 76], [78, 77, 74, 78], [76, 73, 71, 75], [71, 70, 66, 74], [69, 67, 62, 73], [67, 65, 53, 70], [63, 64, 51, 67], [56, 56, 44, 64], [53, 53, 39, 61], [49, 50, 34, 55], [44, 44, 30, 51], [40, 40, 26, 49], [37, 38, 25, 46], [32, 32, 20, 42], [27, 29, 16, 34], [25, 25, 13, 32], [21, 22, 10, 26], [20, 21, 11, 29], [18, 19, 7, 24], [15, 18, 8, 19], [12, 13, 5, 18], [11, 11, 4, 16], [12, 11, 3, 12], [9, 10, 4, 11], [5, 8, 4, 11], [9, 10, 4, 11], [5, 5, 7, 8], [8, 8, 6, 11], [5, 7, 4, 8], [8, 8, 4, 8], [5, 4, 4, 7]]}}