{"protected": {"ver": "v1", "alg": "HS256", "iat": 1608144160.8477938}, "signature": "f69964067e21027c9b006e539ee73cc5bea7cf8e597fe8ef0c681a0eb5b61e5a", "payload": {"device_name": "2A:68:65:37:E0:6A:9D:38", "device_type": "MANUAL-CAPTURE", "interval_ms": 3.389830508474576, "sensors": [{"name": "u", "units": "N/A"}, {"name": "d", "units": "N/A"}, {"name": "l", "units": "N/A"}, {"name": "r", "units": "N/A"}], "values": [[13, 15, 23, 9], [17, 17, 29, 8], [21, 23, 33, 11], [24, 25, 40, 15], [29, 31, 45, 18], [39, 36, 50, 25], [43, 42, 57, 31], [46, 48, 61, 38], [54, 52, 69, 47], [60, 55, 71, 53], [63, 59, 72, 57], [69, 68, 73, 63], [69, 69, 76, 69], [75, 74, 78, 74], [75, 73, 75, 75], [78, 76, 74, 74], [77, 76, 74, 75], [77, 74, 73, 74], [74, 73, 70, 74], [73, 74, 68, 74], [71, 72, 65, 76], [68, 73, 60, 75], [66, 71, 55, 72], [60, 65, 50, 69], [58, 65, 47, 71], [52, 59, 41, 67], [49, 57, 34, 59], [44, 51, 29, 54], [39, 45, 27, 49], [32, 38, 18, 45], [28, 32, 17, 39], [23, 29, 14, 33], [19, 22, 8, 27], [21, 25, 10, 25], [15, 18, 8, 21], [14, 17, 5, 17], [11, 14, 7, 16], [9, 11, 5, 11], [10, 10, 4, 11], [9, 9, 5, 8], [8, 8, 6, 8], [4, 5, 5, 9], [8, 8, 7, 8], [8, 7, 6, 7], [5, 6, 6, 9], [7, 7, 4, 4], [5, 4, 5, 5], [6, 4, 4, 4]]}}