{"protected": {"ver": "v1", "alg": "HS256", "iat": 1608144160.8827913}, "signature": "01a530e0d9df43fcc7b37a239146aea865961bf0f9b9ffe4daf208830a17fd3b", "payload": {"device_name": "2A:68:65:37:E0:6A:9D:38", "device_type": "MANUAL-CAPTURE", "interval_ms": 3.389830508474576, "sensors": [{"name": "u", "units": "N/A"}, {"name": "d", "units": "N/A"}, {"name": "l", "units": "N/A"}, {"name": "r", "units": "N/A"}], "values": [[15, 14, 21, 7], [16, 17, 28, 10], [24, 21, 35, 12], [25, 23, 41, 14], [33, 28, 48, 20], [39, 33, 54, 27], [46, 41, 56, 31], [49, 43, 59, 36], [53, 46, 67, 43], [57, 49, 66, 45], [60, 52, 71, 50], [63, 52, 66, 49], [65, 54, 71, 55], [68, 59, 71, 59], [73, 60, 72, 58], [70, 61, 77, 60], [74, 64, 73, 58], [76, 65, 78, 61], [78, 67, 75, 62], [76, 66, 74, 66], [74, 66, 70, 67], [70, 64, 62, 67], [66, 62, 58, 65], [63, 57, 50, 64], [59, 52, 46, 62], [53, 49, 39, 56], [48, 44, 30, 51], [43, 39, 28, 48], [39, 31, 21, 40], [31, 27, 17, 38], [29, 23, 11, 32], [24, 21, 12, 28], [20, 17, 6, 23], [20, 16, 7, 20], [17, 12, 5, 18], [15, 14, 7, 18], [13, 9, 4, 16], [12, 8, 4, 11], [8, 7, 4, 11], [10, 5, 3, 10], [12, 8, 4, 8], [10, 8, 2, 6], [6, 4, 5, 8], [6, 4, 3, 5], [6, 3, 4, 8], [5, 4, 4, 7], [6, 6, 5, 8], [5, 3, 5, 6]]}}