{"protected": {"ver": "v1", "alg": "HS256", "iat": 1608144160.8077934}, "signature": "35c7afdfa7190caf8d3f13880a6787c00ed8a867dbf85d776b95f14cfe52e991", "payload": {"device_name": "2A:68:65:37:E0:6A:9D:38", "device_type": "MANUAL-CAPTURE", "interval_ms": 3.389830508474576, "sensors": [{"name": "u", "units": "N/A"}, {"name": "d", "units": "N/A"}, {"name": "l", "units": "N/A"}, {"name": "r", "units": "N/A"}], "values": [[13, 11, 21, 6], [17, 16, 23, 10], [18, 16, 24, 7], [23, 20, 29, 13], [25, 23, 31, 16], [28, 22, 33, 17], [30, 26, 36, 20], [34, 30, 39, 22], [33, 32, 45, 26], [39, 33, 43, 29], [41, 34, 46, 30], [41, 36, 47, 34], [44, 39, 47, 34], [46, 38, 52, 36], [45, 41, 52, 39], [48, 44, 52, 42], [47, 42, 51, 43], [51, 45, 52, 43], [48, 46, 50, 46], [48, 45, 47, 44], [46, 44, 47, 45], [47, 43, 41, 45], [44, 41, 40, 46], [44, 40, 35, 44], [40, 38, 32, 41], [37, 37, 29, 43], [34, 31, 28, 39], [33, 33, 25, 39], [32, 27, 20, 35], [27, 27, 18, 30], [27, 24, 17, 32], [24, 22, 15, 28], [23, 19, 9, 24], [20, 18, 10, 24], [18, 16, 6, 18], [15, 14, 7, 20], [12, 12, 6, 18], [12, 11, 6, 17], [12, 11, 4, 15], [13, 13, 4, 11], [10, 8, 3, 12], [6, 7, 5, 11], [10, 8, 4, 12], [9, 8, 5, 10], [8, 6, 2, 8], [7, 6, 4, 10], [6, 7, 5, 10], [10, 8, 4, 9]]}}