{"protected": {"ver": "v1", "alg": "HS256", "iat": 1608144161.3557909}, "signature": "343dfc3e5d0b5568c8238a81f6c4a6bd20dc4e34c4b8f9d18634471b0cd5a0a5", "payload": {"device_name": "2A:68:65:37:E0:6A:9D:38", "device_type": "MANUAL-CAPTURE", "interval_ms": 3.389830508474576, "sensors": [{"name": "u", "units": "N/A"}, {"name": "d", "units": "N/A"}, {"name": "l", "units": "N/A"}, {"name": "r", "units": "N/A"}], "values": [[11, 14, 19, 9], [16, 18, 21, 11], [16, 18, 25, 11], [21, 22, 27, 15], [24, 23, 32, 18], [28, 27, 32, 19], [29, 29, 36, 24], [32, 31, 38, 27], [32, 30, 40, 31], [34, 31, 37, 32], [36, 31, 37, 32], [37, 32, 34, 33], [36, 30, 35, 36], [36, 31, 32, 33], [36, 30, 30, 34], [35, 29, 30, 34], [32, 25, 24, 29], [29, 24, 25, 32], [31, 24, 25, 29], [30, 23, 24, 26], [32, 24, 25, 29], [32, 25, 26, 26], [34, 25, 27, 27], [32, 22, 24, 27], [31, 20, 25, 28], [28, 18, 18, 27], [25, 17, 18, 25], [25, 18, 14, 23], [24, 18, 10, 21], [18, 14, 4, 15], [13, 10, 4, 13], [14, 11, 6, 13], [10, 7, 5, 9], [10, 6, 4, 7], [10, 10, 2, 8], [10, 6, 8, 10], [5, 5, 4, 6], [11, 9, 4, 8], [5, 3, 5, 4], [3, 3, 4, 4], [6, 6, 4, 5], [4, 4, 5, 7], [4, 4, 6, 8], [6, 6, 4, 5], [4, 4, 4, 4], [4, 3, 6, 5], [4, 4, 6, 5], [6, 4, 4, 6]]}}