{"protected": {"ver": "v1", "alg": "HS256", "iat": 1607986319.7365453}, "signature": "47f05fe7806137c1aee7937980c4840e1d00af615595ddf328f07676b14011c2", "payload": {"device_name": "2A:68:65:37:E0:6A:9D:38", "device_type": "MANUAL-CAPTURE", "interval_ms": 3.389830508474576, "sensors": [{"name": "u", "units": "N/A"}, {"name": "d", "units": "N/A"}, {"name": "l", "units": "N/A"}, {"name": "r", "units": "N/A"}], "values": [[8, 18, 16, 23], [18, 37, 30, 36], [30, 52, 46, 53], [47, 67, 62, 66], [67, 76, 75, 74], [80, 75, 84, 74], [81, 72, 78, 69], [80, 66, 69, 66], [79, 62, 67, 65], [67, 57, 60, 60], [68, 48, 53, 53], [60, 35, 39, 39], [46, 22, 28, 27], [31, 10, 19, 18], [19, 4, 8, 11], [9, 4, 2, 7], [5, 4, 3, 4], [5, 3, 4, 4], [7, 4, 3, 5], [5, 4, 4, 6], [6, 4, 4, 4], [4, 2, 4, 3], [4, 4, 5, 7], [4, 3, 3, 2], [4, 4, 4, 5], [5, 4, 4, 4], [4, 1, 3, 4], [4, 2, 4, 6], [6, 4, 4, 7], [5, 3, 4, 4], [5, 1, 4, 4], [4, 4, 4, 7]]}}