{"protected": {"ver": "v1", "alg": "HS256", "iat": 1607986319.9005554}, "signature": "c11df9ee92f9ed3aa29819012494347d7bc5bb99fc106bec5501fd2f6d4a9a46", "payload": {"device_name": "2A:68:65:37:E0:6A:9D:38", "device_type": "MANUAL-CAPTURE", "interval_ms": 3.389830508474576, "sensors": [{"name": "u", "units": "N/A"}, {"name": "d", "units": "N/A"}, {"name": "l", "units": "N/A"}, {"name": "r", "units": "N/A"}], "values": [[9, 31, 34, 51], [49, 102, 113, 130], [151, 189, 203, 201], [234, 228, 255, 226], [255, 233, 255, 216], [255, 225, 255, 227], [255, 241, 255, 227], [255, 167, 159, 173], [169, 68, 47, 98], [75, 23, 12, 34], [18, 4, 4, 8], [6, 2, 4, 6], [7, 4, 3, 4], [4, 3, 2, 5], [7, 3, 4, 5], [4, 4, 4, 4], [4, 4, 4, 6], [6, 4, 2, 3], [6, 5, 1, 4], [6, 4, 2, 3], [6, 3, 3, 3], [4, 4, 4, 5], [5, 2, 4, 6], [3, 3, 3, 5], [6, 3, 2, 3], [3, 0, 5, 7], [3, 2, 5, 6], [6, 5, 3, 5], [5, 4, 3, 4], [4, 4, 4, 4], [5, 5, 5, 8], [4, 4, 2, 2]]}}