{"protected": {"ver": "v1", "alg": "HS256", "iat": 1607986319.6805596}, "signature": "67111ec24e96224fff48f3c5e7e4d8a81ea31cf9b6d14e0f2c4b9c8ce5cfa942", "payload": {"device_name": "2A:68:65:37:E0:6A:9D:38", "device_type": "MANUAL-CAPTURE", "interval_ms": 3.389830508474576, "sensors": [{"name": "u", "units": "N/A"}, {"name": "d", "units": "N/A"}, {"name": "l", "units": "N/A"}, {"name": "r", "units": "N/A"}], "values": [[4, 15, 15, 23], [16, 40, 37, 46], [42, 67, 61, 68], [66, 86, 88, 89], [95, 97, 100, 94], [109, 99, 102, 94], [102, 90, 96, 87], [104, 81, 86, 85], [94, 73, 72, 78], [88, 55, 54, 69], [68, 36, 36, 49], [46, 18, 19, 31], [25, 5, 7, 14], [12, 6, 4, 7], [7, 7, 4, 5], [5, 3, 4, 6], [6, 5, 4, 4], [5, 2, 3, 4], [5, 3, 3, 4], [4, 2, 4, 4], [5, 2, 3, 6], [4, 4, 6, 7], [4, 3, 3, 5], [6, 3, 4, 6], [6, 4, 5, 5], [4, 4, 4, 5], [6, 4, 1, 0], [7, 4, 4, 4], [3, 3, 4, 6], [7, 4, 4, 5], [4, 4, 3, 4], [3, 3, 5, 5]]}}