{"protected": {"ver": "v1", "alg": "HS256", "iat": 1607986319.8365717}, "signature": "98eabb3ab91dc3095f601124907d6ba2d5ed7827d88e5b1bf785a0cc787e4833", "payload": {"device_name": "2A:68:65:37:E0:6A:9D:38", "device_type": "MANUAL-CAPTURE", "interval_ms": 3.389830508474576, "sensors": [{"name": "u", "units": "N/A"}, {"name": "d", "units": "N/A"}, {"name": "l", "units": "N/A"}, {"name": "r", "units": "N/A"}], "values": [[6, 18, 20, 28], [21, 50, 47, 62], [62, 89, 87, 101], [106, 127, 133, 133], [146, 138, 155, 140], [163, 152, 174, 153], [184, 155, 172, 160], [184, 125, 122, 128], [135, 65, 60, 90], [80, 34, 18, 58], [46, 18, 7, 26], [18, 4, 3, 5], [4, 4, 4, 5], [5, 3, 4, 5], [4, 3, 4, 4], [4, 4, 3, 4], [5, 4, 4, 5], [4, 2, 4, 5], [4, 2, 3, 4], [5, 4, 1, 4], [5, 4, 4, 5], [4, 3, 2, 3], [4, 5, 4, 3], [6, 3, 4, 7], [4, 1, 4, 5], [5, 4, 6, 6], [4, 3, 4, 5], [4, 2, 2, 5], [6, 2, 4, 7], [6, 7, 4, 4], [4, 2, 4, 6], [5, 3, 4, 6]]}}