{"protected": {"ver": "v1", "alg": "HS256", "iat": 1607986319.8165767}, "signature": "f50e699be2546573cf68523ab6f438bb8f78fcbe878cab90e5b18683bb715605", "payload": {"device_name": "2A:68:65:37:E0:6A:9D:38", "device_type": "MANUAL-CAPTURE", "interval_ms": 3.389830508474576, "sensors": [{"name": "u", "units": "N/A"}, {"name": "d", "units": "N/A"}, {"name": "l", "units": "N/A"}, {"name": "r", "units": "N/A"}], "values": [[10, 23, 18, 29], [18, 50, 46, 53], [53, 85, 86, 87], [91, 116, 115, 108], [123, 125, 136, 118], [137, 118, 130, 113], [130, 112, 126, 110], [128, 112, 124, 104], [130, 98, 115, 101], [119, 96, 114, 102], [118, 98, 115, 104], [126, 94, 110, 98], [122, 77, 86, 74], [94, 39, 50, 44], [51, 11, 19, 20], [18, 4, 6, 10], [6, 3, 4, 7], [6, 3, 4, 6], [5, 4, 1, 4], [4, 4, 4, 6], [4, 3, 4, 4], [4, 3, 4, 3], [9, 6, 5, 5], [6, 4, 3, 5], [7, 4, 3, 5], [5, 4, 1, 4], [5, 4, 4, 7], [5, 4, 3, 7], [3, 4, 3, 5], [4, 5, 3, 5], [4, 2, 5, 7], [4, 2, 3, 2]]}}