{"protected": {"ver": "v1", "alg": "HS256", "iat": 1607986319.648584}, "signature": "64024f04df798786f10a66ada32b38221dc662cb5cdbc1910172da16b7f9fe49", "payload": {"device_name": "2A:68:65:37:E0:6A:9D:38", "device_type": "MANUAL-CAPTURE", "interval_ms": 3.389830508474576, "sensors": [{"name": "u", "units": "N/A"}, {"name": "d", "units": "N/A"}, {"name": "l", "units": "N/A"}, {"name": "r", "units": "N/A"}], "values": [[11, 38, 44, 59], [58, 112, 123, 129], [153, 189, 207, 192], [228, 211, 246, 207], [246, 195, 229, 190], [225, 184, 217, 185], [221, 182, 221, 185], [227, 173, 198, 172], [213, 151, 184, 180], [221, 186, 221, 253], [255, 209, 198, 225], [217, 62, 64, 80], [52, 7, 4, 12], [6, 3, 3, 5], [4, 4, 3, 4], [4, 1, 3, 6], [4, 4, 5, 5], [4, 2, 3, 5], [4, 1, 3, 4], [5, 2, 6, 9], [5, 4, 4, 4], [4, 4, 4, 4], [5, 3, 4, 5], [6, 6, 4, 5], [5, 5, 7, 8], [4, 2, 2, 3], [6, 4, 3, 3], [6, 4, 3, 5], [5, 4, 5, 4], [6, 4, 4, 6], [6, 4, 7, 4], [4, 3, 3, 4]]}}