{"protected": {"ver": "v1", "alg": "HS256", "iat": 1607986319.8925562}, "signature": "dee32628c758e0e6445a636a6ee2641a1b8298bb3556fc01ab71d602d3a57e39", "payload": {"device_name": "2A:68:65:37:E0:6A:9D:38", "device_type": "MANUAL-CAPTURE", "interval_ms": 3.389830508474576, "sensors": [{"name": "u", "units": "N/A"}, {"name": "d", "units": "N/A"}, {"name": "l", "units": "N/A"}, {"name": "r", "units": "N/A"}], "values": [[6, 21, 16, 23], [15, 45, 42, 48], [37, 72, 71, 72], [73, 102, 100, 96], [104, 124, 130, 115], [128, 129, 143, 120], [142, 121, 143, 115], [139, 118, 142, 112], [136, 122, 141, 113], [140, 118, 138, 114], [143, 110, 127, 110], [133, 105, 124, 118], [135, 106, 122, 126], [144, 103, 112, 125], [141, 87, 88, 101], [108, 41, 53, 61], [62, 13, 17, 24], [19, 4, 4, 9], [8, 3, 2, 4], [5, 3, 2, 4], [7, 4, 4, 5], [5, 4, 4, 5], [4, 4, 4, 5], [7, 4, 4, 5], [7, 5, 5, 8], [6, 4, 5, 5], [5, 2, 4, 5], [5, 4, 5, 5], [5, 2, 4, 5], [6, 5, 2, 4], [7, 3, 3, 4], [4, 4, 4, 4]]}}