{"protected": {"ver": "v1", "alg": "HS256", "iat": 1607986319.704554}, "signature": "88d86633e4f8ae7346100a6b024d97710dbca71a537b24687820b64c49351224", "payload": {"device_name": "2A:68:65:37:E0:6A:9D:38", "device_type": "MANUAL-CAPTURE", "interval_ms": 3.389830508474576, "sensors": [{"name": "u", "units": "N/A"}, {"name": "d", "units": "N/A"}, {"name": "l", "units": "N/A"}, {"name": "r", "units": "N/A"}], "values": [[15, 37, 32, 45], [39, 66, 64, 73], [75, 99, 98, 99], [106, 110, 122, 107], [125, 110, 123, 105], [120, 108, 122, 101], [120, 93, 104, 93], [109, 82, 83, 87], [95, 58, 58, 69], [73, 35, 32, 46], [45, 15, 16, 24], [19, 4, 5, 9], [8, 3, 4, 4], [5, 4, 4, 6], [8, 5, 7, 6], [5, 4, 3, 5], [6, 5, 4, 4], [5, 4, 2, 3], [5, 4, 4, 4], [5, 3, 4, 5], [4, 4, 4, 4], [5, 4, 4, 6], [5, 3, 4, 5], [5, 4, 5, 7], [4, 3, 2, 5], [4, 3, 4, 5], [4, 4, 3, 5], [4, 2, 3, 5], [3, 4, 4, 5], [3, 3, 2, 4], [4, 3, 4, 4], [5, 2, 2, 4]]}}