{"protected": {"ver": "v1", "alg": "HS256", "iat": 1607986319.4766107}, "signature": "4b44f1681eca3ef813ab45f89c7c03c254a8b27a915f8fb1f922ce1fe881e1cb", "payload": {"device_name": "2A:68:65:37:E0:6A:9D:38", "device_type": "MANUAL-CAPTURE", "interval_ms": 3.389830508474576, "sensors": [{"name": "u", "units": "N/A"}, {"name": "d", "units": "N/A"}, {"name": "l", "units": "N/A"}, {"name": "r", "units": "N/A"}], "values": [[6, 18, 16, 25], [13, 39, 32, 42], [36, 59, 54, 67], [59, 82, 78, 90], [85, 98, 98, 100], [105, 101, 107, 103], [113, 100, 107, 99], [113, 97, 106, 99], [111, 85, 94, 91], [105, 73, 79, 83], [88, 62, 67, 79], [82, 54, 53, 70], [72, 45, 44, 63], [59, 36, 32, 51], [51, 24, 23, 36], [39, 11, 13, 23], [24, 6, 5, 10], [9, 1, 3, 5], [6, 5, 4, 4], [5, 4, 3, 6], [5, 3, 4, 4], [4, 4, 5, 4], [3, 2, 4, 5], [5, 3, 4, 6], [5, 2, 4, 4], [5, 4, 5, 5], [6, 4, 0, 4], [6, 3, 4, 3], [5, 4, 5, 4], [5, 3, 2, 4], [5, 3, 5, 6], [5, 3, 4, 3]]}}