{"protected": {"ver": "v1", "alg": "HS256", "iat": 1607986319.9125519}, "signature": "deb9fa774b9231557844be7f31624484d25df05d92e46342c06c83f14d160aae", "payload": {"device_name": "2A:68:65:37:E0:6A:9D:38", "device_type": "MANUAL-CAPTURE", "interval_ms": 3.389830508474576, "sensors": [{"name": "u", "units": "N/A"}, {"name": "d", "units": "N/A"}, {"name": "l", "units": "N/A"}, {"name": "r", "units": "N/A"}], "values": [[8, 28, 25, 35], [26, 64, 65, 72], [68, 108, 109, 109], [119, 143, 147, 133], [154, 155, 169, 144], [170, 148, 166, 138], [164, 143, 161, 136], [163, 148, 171, 142], [174, 144, 167, 145], [173, 150, 168, 156], [185, 152, 166, 162], [189, 131, 134, 140], [152, 79, 86, 93], [99, 28, 33, 42], [36, 5, 8, 13], [11, 3, 4, 4], [7, 4, 3, 4], [5, 4, 4, 6], [4, 4, 4, 5], [4, 3, 4, 6], [7, 5, 4, 6], [5, 4, 4, 4], [5, 4, 3, 5], [5, 4, 4, 4], [3, 2, 6, 10], [6, 4, 2, 2], [5, 2, 5, 6], [4, 1, 7, 8], [4, 3, 5, 5], [6, 4, 4, 5], [5, 4, 4, 6], [3, 4, 0, 3]]}}