{"protected": {"ver": "v1", "alg": "HS256", "iat": 1607986319.5805807}, "signature": "bd5dfd3d5947b243f9fa07b8c5726bd5c1a8670a0fe02d27e7d9dcac4c9ae200", "payload": {"device_name": "2A:68:65:37:E0:6A:9D:38", "device_type": "MANUAL-CAPTURE", "interval_ms": 3.389830508474576, "sensors": [{"name": "u", "units": "N/A"}, {"name": "d", "units": "N/A"}, {"name": "l", "units": "N/A"}, {"name": "r", "units": "N/A"}], "values": [[6, 18, 13, 19], [13, 28, 26, 32], [27, 42, 37, 46], [41, 53, 51, 55], [57, 59, 59, 64], [66, 59, 60, 59], [67, 52, 56, 55], [65, 46, 49, 50], [56, 39, 42, 46], [50, 34, 36, 45], [45, 27, 28, 35], [38, 22, 25, 32], [32, 17, 16, 24], [20, 6, 8, 14], [15, 3, 4, 8], [6, 3, 4, 6], [5, 4, 4, 6], [5, 4, 4, 4], [5, 3, 4, 5], [7, 6, 2, 4], [5, 3, 3, 5], [4, 4, 2, 4], [5, 2, 3, 4], [6, 4, 1, 3], [5, 4, 5, 8], [7, 4, 4, 5], [4, 4, 4, 5], [5, 4, 4, 5], [2, 2, 3, 4], [4, 4, 3, 4], [4, 4, 4, 6], [4, 3, 3, 4]]}}