{"protected": {"ver": "v1", "alg": "HS256", "iat": 1607986319.7925818}, "signature": "a692f1ab0b2067e8d23fa3d0222fb6fd1125b1310b14afdc735274425964e6be", "payload": {"device_name": "2A:68:65:37:E0:6A:9D:38", "device_type": "MANUAL-CAPTURE", "interval_ms": 3.389830508474576, "sensors": [{"name": "u", "units": "N/A"}, {"name": "d", "units": "N/A"}, {"name": "l", "units": "N/A"}, {"name": "r", "units": "N/A"}], "values": [[7, 20, 16, 24], [16, 42, 36, 46], [39, 68, 61, 67], [66, 92, 90, 91], [94, 108, 110, 103], [115, 109, 117, 101], [116, 107, 121, 101], [116, 102, 116, 96], [119, 92, 106, 88], [108, 80, 91, 84], [96, 73, 77, 85], [93, 62, 61, 78], [76, 48, 42, 61], [59, 25, 26, 38], [38, 8, 9, 17], [18, 6, 4, 7], [9, 5, 3, 3], [8, 4, 3, 5], [4, 3, 2, 4], [5, 4, 4, 4], [5, 5, 4, 5], [7, 3, 4, 6], [5, 4, 3, 4], [5, 5, 4, 4], [4, 2, 4, 6], [5, 2, 3, 2], [4, 2, 5, 5], [6, 5, 5, 5], [3, 1, 4, 5], [7, 6, 4, 7], [5, 5, 4, 4], [7, 5, 4, 6]]}}