{"protected": {"ver": "v1", "alg": "HS256", "iat": 1607986319.9325242}, "signature": "b3f6ccbe9486435bcf75c43a5cf7527c46b33a5072734374326d466816733b72", "payload": {"device_name": "2A:68:65:37:E0:6A:9D:38", "device_type": "MANUAL-CAPTURE", "interval_ms": 3.389830508474576, "sensors": [{"name": "u", "units": "N/A"}, {"name": "d", "units": "N/A"}, {"name": "l", "units": "N/A"}, {"name": "r", "units": "N/A"}], "values": [[6, 18, 18, 30], [18, 51, 48, 61], [55, 89, 81, 93], [95, 127, 124, 128], [136, 147, 157, 143], [166, 150, 171, 143], [165, 145, 171, 136], [165, 144, 171, 142], [171, 137, 154, 137], [160, 122, 130, 131], [149, 97, 95, 116], [123, 64, 60, 88], [84, 39, 32, 60], [53, 16, 11, 29], [27, 7, 5, 12], [10, 4, 4, 4], [7, 3, 4, 5], [6, 4, 3, 3], [4, 4, 3, 4], [4, 3, 6, 7], [5, 4, 4, 5], [5, 2, 4, 6], [6, 3, 4, 5], [5, 3, 4, 4], [4, 3, 4, 5], [4, 5, 3, 7], [6, 6, 1, 4], [8, 4, 3, 3], [5, 4, 5, 8], [6, 4, 3, 5], [4, 4, 3, 6], [6, 4, 3, 4]]}}