{"protected": {"ver": "v1", "alg": "HS256", "iat": 1607986319.848568}, "signature": "390f43499766058622f248d37b4221c5fc8180601e14f8b98f0de2796d53cb49", "payload": {"device_name": "2A:68:65:37:E0:6A:9D:38", "device_type": "MANUAL-CAPTURE", "interval_ms": 3.389830508474576, "sensors": [{"name": "u", "units": "N/A"}, {"name": "d", "units": "N/A"}, {"name": "l", "units": "N/A"}, {"name": "r", "units": "N/A"}], "values": [[8, 19, 20, 32], [27, 68, 72, 84], [93, 142, 150, 151], [175, 197, 217, 199], [236, 215, 250, 209], [255, 209, 249, 195], [242, 203, 249, 194], [248, 207, 253, 205], [255, 199, 219, 189], [228, 143, 168, 174], [191, 137, 146, 193], [203, 150, 133, 183], [176, 66, 64, 94], [74, 10, 12, 21], [13, 4, 5, 7], [4, 3, 2, 3], [5, 2, 4, 5], [5, 4, 3, 6], [4, 4, 4, 4], [3, 2, 2, 5], [5, 2, 2, 2], [6, 4, 4, 5], [4, 3, 4, 4], [4, 4, 5, 4], [4, 3, 4, 6], [7, 5, 4, 4], [5, 4, 5, 6], [4, 4, 2, 4], [5, 3, 2, 4], [5, 2, 2, 3], [4, 3, 4, 7], [5, 2, 5, 4]]}}