{"protected": {"ver": "v1", "alg": "HS256", "iat": 1607986319.5325952}, "signature": "b5e8dd567248961b8c203090a70934eb00c7fc25efa9b64641d41071f853f84e", "payload": {"device_name": "2A:68:65:37:E0:6A:9D:38", "device_type": "MANUAL-CAPTURE", "interval_ms": 3.389830508474576, "sensors": [{"name": "u", "units": "N/A"}, {"name": "d", "units": "N/A"}, {"name": "l", "units": "N/A"}, {"name": "r", "units": "N/A"}], "values": [[7, 18, 16, 23], [14, 37, 34, 41], [39, 60, 58, 64], [65, 82, 80, 82], [91, 92, 99, 93], [102, 95, 103, 97], [107, 95, 103, 97], [111, 86, 97, 94], [108, 91, 111, 103], [122, 113, 134, 119], [151, 114, 123, 103], [128, 58, 69, 58], [60, 10, 17, 19], [18, 5, 4, 6], [6, 4, 3, 5], [5, 5, 5, 6], [4, 4, 3, 5], [3, 1, 1, 4], [5, 5, 3, 3], [5, 3, 4, 5], [7, 5, 6, 8], [4, 2, 5, 8], [6, 4, 4, 6], [4, 2, 7, 9], [5, 5, 2, 3], [3, 2, 4, 4], [4, 4, 5, 8], [4, 4, 3, 4], [4, 4, 4, 5], [5, 3, 6, 5], [4, 2, 3, 4], [6, 5, 4, 5]]}}