{"protected": {"ver": "v1", "alg": "HS256", "iat": 1607986319.3726535}, "signature": "ce6b09c9e3863eb28ecdd3ab25c4238ff2d68ae7567028e8cac0867c6585b1d1", "payload": {"device_name": "2A:68:65:37:E0:6A:9D:38", "device_type": "MANUAL-CAPTURE", "interval_ms": 3.389830508474576, "sensors": [{"name": "u", "units": "N/A"}, {"name": "d", "units": "N/A"}, {"name": "l", "units": "N/A"}, {"name": "r", "units": "N/A"}], "values": [[5, 14, 17, 25], [14, 46, 43, 53], [44, 89, 84, 93], [96, 129, 129, 129], [144, 156, 162, 154], [171, 151, 169, 152], [173, 143, 165, 148], [163, 146, 165, 150], [171, 155, 171, 157], [185, 146, 158, 147], [175, 124, 138, 128], [145, 105, 133, 117], [134, 117, 153, 121], [153, 136, 156, 112], [160, 107, 128, 89], [121, 43, 65, 48], [59, 11, 20, 20], [16, 4, 4, 5], [6, 3, 4, 5], [4, 3, 4, 5], [6, 4, 2, 4], [4, 2, 4, 4], [5, 4, 4, 5], [6, 5, 2, 3], [3, 3, 4, 5], [4, 3, 3, 4], [4, 5, 2, 3], [4, 4, 4, 6], [5, 3, 3, 4], [4, 4, 1, 4], [4, 4, 4, 6], [5, 4, 4, 6]]}}