{"protected": {"ver": "v1", "alg": "HS256", "iat": 1607986319.6605802}, "signature": "35ad5ae0996b8989273c4ced5862af8bf0aabdb65308c2a3b93ac98e2b6ee3f6", "payload": {"device_name": "2A:68:65:37:E0:6A:9D:38", "device_type": "MANUAL-CAPTURE", "interval_ms": 3.389830508474576, "sensors": [{"name": "u", "units": "N/A"}, {"name": "d", "units": "N/A"}, {"name": "l", "units": "N/A"}, {"name": "r", "units": "N/A"}], "values": [[11, 32, 22, 35], [29, 52, 45, 58], [52, 72, 67, 78], [76, 86, 87, 89], [92, 85, 92, 87], [90, 77, 82, 77], [88, 71, 73, 71], [80, 57, 57, 64], [67, 42, 39, 48], [53, 24, 28, 36], [36, 13, 14, 22], [24, 10, 7, 11], [11, 4, 4, 7], [4, 4, 5, 5], [4, 2, 4, 7], [7, 4, 4, 4], [4, 3, 4, 5], [6, 5, 5, 4], [5, 4, 4, 4], [4, 3, 4, 4], [5, 0, 4, 5], [4, 4, 4, 7], [4, 3, 3, 2], [6, 4, 3, 4], [4, 3, 4, 4], [6, 6, 6, 7], [7, 6, 4, 5], [3, 3, 4, 5], [4, 3, 2, 4], [6, 7, 4, 6], [7, 4, 0, 4], [5, 4, 4, 5]]}}