{"protected": {"ver": "v1", "alg": "HS256", "iat": 1607986319.784584}, "signature": "6419d8998a8a1130a77ca4348ae3f3a6db0399ed249bb97a77bbfd9399b57cba", "payload": {"device_name": "2A:68:65:37:E0:6A:9D:38", "device_type": "MANUAL-CAPTURE", "interval_ms": 3.389830508474576, "sensors": [{"name": "u", "units": "N/A"}, {"name": "d", "units": "N/A"}, {"name": "l", "units": "N/A"}, {"name": "r", "units": "N/A"}], "values": [[5, 18, 14, 21], [16, 42, 34, 46], [37, 72, 67, 77], [70, 102, 99, 101], [105, 124, 122, 117], [133, 132, 145, 128], [150, 126, 144, 121], [143, 122, 141, 115], [137, 121, 145, 115], [143, 115, 135, 107], [139, 101, 117, 100], [122, 90, 103, 99], [117, 87, 93, 107], [118, 82, 82, 104], [108, 69, 63, 86], [85, 32, 38, 52], [48, 11, 12, 21], [17, 3, 7, 9], [6, 3, 5, 7], [5, 2, 4, 4], [4, 3, 3, 2], [5, 4, 4, 5], [7, 5, 4, 5], [7, 8, 0, 3], [6, 4, 2, 3], [6, 5, 4, 5], [4, 1, 2, 4], [5, 4, 4, 4], [4, 4, 2, 4], [6, 4, 1, 4], [5, 4, 2, 5], [4, 2, 4, 6]]}}