{"protected": {"ver": "v1", "alg": "HS256", "iat": 1607986319.6365707}, "signature": "aecc6016b313f951ae146bce8c9625c4461629ef891c231c60630cb4ef292df9", "payload": {"device_name": "2A:68:65:37:E0:6A:9D:38", "device_type": "MANUAL-CAPTURE", "interval_ms": 3.389830508474576, "sensors": [{"name": "u", "units": "N/A"}, {"name": "d", "units": "N/A"}, {"name": "l", "units": "N/A"}, {"name": "r", "units": "N/A"}], "values": [[7, 21, 17, 25], [20, 41, 39, 45], [39, 59, 54, 59], [59, 74, 71, 70], [75, 77, 81, 73], [82, 74, 80, 69], [78, 65, 71, 61], [75, 58, 62, 58], [64, 47, 52, 50], [59, 44, 44, 47], [55, 34, 33, 39], [39, 22, 28, 31], [34, 17, 17, 22], [24, 8, 11, 12], [17, 3, 5, 9], [10, 5, 5, 8], [4, 3, 3, 3], [4, 3, 5, 4], [5, 5, 4, 5], [3, 2, 4, 3], [2, 2, 4, 6], [5, 4, 3, 5], [4, 3, 4, 5], [5, 3, 3, 5], [4, 3, 4, 4], [4, 4, 5, 6], [5, 5, 4, 6], [4, 1, 2, 5], [5, 2, 2, 4], [6, 3, 2, 4], [6, 4, 3, 5], [3, 0, 3, 4]]}}