{"protected": {"ver": "v1", "alg": "HS256", "iat": 1607986319.416626}, "signature": "0876e8371b8fc97f1ad6fa501cf1e94016b01c5670e02eb605091c778a0b0724", "payload": {"device_name": "2A:68:65:37:E0:6A:9D:38", "device_type": "MANUAL-CAPTURE", "interval_ms": 3.389830508474576, "sensors": [{"name": "u", "units": "N/A"}, {"name": "d", "units": "N/A"}, {"name": "l", "units": "N/A"}, {"name": "r", "units": "N/A"}], "values": [[9, 34, 42, 56], [63, 126, 149, 160], [202, 228, 255, 246], [255, 246, 255, 248], [255, 235, 255, 228], [255, 228, 255, 227], [255, 233, 255, 234], [255, 195, 212, 184], [201, 86, 94, 124], [116, 91, 69, 137], [129, 73, 50, 102], [77, 13, 11, 26], [15, 4, 2, 6], [7, 5, 2, 3], [4, 0, 4, 5], [7, 5, 3, 5], [6, 4, 4, 7], [5, 5, 4, 5], [6, 3, 1, 4], [6, 3, 4, 5], [6, 4, 3, 4], [4, 4, 2, 4], [5, 2, 4, 4], [6, 5, 4, 4], [5, 4, 3, 5], [6, 3, 5, 5], [3, 4, 5, 5], [5, 4, 5, 8], [4, 2, 4, 4], [7, 4, 3, 4], [5, 4, 5, 5], [4, 4, 4, 4]]}}