{"protected": {"ver": "v1", "alg": "HS256", "iat": 1607986319.4246197}, "signature": "472614d3cde375a81f30677e3c796a0e60c3c5446ec1a590a48f7e1d479a1027", "payload": {"device_name": "2A:68:65:37:E0:6A:9D:38", "device_type": "MANUAL-CAPTURE", "interval_ms": 3.389830508474576, "sensors": [{"name": "u", "units": "N/A"}, {"name": "d", "units": "N/A"}, {"name": "l", "units": "N/A"}, {"name": "r", "units": "N/A"}], "values": [[11, 22, 17, 26], [19, 36, 30, 38], [32, 48, 42, 50], [46, 57, 55, 59], [60, 66, 67, 66], [70, 68, 71, 67], [74, 67, 69, 65], [76, 56, 60, 60], [68, 49, 53, 60], [62, 40, 40, 51], [56, 31, 29, 41], [43, 23, 18, 31], [32, 12, 12, 19], [18, 4, 6, 9], [8, 3, 5, 6], [5, 4, 6, 8], [3, 1, 6, 8], [5, 7, 4, 5], [4, 1, 4, 4], [4, 4, 3, 4], [4, 1, 2, 5], [4, 4, 5, 5], [5, 4, 4, 5], [3, 2, 3, 6], [5, 3, 5, 5], [4, 3, 4, 6], [5, 4, 4, 3], [6, 4, 4, 5], [4, 3, 2, 4], [6, 4, 6, 7], [7, 4, 4, 6], [4, 4, 4, 4]]}}