{"protected": {"ver": "v1", "alg": "HS256", "iat": 1607986319.8685408}, "signature": "e46eedc260619364562c63448b504e6ddcf37af6dd415d4359b120efaeaaa446", "payload": {"device_name": "2A:68:65:37:E0:6A:9D:38", "device_type": "MANUAL-CAPTURE", "interval_ms": 3.389830508474576, "sensors": [{"name": "u", "units": "N/A"}, {"name": "d", "units": "N/A"}, {"name": "l", "units": "N/A"}, {"name": "r", "units": "N/A"}], "values": [[8, 37, 40, 54], [53, 113, 130, 138], [169, 217, 240, 229], [255, 255, 255, 255], [255, 255, 255, 255], [255, 250, 255, 251], [255, 228, 255, 246], [255, 242, 255, 250], [255, 235, 255, 239], [255, 222, 255, 255], [255, 255, 255, 255], [255, 212, 232, 206], [186, 32, 43, 46], [24, 3, 5, 7], [4, 1, 3, 3], [6, 3, 5, 5], [5, 4, 2, 3], [3, 1, 4, 4], [3, 1, 4, 4], [5, 3, 4, 6], [4, 4, 2, 5], [4, 4, 4, 4], [7, 4, 3, 5], [5, 4, 5, 4], [4, 4, 4, 4], [2, 1, 4, 5], [3, 1, 4, 5], [5, 3, 3, 4], [4, 2, 3, 4], [4, 4, 2, 4], [5, 4, 3, 5], [5, 4, 5, 4]]}}