{"protected": {"ver": "v1", "alg": "HS256", "iat": 1607986319.5405946}, "signature": "ee72653d93ff20e166827bbedcdadfa2fb4a08d92c69ea997dcd253028ae836d", "payload": {"device_name": "2A:68:65:37:E0:6A:9D:38", "device_type": "MANUAL-CAPTURE", "interval_ms": 3.389830508474576, "sensors": [{"name": "u", "units": "N/A"}, {"name": "d", "units": "N/A"}, {"name": "l", "units": "N/A"}, {"name": "r", "units": "N/A"}], "values": [[12, 24, 17, 25], [20, 31, 25, 32], [30, 38, 35, 41], [37, 39, 39, 41], [47, 40, 39, 41], [46, 34, 33, 37], [39, 25, 25, 30], [32, 19, 20, 25], [28, 15, 17, 23], [25, 12, 12, 18], [17, 6, 10, 14], [12, 5, 5, 9], [9, 4, 2, 5], [6, 4, 2, 4], [4, 3, 4, 5], [4, 3, 1, 2], [5, 4, 4, 4], [5, 3, 5, 8], [5, 4, 2, 4], [5, 4, 4, 6], [6, 5, 3, 5], [4, 4, 3, 4], [5, 4, 4, 5], [5, 6, 4, 6], [3, 3, 4, 6], [4, 4, 4, 4], [5, 4, 5, 5], [6, 4, 3, 4], [5, 2, 4, 4], [6, 2, 3, 5], [4, 3, 2, 4], [6, 4, 3, 4]]}}