{"protected": {"ver": "v1", "alg": "HS256", "iat": 1607986319.5206003}, "signature": "3a79d0065fcde1476b86bc4e686495b9d0d1f89a4abe3a269f8cfcc178b59722", "payload": {"device_name": "2A:68:65:37:E0:6A:9D:38", "device_type": "MANUAL-CAPTURE", "interval_ms": 3.389830508474576, "sensors": [{"name": "u", "units": "N/A"}, {"name": "d", "units": "N/A"}, {"name": "l", "units": "N/A"}, {"name": "r", "units": "N/A"}], "values": [[10, 27, 23, 30], [25, 48, 45, 52], [51, 71, 67, 70], [75, 85, 83, 84], [95, 87, 90, 86], [92, 80, 84, 81], [88, 71, 75, 72], [83, 61, 69, 70], [73, 61, 64, 64], [71, 50, 55, 58], [65, 39, 44, 46], [52, 30, 31, 32], [36, 11, 18, 19], [20, 6, 8, 10], [8, 2, 2, 4], [4, 4, 5, 5], [4, 4, 4, 4], [6, 4, 1, 4], [5, 4, 5, 6], [5, 3, 5, 4], [4, 3, 3, 6], [7, 4, 4, 6], [4, 4, 4, 4], [4, 3, 4, 4], [6, 4, 4, 5], [4, 5, 4, 7], [7, 4, 4, 4], [4, 4, 2, 4], [3, 3, 6, 5], [4, 5, 3, 4], [4, 5, 4, 5], [7, 4, 4, 5]]}}