{"protected": {"ver": "v1", "alg": "HS256", "iat": 1607986319.4046285}, "signature": "62f50bac9860f1a87ee9646aa099d9e06097f1aeaad3c36553a9cbdf1848877b", "payload": {"device_name": "2A:68:65:37:E0:6A:9D:38", "device_type": "MANUAL-CAPTURE", "interval_ms": 3.389830508474576, "sensors": [{"name": "u", "units": "N/A"}, {"name": "d", "units": "N/A"}, {"name": "l", "units": "N/A"}, {"name": "r", "units": "N/A"}], "values": [[10, 24, 20, 28], [23, 41, 34, 41], [38, 54, 50, 56], [53, 66, 66, 71], [71, 73, 75, 74], [80, 73, 79, 75], [84, 68, 75, 72], [84, 61, 67, 67], [77, 56, 58, 64], [69, 45, 48, 60], [64, 37, 35, 52], [48, 19, 21, 33], [30, 9, 8, 12], [11, 4, 4, 9], [5, 2, 2, 5], [6, 4, 3, 5], [3, 3, 2, 3], [4, 3, 7, 6], [7, 5, 3, 4], [7, 5, 5, 6], [7, 6, 3, 4], [6, 4, 4, 6], [4, 0, 4, 5], [5, 2, 4, 5], [4, 4, 4, 5], [4, 0, 3, 4], [5, 3, 2, 4], [4, 2, 5, 8], [5, 4, 4, 4], [5, 3, 4, 5], [4, 5, 3, 5], [4, 4, 4, 5]]}}